run_id,configuration_id,dataset_index,true_label,repetition,execution_order,encrypt_seconds,act3_seconds,fc2_seconds,decrypt_seconds,online_total_seconds,timing_residual_seconds,timing_residual_ratio
0,least_squares_d5_I1,589,4,7,0,0.013138499998603947,0.08035210000525694,0.14436900000146125,0.00797249999595806,0.2458321000012802,0.0,0.0
1,least_squares_d3_I1,411,7,2,1,0.010360300002503209,0.03875960000732448,0.13330089999362826,0.008054099991568364,0.19047489999502432,0.0,0.0
2,chebyshev_d3_I1,589,4,17,2,0.009572900002240203,0.03936520000570454,0.13262760000361595,0.00760650000302121,0.1891722000145819,0.0,0.0
3,chebyshev_d5_I1,586,0,10,3,0.01301959999545943,0.08136170000943821,0.14153210000949912,0.008022199996048585,0.24393560001044534,0.0,0.0
4,least_squares_d5_I1,481,9,7,4,0.012490199995227158,0.08033840000280179,0.14177309999649879,0.00796369998715818,0.24256539998168591,0.0,0.0
5,least_squares_d3_I1,481,9,23,5,0.009449399993172847,0.03871999999682885,0.1316987999889534,0.007863099992391653,0.18773129997134674,0.0,0.0
6,least_squares_d5_I1,949,1,8,6,0.012548400001833215,0.08148749999236315,0.14222179999342188,0.007737199994153343,0.2439948999817716,0.0,0.0
7,chebyshev_d3_I1,411,7,13,7,0.010067800001706928,0.04192380000313278,0.13245869999809656,0.008031500008655712,0.19248180001159199,0.0,0.0
8,least_squares_d5_I2,411,7,25,8,0.013126800011377782,0.08078390000446234,0.14341229999263305,0.00796499999705702,0.2452880000055302,0.0,0.0
9,least_squares_d5_I1,633,2,25,9,0.012690899995504878,0.08166890000575222,0.14232549999724142,0.007885400002123788,0.2445707000006223,0.0,0.0
10,least_squares_d5_I2,120,5,7,10,0.012934699989273213,0.08127870000316761,0.14397380000445992,0.007972999999765307,0.24616019999666605,0.0,0.0
11,least_squares_d3_I1,112,3,23,11,0.009434899999178015,0.03978089999873191,0.13254690000030678,0.007809900009306148,0.18957260000752285,0.0,0.0
12,chebyshev_d3_I1,411,7,12,12,0.009746899988385849,0.03911480000533629,0.13258289999794215,0.007914999994682148,0.18935959998634644,0.0,0.0
13,chebyshev_d5_I2,586,0,9,13,0.012434799995389767,0.08152369999152143,0.14026339999691118,0.007662400006665848,0.24188429999048822,0.0,0.0
14,chebyshev_d5_I1,589,4,18,14,0.012648800009628758,0.0851593999977922,0.1525502000004053,0.008308499993290752,0.25866690000111703,0.0,0.0
15,least_squares_d5_I1,481,9,8,15,0.01251359999878332,0.08200969999597874,0.14146729999629315,0.007615599999553524,0.24360619999060873,0.0,0.0
16,least_squares_d5_I2,481,9,6,16,0.01281129999551922,0.08184620000247378,0.14772810001159087,0.007618799994816072,0.25000440000439994,0.0,0.0
17,least_squares_d3_I1,603,8,28,17,0.0094771000003675,0.03922510000120383,0.13339030000497587,0.007771600008709356,0.18986410001525655,0.0,0.0
18,chebyshev_d5_I2,949,1,21,18,0.012427999987266958,0.08033440000144765,0.1459537999908207,0.007929700004751794,0.2466458999842871,0.0,0.0
19,least_squares_d5_I2,259,6,9,19,0.013808700008667074,0.08914580001146533,0.14777119999052957,0.008232599997427315,0.2589583000080893,0.0,0.0
20,chebyshev_d5_I1,120,5,2,20,0.012847099991631694,0.0820843999972567,0.14298549998784438,0.007974899999680929,0.2458918999764137,0.0,0.0
21,chebyshev_d5_I1,589,4,5,21,0.01264630000514444,0.08125490001111757,0.14074069999333005,0.007685299991862848,0.2423272000014549,0.0,0.0
22,least_squares_d5_I1,481,9,24,22,0.01273070000752341,0.07999509999353904,0.14160119999723975,0.007974099993589334,0.24230109999189153,0.0,0.0
23,chebyshev_d3_I1,603,8,23,23,0.009394400010933168,0.03967339999508113,0.13164570000662934,0.007782300002872944,0.18849580001551658,0.0,0.0
24,least_squares_d5_I1,603,8,15,24,0.012687299997196533,0.08155139999871608,0.15167819999624044,0.0078436000039801,0.25376049999613315,0.0,0.0
25,chebyshev_d5_I1,259,6,14,25,0.012769299995852634,0.08134440000867471,0.14290219999384135,0.007837099998141639,0.24485299999651033,0.0,0.0
26,chebyshev_d3_I1,603,8,9,26,0.009705700009362772,0.03941770001256373,0.1318360000004759,0.007754599995678291,0.1887140000180807,0.0,0.0
27,least_squares_d5_I1,481,9,18,27,0.012720500002615154,0.08180770000035409,0.14386039999953937,0.007835800002794713,0.24622440000530332,0.0,0.0
28,chebyshev_d5_I1,112,3,22,28,0.013359000004129484,0.08244399999966845,0.14324350000242703,0.007847300003049895,0.24689380000927486,0.0,0.0
29,chebyshev_d3_I1,603,8,25,29,0.009669999999459833,0.04042489999847021,0.13240420000511222,0.007588899999973364,0.19008800000301562,0.0,0.0
30,chebyshev_d5_I2,633,2,17,30,0.012572499996167608,0.08067260000098031,0.14272459999483544,0.00770800000464078,0.24367769999662414,0.0,0.0
31,least_squares_d5_I1,589,4,17,31,0.01263660000404343,0.08300440000311937,0.14275510000879876,0.008432799993897788,0.24682890000985935,0.0,0.0
32,least_squares_d5_I2,589,4,8,32,0.012834900000598282,0.08217880000302102,0.14365580001322087,0.008178999996744096,0.24684850001358427,0.0,0.0
33,chebyshev_d3_I1,411,7,18,33,0.009425999989616685,0.03915229999984149,0.13207900000270456,0.007864799990784377,0.1885220999829471,0.0,0.0
34,chebyshev_d5_I2,120,5,26,34,0.012699300001258962,0.08045100000163075,0.1409609999973327,0.007991600010427646,0.24210290001065005,0.0,0.0
35,chebyshev_d5_I2,633,2,0,35,0.012893100007204339,0.08415429999877233,0.1442687999951886,0.0078495999914594,0.24916579999262467,0.0,0.0
36,least_squares_d3_I1,589,4,10,36,0.009496000013314188,0.038729100007913075,0.13205649999144953,0.008496499998727813,0.1887781000114046,0.0,0.0
37,chebyshev_d5_I1,259,6,23,37,0.01273060000676196,0.08139999999548309,0.16896779999660794,0.01191370000015013,0.2750120999990031,0.0,0.0
38,chebyshev_d3_I1,586,0,21,38,0.010207200000877492,0.04823710001073778,0.17138999998860527,0.010382100008428097,0.24021640000864863,0.0,0.0
39,chebyshev_d5_I1,411,7,28,39,0.01287080001202412,0.1095463999954518,0.1445254999998724,0.007702999995672144,0.27464570000302047,0.0,0.0
40,chebyshev_d5_I1,603,8,27,40,0.012799899996025488,0.08086339999863412,0.1446641000075033,0.008170599990990013,0.24649799999315292,0.0,0.0
41,least_squares_d5_I1,259,6,2,41,0.012627199990674853,0.08059810000122525,0.13883169999462552,0.007666599994990975,0.2397235999815166,0.0,0.0
42,chebyshev_d5_I2,411,7,27,42,0.012629399992874824,0.0816468000120949,0.14146219998656306,0.007670699997106567,0.24340909998863935,0.0,0.0
43,least_squares_d5_I1,259,6,17,43,0.013011300005018711,0.080749000000651,0.1428165999968769,0.00862290000077337,0.24519980000331998,0.0,0.0
44,chebyshev_d5_I2,120,5,22,44,0.012587500008521602,0.0834346000046935,0.14373969999724068,0.008311999990837649,0.24807380000129342,0.0,0.0
45,least_squares_d5_I1,112,3,17,45,0.012482300007832237,0.08042379999824334,0.14033990001189522,0.007651199994143099,0.2408972000121139,0.0,0.0
46,least_squares_d5_I1,589,4,21,46,0.012773399997968227,0.08065309999801684,0.1407920999918133,0.007915399997727945,0.24213399998552632,0.0,0.0
47,chebyshev_d3_I1,481,9,22,47,0.009342899997136556,0.03919220001262147,0.1317395999940345,0.008020299996132962,0.1882949999999255,0.0,0.0
48,chebyshev_d5_I1,112,3,10,48,0.012643699999898672,0.08118140000442509,0.14449880000029225,0.007976199995027855,0.24630009999964386,0.0,0.0
49,least_squares_d5_I1,481,9,15,49,0.0124913000036031,0.08094549999805167,0.14161760000570212,0.0078077000071061775,0.24286210001446307,0.0,0.0
50,least_squares_d5_I2,411,7,15,50,0.012849400009145029,0.08129770000232384,0.14359009999316186,0.007814199998392724,0.24555140000302345,0.0,0.0
51,least_squares_d3_I1,481,9,21,51,0.009898799995426089,0.03991900000255555,0.13208970001142006,0.007636299997102469,0.18954380000650417,0.0,0.0
52,least_squares_d3_I1,259,6,13,52,0.009585399995557964,0.038662499995552935,0.13274259999161586,0.00801260001026094,0.1890030999929877,0.0,0.0
53,least_squares_d3_I1,633,2,4,53,0.009396299996296875,0.03941399999894202,0.13095530000282452,0.008298200002172962,0.18806380000023637,0.0,0.0
54,chebyshev_d5_I1,589,4,3,54,0.013143000003765337,0.08719819999532774,0.1427521000005072,0.007896600000094622,0.2509898999996949,0.0,0.0
55,least_squares_d3_I1,633,2,0,55,0.009775200000149198,0.039078000001609325,0.13086989999283105,0.007821599996532314,0.1875446999911219,0.0,0.0
56,chebyshev_d5_I2,411,7,29,56,0.012916899999254383,0.08131100000173319,0.1409464000025764,0.008170799992512912,0.2433450999960769,0.0,0.0
57,least_squares_d3_I1,589,4,17,57,0.009416000000783242,0.03850940000847913,0.1316817000042647,0.00779169998713769,0.18739880000066478,0.0,0.0
58,least_squares_d5_I1,481,9,17,58,0.012888900004327297,0.081008599998313,0.144149900006596,0.008318300009705126,0.24636570001894142,0.0,0.0
59,chebyshev_d3_I1,120,5,25,59,0.009588000000803731,0.03881689999252558,0.1298213999980362,0.007816500001354143,0.18604279999271967,0.0,0.0
60,chebyshev_d3_I1,603,8,13,60,0.009496099999523722,0.038664699997752905,0.1307241000031354,0.007710500009125099,0.18659540000953712,0.0,0.0
61,least_squares_d3_I1,481,9,26,61,0.010661799999070354,0.0387843999924371,0.13031300000147894,0.00905399999464862,0.18881319998763502,0.0,0.0
62,least_squares_d5_I2,411,7,13,62,0.013886500004446134,0.07950979999441188,0.14460980000148993,0.007598500000312924,0.24560460000066087,0.0,0.0
63,least_squares_d5_I2,589,4,10,63,0.01305059999867808,0.08098020000034012,0.14193389999854844,0.007813100004568696,0.24377780000213534,0.0,0.0
64,least_squares_d3_I1,603,8,5,64,0.011000400001648813,0.04351699999824632,0.14536319999024272,0.008071999996900558,0.2079525999870384,0.0,0.0
65,least_squares_d5_I1,603,8,1,65,0.013163900002837181,0.08475250001356471,0.14231709999148734,0.007786699992720969,0.2480202000006102,0.0,0.0
66,least_squares_d5_I2,603,8,26,66,0.012817700000596233,0.08204449999902863,0.14382550001027994,0.0076834999927086756,0.24637120000261348,0.0,0.0
67,least_squares_d5_I2,603,8,12,67,0.013042499995208345,0.0818151000130456,0.14172319999488536,0.007867799999075942,0.24444860000221524,0.0,0.0
68,chebyshev_d3_I1,949,1,8,68,0.009413799998583272,0.03907680000702385,0.13151300000026822,0.007602300000144169,0.1876059000060195,0.0,0.0
69,least_squares_d5_I2,586,0,12,69,0.01333889999659732,0.08040500000061002,0.14076600001135375,0.0077455999999074265,0.24225550000846852,0.0,0.0
70,least_squares_d5_I1,259,6,8,70,0.012440500009688549,0.08013619999110233,0.14139970000542235,0.007881699988502078,0.2418580999947153,0.0,0.0
71,least_squares_d5_I1,586,0,11,71,0.012979299994185567,0.08101870000245981,0.14140279999992345,0.008351199998287484,0.2437519999948563,0.0,0.0
72,chebyshev_d3_I1,120,5,13,72,0.00937700000940822,0.03916090000711847,0.1318152000021655,0.0077096000022720546,0.18806270002096426,0.0,0.0
73,chebyshev_d3_I1,481,9,17,73,0.00957120000384748,0.03876250000030268,0.130729299999075,0.007651099993381649,0.18671409999660682,0.0,0.0
74,chebyshev_d5_I2,120,5,24,74,0.01312480001070071,0.08513849999872036,0.14309319999301806,0.007651599997188896,0.24900809999962803,0.0,0.0
75,least_squares_d5_I2,633,2,0,75,0.012695500001427718,0.08115040000120644,0.14229590000468306,0.008223999990150332,0.24436579999746755,0.0,0.0
76,chebyshev_d5_I2,589,4,26,76,0.013265799992950633,0.08250809999299236,0.14404199999989942,0.00808300000790041,0.24789889999374282,0.0,0.0
77,chebyshev_d5_I1,603,8,13,77,0.012585000004037283,0.0815020000009099,0.14001000000280328,0.007648300001164898,0.24174530000891536,0.0,0.0
78,chebyshev_d5_I2,259,6,20,78,0.012570200007758103,0.08112640000763349,0.1411993999936385,0.00800139999773819,0.2428974000067683,0.0,0.0
79,chebyshev_d5_I2,259,6,27,79,0.012852599989855662,0.07995500000834,0.13951029999589082,0.007644800003618002,0.23996269999770448,0.0,0.0
80,chebyshev_d5_I1,589,4,28,80,0.013142099996912293,0.08021099999314174,0.14410550000320654,0.007821099992725067,0.24527969998598564,0.0,0.0
81,least_squares_d5_I1,586,0,16,81,0.012593099992955104,0.0802652999991551,0.1428901000035694,0.0080761999997776,0.2438246999954572,0.0,0.0
82,least_squares_d3_I1,603,8,29,82,0.009998399997130036,0.039847899999585934,0.1327307000028668,0.008292300000903197,0.19086930000048596,0.0,0.0
83,least_squares_d3_I1,586,0,13,83,0.009497399994870648,0.040925099994638,0.13376700000662822,0.007960700007970445,0.19215020000410732,0.0,0.0
84,least_squares_d5_I1,112,3,11,84,0.01258100000268314,0.08127059999969788,0.14507610000146087,0.007840400008717552,0.24676810001255944,0.0,0.0
85,chebyshev_d5_I1,481,9,11,85,0.012825199999497272,0.0818349000037415,0.1422175000043353,0.007884399994509295,0.24476200000208337,0.0,0.0
86,least_squares_d5_I2,411,7,23,86,0.012971699994523078,0.0813958999933675,0.14274710000609048,0.008035699996980838,0.2451503999909619,0.0,0.0
87,least_squares_d5_I2,112,3,14,87,0.012797300005331635,0.08143950000521727,0.141880899987882,0.007762000008369796,0.2438797000068007,0.0,0.0
88,chebyshev_d5_I2,481,9,4,88,0.012819399998988956,0.08137719999649562,0.1425976000027731,0.007792199990944937,0.24458639998920262,0.0,0.0
89,chebyshev_d5_I2,633,2,28,89,0.013120100004016422,0.08154500000819098,0.14418909999949392,0.008233800006564707,0.24708800001826603,0.0,0.0
90,least_squares_d5_I1,603,8,27,90,0.012576500012073666,0.08158579999872018,0.1427356000058353,0.00807479998911731,0.24497270000574645,0.0,0.0
91,chebyshev_d5_I1,949,1,20,91,0.012468799992348067,0.08106110000517219,0.14028620001045056,0.008352000004379079,0.2421681000123499,0.0,0.0
92,least_squares_d3_I1,112,3,17,92,0.009651500004110858,0.0387025999953039,0.1405118999973638,0.008408699999563396,0.19727469999634195,0.0,0.0
93,chebyshev_d3_I1,112,3,9,93,0.010321800000383519,0.039012799999909475,0.1330387000052724,0.00781700000516139,0.1901903000107268,0.0,0.0
94,least_squares_d5_I2,633,2,15,94,0.012969500006875023,0.083578400008264,0.14232470000570174,0.007728900003712624,0.2466015000245534,0.0,0.0
95,chebyshev_d5_I1,603,8,24,95,0.012610999998287298,0.08109739999054,0.14073039998766035,0.00789769999391865,0.2423364999704063,0.0,0.0
96,least_squares_d3_I1,586,0,8,96,0.009548500005621463,0.039198899990879,0.13181700000131968,0.007760299995425157,0.1883246999932453,0.0,0.0
97,chebyshev_d5_I1,481,9,17,97,0.012951099997735582,0.08165739999094512,0.1423586000018986,0.008263300012913533,0.24523040000349283,0.0,0.0
98,least_squares_d3_I1,633,2,24,98,0.009611600005882792,0.03937120000773575,0.13343679999525193,0.007894600013969466,0.19031420002283994,0.0,0.0
99,least_squares_d5_I1,949,1,2,99,0.012666100010392256,0.08073390000208747,0.1405461000103969,0.007805000001098961,0.2417511000239756,0.0,0.0
100,least_squares_d5_I1,949,1,21,100,0.012964399997144938,0.08018729998730123,0.14105960000597406,0.0077775999961886555,0.24198889998660889,0.0,0.0
101,chebyshev_d3_I1,112,3,16,101,0.009579699995811097,0.03851359999680426,0.13011709999409504,0.0077363999880617484,0.18594679997477215,0.0,0.0
102,chebyshev_d3_I1,603,8,14,102,0.009686699995654635,0.03903919999720529,0.13832810000167228,0.008084800007054582,0.1951388000015868,0.0,0.0
103,chebyshev_d5_I1,112,3,19,103,0.012626700001419522,0.08256019999680575,0.14075180000509135,0.008024800001294352,0.24396350000461098,0.0,0.0
104,least_squares_d5_I2,633,2,24,104,0.01272189999872353,0.08017529999779072,0.14200890000211075,0.0078267000062624,0.2427328000048874,0.0,0.0
105,least_squares_d3_I1,481,9,3,105,0.009757099993294105,0.03937759999826085,0.1305445000034524,0.007972400009748526,0.1876516000047559,0.0,0.0
106,least_squares_d5_I2,949,1,17,106,0.012520600008429028,0.08081849999143742,0.1427413999917917,0.007764200010569766,0.2438447000022279,0.0,0.0
107,least_squares_d3_I1,633,2,15,107,0.009837699995841831,0.03832390000752639,0.1312781000015093,0.007697300010477193,0.18713700001535472,0.0,0.0
108,least_squares_d3_I1,949,1,25,108,0.009868599998299032,0.039191400006529875,0.1316203000023961,0.00793030000932049,0.1886106000165455,0.0,0.0
109,chebyshev_d3_I1,586,0,1,109,0.010061299995868467,0.03904069999407511,0.15477339999051765,0.008123999999952503,0.21199939998041373,0.0,0.0
110,least_squares_d5_I2,586,0,1,110,0.012843400007113814,0.08397330000298098,0.14839180000126362,0.008230599996750243,0.25343910000810865,0.0,0.0
111,chebyshev_d5_I2,411,7,5,111,0.012613099999725819,0.08157319999008905,0.1427597000001697,0.007623800003784709,0.24456979999376927,0.0,0.0
112,chebyshev_d5_I2,603,8,21,112,0.013035799987846985,0.08512550000159536,0.14134159999957774,0.007726900003035553,0.24722979999205563,0.0,0.0
113,least_squares_d5_I1,949,1,18,113,0.012824200006434694,0.08118579999427311,0.14043349999701604,0.007895299990195781,0.24233879998791963,0.0,0.0
114,chebyshev_d5_I2,949,1,11,114,0.012559100010548718,0.08177450000948738,0.1424527999915881,0.007674799999222159,0.24446120001084637,0.0,0.0
115,chebyshev_d5_I2,112,3,18,115,0.012660699998377822,0.08053479999944102,0.14334619999863207,0.008106099994620308,0.24464779999107122,0.0,0.0
116,least_squares_d5_I2,633,2,25,116,0.012824999997974373,0.08162509999237955,0.1423139000107767,0.007964699994772673,0.2447286999959033,0.0,0.0
117,chebyshev_d3_I1,586,0,22,117,0.009320900004240684,0.03887310001300648,0.12971809999726247,0.0077261999977054074,0.18563830001221504,0.0,0.0
118,chebyshev_d5_I2,259,6,11,118,0.012481199999456294,0.08123749999504071,0.14204890000110026,0.007945600009406917,0.24371320000500418,0.0,0.0
119,least_squares_d5_I2,603,8,4,119,0.012443400002666749,0.08228919999965001,0.14103339999564923,0.007805600005667657,0.24357160000363365,0.0,0.0
120,least_squares_d5_I2,586,0,28,120,0.013026000000536442,0.08130819999496453,0.14209269999992102,0.008319800006574951,0.24474670000199694,0.0,0.0
121,chebyshev_d5_I2,112,3,4,121,0.012582900002598763,0.08164689999830443,0.14723780000349507,0.008030800003325567,0.24949840000772383,0.0,0.0
122,least_squares_d5_I1,589,4,22,122,0.01300989999435842,0.08103629999095574,0.142781799993827,0.007934499997645617,0.24476249997678678,0.0,0.0
123,chebyshev_d5_I1,120,5,10,123,0.01274839999678079,0.08153919999313075,0.14048259999253787,0.007645500008948147,0.24241569999139756,0.0,0.0
124,chebyshev_d5_I2,259,6,21,124,0.012641300010727718,0.08214900000893977,0.141165799999726,0.008304999995743856,0.24426110001513734,0.0,0.0
125,least_squares_d5_I2,589,4,24,125,0.012617599990335293,0.08063340000808239,0.1406699000071967,0.0077917999878991395,0.24171269999351352,0.0,0.0
126,least_squares_d3_I1,603,8,22,126,0.00983859998814296,0.03925560000061523,0.13264640000124928,0.008070700001553632,0.1898112999915611,0.0,0.0
127,least_squares_d3_I1,603,8,11,127,0.00951639999402687,0.03933439998945687,0.13109520000580233,0.008353800003533252,0.18829979999281932,0.0,0.0
128,least_squares_d3_I1,633,2,18,128,0.009512100004940294,0.039109899997129105,0.1313257000001613,0.0077735999948345125,0.18772129999706522,0.0,0.0
129,chebyshev_d5_I1,586,0,28,129,0.012769799999659881,0.08177309999882709,0.1402719000034267,0.008060799998929724,0.2428756000008434,0.0,0.0
130,least_squares_d3_I1,112,3,20,130,0.009447300006286241,0.03887239999312442,0.13151859999925364,0.007684800002607517,0.18752310000127181,0.0,0.0
131,least_squares_d3_I1,586,0,5,131,0.009706199998618104,0.03923680000298191,0.13881440000841394,0.007901100005256012,0.19565850001526996,0.0,0.0
132,chebyshev_d5_I2,603,8,22,132,0.012589599995408207,0.08019240001158323,0.1429723000037484,0.007603500009281561,0.2433578000200214,0.0,0.0
133,least_squares_d5_I1,112,3,12,133,0.012920200009830296,0.08180369999899995,0.14287060000060592,0.007932399996207096,0.24552690000564326,0.0,0.0
134,least_squares_d5_I1,589,4,1,134,0.012719400008791126,0.08149480000429321,0.14258450000488665,0.007722399997874163,0.24452110001584515,0.0,0.0
135,least_squares_d3_I1,949,1,4,135,0.009501099993940443,0.03989759999967646,0.13061870000092313,0.007872799993492663,0.1878901999880327,0.0,0.0
136,chebyshev_d5_I2,112,3,3,136,0.012468899993109517,0.08135989999573212,0.14155859999300446,0.007847200002288446,0.24323459998413455,0.0,0.0
137,least_squares_d3_I1,120,5,20,137,0.009395600005518645,0.03903060000448022,0.13047370000276715,0.008158800003002398,0.1870587000157684,0.0,0.0
138,chebyshev_d5_I1,112,3,14,138,0.012817599999834783,0.08044499999959953,0.14107710000826046,0.00810510000155773,0.2424448000092525,0.0,0.0
139,chebyshev_d5_I2,949,1,5,139,0.012997600002563559,0.08108570000331383,0.13959710000199266,0.007918199989944696,0.24159859999781474,0.0,0.0
140,chebyshev_d5_I2,633,2,7,140,0.012635999999474734,0.08016250000218861,0.14395129999320488,0.009366000012960285,0.2461158000078285,0.0,0.0
141,chebyshev_d5_I1,603,8,3,141,0.013522500012186356,0.08074409999244381,0.14067870000144467,0.0075957999943057075,0.24254110000038054,0.0,0.0
142,chebyshev_d5_I2,949,1,2,142,0.012680700005148537,0.08095849999517668,0.1420905999984825,0.007911900000181049,0.24364169999898877,0.0,0.0
143,chebyshev_d5_I1,586,0,27,143,0.012780799996107817,0.08296770000015385,0.1393746999965515,0.0077929000108269975,0.24291610000364017,0.0,0.0
144,least_squares_d5_I1,112,3,24,144,0.012565400000312366,0.07965990000229795,0.13986539999314118,0.008046900009503588,0.24013760000525508,0.0,0.0
145,least_squares_d3_I1,481,9,28,145,0.009366499987663701,0.038340799990692176,0.13126809999812394,0.007650600004126318,0.18662599998060614,0.0,0.0
146,least_squares_d3_I1,411,7,25,146,0.009623100006137975,0.03899680000904482,0.1305958000011742,0.007732800004305318,0.18694850002066232,0.0,0.0
147,chebyshev_d5_I2,259,6,29,147,0.01258169999346137,0.07981110000400804,0.14126390000456013,0.007813399992301129,0.24147009999433067,0.0,0.0
148,least_squares_d5_I1,586,0,27,148,0.012703899992629886,0.08055929999682121,0.14261560000886675,0.007783900000504218,0.24366269999882206,0.0,0.0
149,chebyshev_d5_I1,589,4,26,149,0.013350599998375401,0.08078570000361651,0.14046350000717212,0.007842599996365607,0.24244240000552963,0.0,0.0
150,least_squares_d3_I1,603,8,2,150,0.009980999995605089,0.04004069999791682,0.1542378999874927,0.007997300010174513,0.21225689999118913,0.0,0.0
151,chebyshev_d5_I1,411,7,23,151,0.012802900004317053,0.08114609999756794,0.14100869999674615,0.007614300004206598,0.24257200000283774,0.0,0.0
152,chebyshev_d3_I1,481,9,20,152,0.009678800008259714,0.03856890001043212,0.13243040000088513,0.007858199998736382,0.18853630001831334,0.0,0.0
153,chebyshev_d3_I1,112,3,21,153,0.009285599997383542,0.03918330000306014,0.1316198999993503,0.008159600009093992,0.18824840000888798,0.0,0.0
154,least_squares_d5_I2,481,9,7,154,0.01257810000970494,0.08031629999459255,0.1520108000113396,0.008075599995208904,0.252980800010846,0.0,0.0
155,least_squares_d5_I2,112,3,8,155,0.013057899996056221,0.08388140000170097,0.14530869999725837,0.007661700001335703,0.24990969999635126,0.0,0.0
156,chebyshev_d3_I1,481,9,16,156,0.009645199999795295,0.03850799999781884,0.13323060001130216,0.007894900001701899,0.1892787000106182,0.0,0.0
157,least_squares_d5_I2,481,9,27,157,0.013104300000122748,0.08216540000285022,0.14068569999653846,0.008025700008147396,0.24398110000765882,0.0,0.0
158,chebyshev_d5_I2,481,9,2,158,0.012406400011968799,0.08118930000637192,0.14070129999890924,0.008197099989047274,0.24249410000629723,0.0,0.0
159,chebyshev_d3_I1,259,6,18,159,0.009387999991304241,0.03905710000253748,0.12976919999346137,0.008430500005488284,0.18664479999279138,0.0,0.0
160,chebyshev_d5_I1,481,9,19,160,0.012621300003957003,0.08501939999405295,0.14338879998831544,0.007680399998207577,0.24870989998453297,0.0,0.0
161,least_squares_d5_I2,411,7,28,161,0.01254979999794159,0.08140940000885166,0.1419132000009995,0.007657399997697212,0.24352980000548996,0.0,0.0
162,chebyshev_d5_I2,603,8,16,162,0.012777500000083819,0.07984669999859761,0.14133099999162368,0.007956599991302937,0.24191179998160806,0.0,0.0
163,chebyshev_d5_I1,589,4,9,163,0.012623899994650856,0.08112899999832734,0.14083889999892563,0.007620800010045059,0.24221260000194889,0.0,0.0
164,chebyshev_d5_I2,411,7,16,164,0.012725000007776543,0.08089829998789355,0.13966089999303222,0.007812099996954203,0.24109629998565651,0.0,0.0
165,chebyshev_d5_I2,589,4,21,165,0.012743100000079721,0.08080229999904986,0.13927450000483077,0.007666699995752424,0.24048659999971278,0.0,0.0
166,chebyshev_d5_I2,603,8,8,166,0.012601399997947738,0.07948460000625346,0.14103049998811912,0.00817690000985749,0.2412934000021778,0.0,0.0
167,chebyshev_d5_I1,949,1,19,167,0.01251349999802187,0.08127090000198223,0.14251530000183266,0.007770399999571964,0.24407010000140872,0.0,0.0
168,chebyshev_d5_I1,411,7,11,168,0.012654200007091276,0.0827959999878658,0.14172670000698417,0.00779839999449905,0.2449752999964403,0.0,0.0
169,chebyshev_d3_I1,411,7,20,169,0.00960240000858903,0.0387168000015663,0.13822550000622869,0.007912300003226846,0.19445700001961086,0.0,0.0
170,chebyshev_d5_I2,949,1,27,170,0.012879100002464838,0.08152079999854323,0.14407600001140963,0.008193600006052293,0.24666950001847,0.0,0.0
171,least_squares_d5_I1,481,9,4,171,0.0125283999950625,0.08031209999171551,0.14302049999241717,0.007613399997353554,0.24347439997654874,0.0,0.0
172,least_squares_d5_I2,481,9,4,172,0.01260030000412371,0.08072750001156237,0.1418091999948956,0.008200199998100288,0.24333720000868198,0.0,0.0
173,least_squares_d5_I1,589,4,26,173,0.012569499987876043,0.08107259999087546,0.14273099999991246,0.008171499997843057,0.24454459997650702,0.0,0.0
174,chebyshev_d3_I1,603,8,0,174,0.009534199998597614,0.03908689999661874,0.13372279999020975,0.007796499994583428,0.19014039998000953,0.0,0.0
175,least_squares_d5_I2,411,7,22,175,0.012717199992039241,0.0810806999943452,0.13935769999807235,0.007677299989154562,0.24083289997361135,0.0,0.0
176,chebyshev_d5_I2,411,7,1,176,0.01276019999932032,0.08037470000272151,0.14187930000480264,0.00808820000384003,0.2431024000106845,0.0,0.0
177,least_squares_d3_I1,120,5,14,177,0.009472799996729009,0.039013799992972054,0.13065269999788143,0.0077966000098967925,0.18693589999747928,0.0,0.0
178,least_squares_d3_I1,112,3,10,178,0.009686399993370287,0.03888659999938682,0.13290319999214262,0.008161300007486716,0.18963749999238644,0.0,0.0
179,least_squares_d3_I1,586,0,0,179,0.009931699998560362,0.045155500003602356,0.13021949998801574,0.0077342000004136935,0.19304089999059215,0.0,0.0
180,least_squares_d3_I1,949,1,28,180,0.009539500009850599,0.040191399995819665,0.13213350001024082,0.007914399990113452,0.18977880000602454,0.0,0.0
181,least_squares_d5_I1,589,4,15,181,0.012489599990658462,0.08145519999379758,0.14354530000127852,0.007702400005655363,0.24519249999138992,0.0,0.0
182,chebyshev_d3_I1,259,6,5,182,0.009600999997928739,0.03905089999898337,0.1313908000010997,0.007880200006184168,0.18792290000419598,0.0,0.0
183,least_squares_d3_I1,259,6,27,183,0.009443199989618734,0.03854329999012407,0.13202849999652244,0.007950599989271723,0.18796559996553697,0.0,0.0
184,least_squares_d5_I2,589,4,7,184,0.012913200000184588,0.08106460000271909,0.1399402000097325,0.007805699991877191,0.24172370000451338,0.0,0.0
185,least_squares_d3_I1,603,8,14,185,0.009526299996650778,0.038752299995394424,0.12911359999270644,0.007780899992212653,0.1851730999769643,0.0,0.0
186,chebyshev_d5_I1,586,0,18,186,0.012824100005673245,0.08036310000170488,0.1405830000003334,0.007712599996011704,0.24148280000372324,0.0,0.0
187,least_squares_d3_I1,411,7,10,187,0.009479599990299903,0.03857390000484884,0.1303697999974247,0.007904100013547577,0.18632740000612102,0.0,0.0
188,chebyshev_d5_I1,259,6,12,188,0.012919000000692904,0.08117640001000836,0.14184630000090692,0.007961299997987226,0.24390300000959542,0.0,0.0
189,least_squares_d5_I2,949,1,22,189,0.012674000012339093,0.08490929999970831,0.14539440000953618,0.008490699998219498,0.2514684000198031,0.0,0.0
190,chebyshev_d5_I1,603,8,0,190,0.012640800006920472,0.0825938999914797,0.14371820000815205,0.008580099995015189,0.24753300000156742,0.0,0.0
191,chebyshev_d5_I2,603,8,7,191,0.01273889999720268,0.08155170000100043,0.1424466000025859,0.00805029999173712,0.24478749999252614,0.0,0.0
192,least_squares_d3_I1,120,5,17,192,0.010654999990947545,0.03903400000126567,0.13113170000724494,0.008039000007556751,0.1888597000070149,0.0,0.0
193,chebyshev_d5_I1,112,3,8,193,0.012948699994012713,0.08307939999212977,0.13951940000697505,0.007707600001594983,0.2432550999947125,0.0,0.0
194,least_squares_d5_I1,589,4,0,194,0.012710199996945448,0.08216720000200439,0.14478560000134166,0.00790719999349676,0.24757019999378826,0.0,0.0
195,chebyshev_d5_I1,633,2,24,195,0.012804700003471226,0.0818007000052603,0.14159610000206158,0.00796299999637995,0.24416450000717305,0.0,0.0
196,chebyshev_d5_I2,259,6,23,196,0.012809799998649396,0.08165419999568257,0.14223920000949875,0.007821899998816662,0.24452510000264738,0.0,0.0
197,chebyshev_d3_I1,633,2,16,197,0.009464100003242493,0.03886620000412222,0.13049970001156908,0.008348699993803166,0.18717870001273695,0.0,0.0
198,chebyshev_d5_I2,120,5,23,198,0.012979999999515712,0.08020149999356363,0.14547309999761637,0.008889199991244823,0.24754379998194054,0.0,0.0
199,least_squares_d5_I1,259,6,26,199,0.012369000003673136,0.08074370000394993,0.14029670000309125,0.008077400008914992,0.2414868000196293,0.0,0.0
200,least_squares_d5_I1,949,1,4,200,0.014132800002698787,0.08856000000378117,0.14565989999391604,0.008599000007961877,0.2569517000083579,0.0,0.0
201,least_squares_d3_I1,120,5,8,201,0.009774600010132417,0.04029870001249947,0.13109819999954198,0.007798000006005168,0.18896950002817903,0.0,0.0
202,least_squares_d3_I1,589,4,25,202,0.009337499999674037,0.03871870000148192,0.13049860000319313,0.007715800005826168,0.18627060001017526,0.0,0.0
203,chebyshev_d3_I1,481,9,7,203,0.009486399998422712,0.038848199998028576,0.13276300000143237,0.0076176000002305955,0.18871519999811426,0.0,0.0
204,chebyshev_d5_I1,633,2,29,204,0.012642000001505949,0.08191040001111105,0.14263239999127109,0.0077634000044781715,0.24494820000836626,0.0,0.0
205,least_squares_d5_I2,589,4,3,205,0.012814700006856583,0.08161100000143051,0.14313460000266787,0.007981899994774722,0.24554220000572968,0.0,0.0
206,least_squares_d5_I2,259,6,19,206,0.012793300003977492,0.08129979998921044,0.14236949999758508,0.007805300003383309,0.24426789999415632,0.0,0.0
207,chebyshev_d3_I1,589,4,16,207,0.009698900001239963,0.039334999994025566,0.135970700008329,0.00780069999746047,0.192805300001055,0.0,0.0
208,chebyshev_d5_I1,259,6,13,208,0.012667699993471615,0.08112469999468885,0.1457537000096636,0.007945699995616451,0.2474917999934405,0.0,0.0
209,least_squares_d3_I1,589,4,24,209,0.009356599999591708,0.03873109999403823,0.13200440000218805,0.007821199993486516,0.1879132999893045,0.0,0.0
210,least_squares_d5_I1,586,0,23,210,0.013035600000876002,0.08206620000419207,0.14187649999803398,0.007889699991210364,0.2448679999943124,0.0,0.0
211,least_squares_d3_I1,112,3,12,211,0.00942590000340715,0.0392726000136463,0.12975659999938216,0.007711900005233474,0.18616700002166908,0.0,0.0
212,chebyshev_d3_I1,411,7,9,212,0.009507800001301803,0.038870499993208796,0.134691399987787,0.008036700004595332,0.19110639998689294,0.0,0.0
213,least_squares_d3_I1,120,5,7,213,0.009303399987402372,0.03918819999671541,0.13058250000176486,0.008155199990142137,0.18722929997602478,0.0,0.0
214,chebyshev_d5_I1,411,7,4,214,0.012836200010497123,0.08127790001162793,0.1416317999974126,0.007686900004046038,0.2434328000235837,0.0,0.0
215,chebyshev_d5_I2,589,4,24,215,0.012578499998198822,0.08082279999507591,0.14205409999703988,0.007997400010935962,0.24345280000125058,0.0,0.0
216,least_squares_d5_I2,589,4,4,216,0.012845300007029437,0.08163369999965653,0.14210880000609905,0.008060399995883927,0.24464820000866894,0.0,0.0
217,least_squares_d3_I1,411,7,23,217,0.009424599993508309,0.03907450000406243,0.13118500000564381,0.008568499993998557,0.1882525999972131,0.0,0.0
218,chebyshev_d5_I1,259,6,20,218,0.013002399995457381,0.08107869999366812,0.1442012000043178,0.008010899997316301,0.2462931999907596,0.0,0.0
219,least_squares_d3_I1,481,9,18,219,0.009320800003479235,0.03899089999322314,0.1313188999920385,0.007730099998298101,0.18736069998703897,0.0,0.0
220,least_squares_d5_I1,112,3,23,220,0.012563299998873845,0.08161259999906179,0.14305130000866484,0.008251999999629334,0.2454792000062298,0.0,0.0
221,chebyshev_d3_I1,589,4,5,221,0.009362099997815676,0.03889740000886377,0.13023199999588542,0.00780359999043867,0.18629509999300353,0.0,0.0
222,chebyshev_d5_I2,586,0,7,222,0.012930400000186637,0.08239359999424778,0.14304080000147223,0.007901299992226996,0.24626609998813365,0.0,0.0
223,chebyshev_d3_I1,112,3,7,223,0.009399100003065541,0.03900400000566151,0.12949430001026485,0.007961900002555922,0.18585930002154782,0.0,0.0
224,least_squares_d5_I2,120,5,0,224,0.013245199996163137,0.08414520000224002,0.14296919999469537,0.007915199996205047,0.24827479998930357,0.0,0.0
225,least_squares_d5_I2,949,1,28,225,0.012495100003434345,0.08068560001265723,0.15099359999294393,0.00783699999738019,0.2520113000064157,0.0,0.0
226,least_squares_d5_I2,120,5,11,226,0.013363999998546205,0.08200650000071619,0.14346669999940787,0.008148299995809793,0.24698549999448005,0.0,0.0
227,least_squares_d5_I2,411,7,20,227,0.01261510000040289,0.0821120000036899,0.13979299999482464,0.007693499996094033,0.24221359999501146,0.0,0.0
228,least_squares_d3_I1,112,3,3,228,0.010400899991509505,0.044494800007669255,0.1319668000069214,0.008785900005022995,0.19564840001112316,0.0,0.0
229,least_squares_d5_I1,633,2,6,229,0.013066500003333203,0.08121699999901466,0.14127799999550916,0.007801200001267716,0.24336269999912474,0.0,0.0
230,chebyshev_d5_I1,586,0,9,230,0.012490199995227158,0.08056320001196582,0.14137209999898914,0.007895899994764477,0.2423214000009466,0.0,0.0
231,chebyshev_d5_I2,586,0,28,231,0.012753899995004758,0.08120959998632316,0.14098830000148155,0.008161300007486716,0.24311309999029618,0.0,0.0
232,chebyshev_d5_I1,633,2,0,232,0.012337599997408688,0.08052380000299308,0.14225489999807905,0.007689300007768907,0.24280560000624973,0.0,0.0
233,least_squares_d5_I2,411,7,14,233,0.012768100001267157,0.0803009000082966,0.14159310000832193,0.00793689998681657,0.24259900000470225,0.0,0.0
234,least_squares_d3_I1,633,2,11,234,0.00945260000298731,0.03928729999461211,0.13447450000967365,0.007974599997396581,0.19118900000466965,0.0,0.0
235,chebyshev_d5_I1,112,3,16,235,0.01271729999280069,0.0818310000031488,0.1392831999983173,0.00772960000904277,0.24156110000330955,0.0,0.0
236,chebyshev_d5_I2,633,2,23,236,0.012994299991987646,0.08030439999129158,0.14049720000184607,0.007757700004731305,0.2415535999898566,0.0,0.0
237,chebyshev_d3_I1,633,2,21,237,0.009570300011546351,0.03834590000042226,0.13861179999366868,0.007717400003457442,0.19424540000909474,0.0,0.0
238,least_squares_d5_I1,481,9,23,238,0.012700499995844439,0.0824064000044018,0.14168130001053214,0.007994300001882948,0.24478250001266133,0.0,0.0
239,chebyshev_d5_I2,259,6,26,239,0.012588999990839511,0.081409899998107,0.14187690000107978,0.007745199996861629,0.2436209999868879,0.0,0.0
240,least_squares_d5_I2,120,5,28,240,0.01294169999891892,0.08065840000926983,0.14234900000155903,0.007857699994929135,0.24380680000467692,0.0,0.0
241,least_squares_d5_I2,481,9,0,241,0.012691299998550676,0.08082089999516029,0.14284990000305697,0.00824889999057632,0.24461099998734426,0.0,0.0
242,chebyshev_d5_I1,949,1,22,242,0.012805699996533804,0.08115149999503046,0.1439929000043776,0.0077785000030416995,0.24572859999898355,0.0,0.0
243,chebyshev_d3_I1,586,0,6,243,0.00954289999208413,0.03963899999507703,0.13120820000767708,0.0080279999965569,0.18841809999139514,0.0,0.0
244,chebyshev_d3_I1,949,1,21,244,0.009334499991382472,0.040019699998083524,0.13186569999379572,0.007818800004315563,0.18903869998757727,0.0,0.0
245,chebyshev_d3_I1,120,5,28,245,0.009469899989198893,0.03968420000455808,0.1296773999929428,0.007738799991784617,0.1865702999784844,0.0,0.0
246,least_squares_d3_I1,120,5,12,246,0.009446099997148849,0.04085210000630468,0.13742180001281668,0.007829199996194802,0.195549200012465,0.0,0.0
247,least_squares_d5_I2,949,1,4,247,0.013064600003417581,0.08330980000027921,0.1474924999929499,0.007815999997546896,0.2516828999941936,0.0,0.0
248,least_squares_d5_I1,633,2,13,248,0.013254999998025596,0.08157190000929404,0.14208700000017416,0.007895799994003028,0.24480970000149682,0.0,0.0
249,least_squares_d5_I2,586,0,4,249,0.012613800005055964,0.0793777999933809,0.13926989999890793,0.0076991999958409,0.2389606999931857,0.0,0.0
250,chebyshev_d5_I2,603,8,13,250,0.012785900005837902,0.0814875999931246,0.14134580000245478,0.008018799999263138,0.24363810000068042,0.0,0.0
251,chebyshev_d5_I2,633,2,1,251,0.012495200004195794,0.08129590000316966,0.14048010000260547,0.007680700000491925,0.24195190001046285,0.0,0.0
252,least_squares_d5_I1,120,5,5,252,0.012727499997708946,0.08096819999627769,0.1412999000021955,0.007968700010678731,0.24296430000686087,0.0,0.0
253,least_squares_d5_I1,259,6,5,253,0.012535499990917742,0.08039869999629445,0.14075649999722373,0.007850399997550994,0.24154109998198692,0.0,0.0
254,least_squares_d5_I1,411,7,12,254,0.012521299999207258,0.08144870000251103,0.14041290000022855,0.007914600006188266,0.2422975000081351,0.0,0.0
255,least_squares_d3_I1,949,1,17,255,0.009611200002836995,0.03887019999092445,0.13101559999631718,0.007792299991706386,0.187289299981785,0.0,0.0
256,chebyshev_d3_I1,112,3,12,256,0.009551399998599663,0.03898739999567624,0.13953220000257716,0.0083712000050582,0.19644220000191126,0.0,0.0
257,chebyshev_d3_I1,586,0,13,257,0.009392199994181283,0.03971070000261534,0.13109530000656378,0.00790440000128001,0.1881026000046404,0.0,0.0
258,least_squares_d3_I1,949,1,18,258,0.010544200005824678,0.03885120000632014,0.13329549999616574,0.00796069999341853,0.1906516000017291,0.0,0.0
259,least_squares_d3_I1,259,6,2,259,0.009347200000775047,0.03939649999665562,0.13240229999064468,0.008126699991407804,0.18927269997948315,0.0,0.0
260,least_squares_d5_I1,603,8,2,260,0.012775600000168197,0.08173879999958444,0.1412418000109028,0.007982900002389215,0.24373910001304466,0.0,0.0
261,least_squares_d5_I2,949,1,5,261,0.012422600004356354,0.07995099999243394,0.1412584999925457,0.007750499993562698,0.24138259998289868,0.0,0.0
262,chebyshev_d3_I1,949,1,9,262,0.009588500004610978,0.03914749999239575,0.13259419999667443,0.007590600012918003,0.18892080000659917,0.0,0.0
263,least_squares_d3_I1,411,7,15,263,0.00949640000180807,0.03866059999563731,0.13145000000076834,0.007923899989691563,0.1875308999879053,0.0,0.0
264,chebyshev_d5_I1,603,8,2,264,0.012425099994288757,0.08088039999711327,0.14078149999841116,0.007903699995949864,0.24199069998576306,0.0,0.0
265,least_squares_d5_I2,481,9,11,265,0.012508600004366599,0.08133020000241231,0.14259129999845754,0.007877500000176951,0.2443076000054134,0.0,0.0
266,least_squares_d5_I1,112,3,4,266,0.012578599998960271,0.08120009998674504,0.14837049999914598,0.00822129999869503,0.2503704999835463,0.0,0.0
267,chebyshev_d3_I1,589,4,13,267,0.009458200001972727,0.03883190000487957,0.13047839999489952,0.0077772999939043075,0.18654579999565613,0.0,0.0
268,chebyshev_d5_I1,603,8,9,268,0.012950500007718801,0.08157819999905769,0.14648909999232274,0.007937499991385266,0.2489552999904845,0.0,0.0
269,chebyshev_d3_I1,259,6,6,269,0.00973119999980554,0.039576800001668744,0.13172610000765417,0.007703700001002289,0.18873780001013074,0.0,0.0
270,chebyshev_d5_I1,603,8,25,270,0.01266619999660179,0.080824600008782,0.14232450000417884,0.008382600004551932,0.24419790001411457,0.0,0.0
271,chebyshev_d5_I2,411,7,7,271,0.012724300002446398,0.08230219999677502,0.14224259999173228,0.008196499999030493,0.24546559998998418,0.0,0.0
272,least_squares_d3_I1,603,8,10,272,0.0094742000073893,0.0391337999899406,0.13338260000455193,0.007717000000411645,0.18970760000229347,0.0,0.0
273,chebyshev_d5_I1,586,0,1,273,0.012626399999135174,0.08073630000581034,0.14146769999933895,0.00786500000685919,0.24269540001114365,0.0,0.0
274,chebyshev_d3_I1,259,6,28,274,0.009323799997218885,0.03869030000350904,0.13077570000314154,0.008464699989417568,0.18725449999328703,0.0,0.0
275,chebyshev_d5_I1,112,3,29,275,0.013429300001007505,0.08179639998706989,0.13991560001159087,0.007865199993830174,0.24300649999349844,0.0,0.0
276,least_squares_d3_I1,949,1,8,276,0.009357200004160404,0.03830489999381825,0.1342906999925617,0.008967600006144494,0.19092039999668486,0.0,0.0
277,chebyshev_d3_I1,481,9,8,277,0.009680999995907769,0.03914809999696445,0.13033890000951942,0.007720199995674193,0.18688819999806583,0.0,0.0
278,chebyshev_d3_I1,411,7,8,278,0.009805099994991906,0.038684799990733154,0.1307546000025468,0.0076726999977836385,0.1869171999860555,0.0,0.0
279,chebyshev_d3_I1,259,6,2,279,0.009486900002229959,0.03872479998972267,0.13111829999252222,0.008961899991845712,0.18829189997632056,0.0,0.0
280,least_squares_d5_I1,411,7,21,280,0.012459100005798973,0.08181970000441652,0.1449296999926446,0.008075699995970353,0.24728419999883045,0.0,0.0
281,least_squares_d5_I1,259,6,13,281,0.01239519999944605,0.08081739999761339,0.13871309999376535,0.007750100005068816,0.2396757999958936,0.0,0.0
282,least_squares_d3_I1,589,4,28,282,0.009479599990299903,0.03914979999535717,0.13287489999493118,0.0076474000088637695,0.18915169998945203,0.0,0.0
283,least_squares_d3_I1,259,6,15,283,0.009622900004615076,0.0385041999979876,0.13078350000432692,0.007956699992064387,0.18686729999899399,0.0,0.0
284,least_squares_d5_I2,633,2,5,284,0.012558300004457124,0.07985969999572262,0.14324219999252819,0.007852599999750964,0.2435127999924589,0.0,0.0
285,chebyshev_d5_I2,481,9,17,285,0.012774299990269355,0.08292439999058843,0.14289390000340063,0.00784370000474155,0.24643629998899996,0.0,0.0
286,least_squares_d3_I1,481,9,20,286,0.009423900002730079,0.03851409998605959,0.13105569999606814,0.0077846999920438975,0.1867783999769017,0.0,0.0
287,chebyshev_d5_I2,411,7,26,287,0.01263209999888204,0.0858404999889899,0.14273369999136776,0.00765319999482017,0.24885949997405987,0.0,0.0
288,chebyshev_d5_I2,949,1,26,288,0.01296409999486059,0.08136960001138505,0.142755799999577,0.00792439999349881,0.24501389999932144,0.0,0.0
289,least_squares_d5_I1,633,2,11,289,0.01261289999820292,0.0807968000008259,0.14744240000436548,0.009254700009478256,0.25010680001287255,0.0,0.0
290,chebyshev_d5_I1,949,1,13,290,0.01317150000249967,0.08085600000049453,0.14321109998854809,0.008080200001131743,0.24531879999267403,0.0,0.0
291,chebyshev_d5_I1,949,1,4,291,0.012470300003769808,0.08096639999712352,0.14084490000095684,0.0077966000098967925,0.24207820001174696,0.0,0.0
292,chebyshev_d3_I1,603,8,26,292,0.009798599989153445,0.03954039998643566,0.13693989999592304,0.008352899996680208,0.19463179996819235,0.0,0.0
293,least_squares_d5_I2,481,9,13,293,0.015074900002218783,0.08385229999839794,0.1944247999927029,0.008033000005525537,0.30138499999884516,0.0,0.0
294,least_squares_d5_I2,120,5,12,294,0.012800600001355633,0.08566909999353811,0.17954539999482222,0.007858800003305078,0.28587389999302104,0.0,0.0
295,chebyshev_d3_I1,633,2,14,295,0.009474699996644631,0.03897379999398254,0.16725210000004154,0.012669700008700602,0.2283702999993693,0.0,0.0
296,least_squares_d3_I1,949,1,14,296,0.011092199987615459,0.04389879999507684,0.14006520000111777,0.008762700002989732,0.2038188999867998,0.0,0.0
297,least_squares_d3_I1,411,7,20,297,0.009650499996496364,0.0430322000029264,0.13669990000198595,0.008219700001063757,0.19760230000247248,0.0,0.0
298,least_squares_d5_I1,633,2,20,298,0.013448500001686625,0.08363009999447968,0.1451286999945296,0.007858900004066527,0.25006619999476243,0.0,0.0
299,chebyshev_d3_I1,411,7,2,299,0.009563499988871627,0.04049910001049284,0.1340761999890674,0.00803690000611823,0.1921756999945501,0.0,0.0
300,least_squares_d3_I1,411,7,16,300,0.009974000000511296,0.03956670001207385,0.13502290000906214,0.008078899991232902,0.1926425000128802,0.0,0.0
301,chebyshev_d5_I2,120,5,16,301,0.013195199993788265,0.08432449999963865,0.14550100000633392,0.008841699993354268,0.2518623999931151,0.0,0.0
302,chebyshev_d5_I2,411,7,0,302,0.012889999998151325,0.08447259999229573,0.1474927000090247,0.007850800000596792,0.25270610000006855,0.0,0.0
303,chebyshev_d5_I1,259,6,27,303,0.013080400007311255,0.08386369999789167,0.15228370000841096,0.010385200002929196,0.2596130000165431,0.0,0.0
304,chebyshev_d5_I1,259,6,8,304,0.016172399991774,0.08987830000114627,0.14842250000219792,0.009088700011488982,0.2635619000066072,0.0,0.0
305,least_squares_d5_I1,411,7,16,305,0.014359299995703623,0.085608699999284,0.15107480000006035,0.008558000001357868,0.25960079999640584,0.0,0.0
306,least_squares_d5_I1,259,6,12,306,0.01324709999607876,0.08531199999561068,0.16881040000589564,0.008849000005284324,0.2762185000028694,0.0,0.0
307,least_squares_d3_I1,259,6,4,307,0.009395399989443831,0.04286869999486953,0.1407100999931572,0.008905399998184294,0.20187959997565486,0.0,0.0
308,least_squares_d5_I1,411,7,1,308,0.014828999992460012,0.08358949999092147,0.14208259999577422,0.007808700000168756,0.24830979997932445,0.0,0.0
309,least_squares_d5_I2,589,4,5,309,0.012373400008073077,0.0800940999906743,0.16019080000114627,0.007856599986553192,0.26051489998644684,0.0,0.0
310,chebyshev_d5_I1,603,8,10,310,0.01715169999806676,0.09701789999962784,0.14202709999517538,0.007620899996254593,0.2638175999891246,0.0,0.0
311,chebyshev_d3_I1,633,2,12,311,0.009891599998809397,0.03883720000158064,0.13126959999499377,0.007640199997695163,0.18763859999307897,0.0,0.0
312,chebyshev_d3_I1,411,7,23,312,0.009613000001991168,0.03860580000036862,0.13272500000311993,0.008177499999874271,0.189121300005354,0.0,0.0
313,least_squares_d3_I1,112,3,29,313,0.009492400000453927,0.04011499999614898,0.13167999999132007,0.008050799995544367,0.18933819998346735,0.0,0.0
314,chebyshev_d5_I1,633,2,6,314,0.012836199995945208,0.08100939998985268,0.14695209999626968,0.008115999997244217,0.2489136999793118,0.0,0.0
315,least_squares_d3_I1,112,3,9,315,0.009674500004621223,0.04032759999972768,0.13204100000439212,0.007717899992712773,0.1897610000014538,0.0,0.0
316,chebyshev_d3_I1,259,6,24,316,0.009496099999523722,0.03986970000551082,0.13003949999983888,0.007944600001792423,0.18734990000666585,0.0,0.0
317,chebyshev_d5_I1,949,1,18,317,0.012420900005963631,0.08309779998671729,0.14141080000263173,0.007673400003113784,0.24460289999842644,0.0,0.0
318,chebyshev_d5_I2,589,4,17,318,0.012605900003109127,0.08066610000969376,0.1419201999960933,0.008205499994801357,0.24339770000369754,0.0,0.0
319,least_squares_d5_I2,949,1,24,319,0.01262999999744352,0.08071350000682287,0.14059640000050422,0.007891899993410334,0.24183179999818094,0.0,0.0
320,chebyshev_d3_I1,603,8,15,320,0.009369400009745732,0.03913269999611657,0.13097600000037346,0.007981799994013272,0.18745990000024904,0.0,0.0
321,chebyshev_d3_I1,481,9,6,321,0.009332399989943951,0.03863670000282582,0.13141089999407995,0.008042700006626546,0.18742269999347627,0.0,0.0
322,chebyshev_d5_I2,112,3,19,322,0.012766499989083968,0.08184320000873413,0.1442271999985678,0.00808149999647867,0.24691839999286458,0.0,0.0
323,chebyshev_d3_I1,120,5,3,323,0.009401999996043742,0.03958580001199152,0.1312121999944793,0.00827469999785535,0.18847470000036992,0.0,0.0
324,chebyshev_d3_I1,586,0,12,324,0.009783999994397163,0.03912250000576023,0.13335270000970922,0.007901199991465546,0.19016040000133216,0.0,0.0
325,chebyshev_d5_I1,603,8,5,325,0.012407800008077174,0.08587349999288563,0.14121370000066236,0.007799800005159341,0.2472948000067845,0.0,0.0
326,least_squares_d5_I1,120,5,22,326,0.01282169998739846,0.08066340000368655,0.14241400000173599,0.00808209998649545,0.24398119997931644,0.0,0.0
327,least_squares_d3_I1,120,5,19,327,0.00964889999886509,0.03898289999051485,0.13157610000052955,0.007746599992970005,0.1879544999828795,0.0,0.0
328,least_squares_d5_I1,112,3,22,328,0.012710900002275594,0.08196070000121836,0.1422337999974843,0.007938199996715412,0.24484359999769367,0.0,0.0
329,least_squares_d3_I1,112,3,28,329,0.009720200003357604,0.038993800000753254,0.1316653999965638,0.007835199998226017,0.18821459999890067,0.0,0.0
330,chebyshev_d5_I2,589,4,28,330,0.0125255000020843,0.08157070000015665,0.14010350000171456,0.008406500011915341,0.24260620001587085,0.0,0.0
331,least_squares_d5_I1,633,2,26,331,0.012491200002841651,0.07991319999564439,0.1386064999969676,0.007648800004972145,0.2386597000004258,0.0,0.0
332,least_squares_d3_I1,259,6,7,332,0.009551000010105781,0.03809309999633115,0.131360900006257,0.007672500010812655,0.18667750002350658,0.0,0.0
333,least_squares_d5_I2,120,5,16,333,0.012616300009540282,0.08082600000489037,0.142658599987044,0.008044700007303618,0.24414560000877827,0.0,0.0
334,chebyshev_d3_I1,603,8,29,334,0.0098429999925429,0.04289240000071004,0.13164079999842215,0.009330800006864592,0.1937069999985397,0.0,0.0
335,least_squares_d3_I1,589,4,0,335,0.011692799991578795,0.041045599995413795,0.132799500002875,0.007697000008192845,0.19323489999806043,0.0,0.0
336,chebyshev_d5_I1,603,8,7,336,0.01264239998999983,0.08074770000530407,0.1423176000098465,0.008214899993618019,0.24392259999876842,0.0,0.0
337,chebyshev_d5_I1,112,3,9,337,0.012596799992024899,0.08183239999925718,0.14181489999464247,0.007913199995527975,0.24415729998145252,0.0,0.0
338,least_squares_d3_I1,589,4,8,338,0.009309100001701154,0.039498900005128235,0.14248020001105033,0.007961900002555922,0.19925010002043564,0.0,0.0
339,chebyshev_d5_I1,586,0,22,339,0.012670299998717383,0.08314799999061506,0.14338839999982156,0.0077566000109072775,0.24696330000006128,0.0,0.0
340,chebyshev_d5_I1,120,5,23,340,0.012669500007177703,0.08023189999221358,0.14231530000688508,0.008029799995711073,0.24324650000198744,0.0,0.0
341,least_squares_d5_I1,603,8,24,341,0.012790399996447377,0.08371859999897424,0.14304970001103356,0.007984500000020489,0.24754320000647567,0.0,0.0
342,chebyshev_d5_I2,411,7,19,342,0.013046599997323938,0.08241940000152681,0.14255029999185354,0.007987799996044487,0.24600409998674877,0.0,0.0
343,chebyshev_d5_I1,589,4,13,343,0.012576900000567548,0.08203340000181925,0.14051800000015646,0.007850199996028095,0.24297849999857135,0.0,0.0
344,least_squares_d5_I1,589,4,14,344,0.012502100013080053,0.08601379999890924,0.14337150000210386,0.007869299995945767,0.2497567000100389,0.0,0.0
345,least_squares_d5_I2,411,7,24,345,0.01279140000406187,0.08104099999764003,0.2033876999921631,0.011650600004941225,0.30887069999880623,0.0,0.0
346,chebyshev_d5_I2,603,8,11,346,0.016376499988837168,0.10356080000929069,0.16423009999562055,0.0089354999945499,0.2931028999882983,0.0,0.0
347,least_squares_d5_I1,259,6,9,347,0.013859099999535829,0.08323409999138676,0.15384400000039022,0.008032199999433942,0.25896939999074675,0.0,0.0
348,chebyshev_d5_I1,120,5,1,348,0.012972899989108555,0.09695330000249669,0.16894119999778923,0.00846799999999348,0.28733539998938795,0.0,0.0
349,least_squares_d3_I1,411,7,3,349,0.010760999997728504,0.0444839999981923,0.13500969999586232,0.00805630000832025,0.19831100000010338,0.0,0.0
350,chebyshev_d5_I2,411,7,22,350,0.01293209999857936,0.08347879999200813,0.15628260000084992,0.008079300008830614,0.26077280000026803,0.0,0.0
351,least_squares_d5_I1,481,9,14,351,0.012727199995424598,0.08068810000258964,0.14364379999460652,0.007978900001035072,0.24503799999365583,0.0,0.0
352,least_squares_d5_I2,949,1,11,352,0.012456399999791756,0.0811595999985002,0.15067350000026636,0.007855399991967715,0.25214489999052603,0.0,0.0
353,chebyshev_d3_I1,633,2,2,353,0.009502699991571717,0.03906930000812281,0.13216160000592936,0.008077100006630644,0.18881070001225453,0.0,0.0
354,least_squares_d5_I1,603,8,5,354,0.012524599995231256,0.08176040000398643,0.14148459999705665,0.007791500000166707,0.24356109999644104,0.0,0.0
355,chebyshev_d5_I2,949,1,0,355,0.013085300000966527,0.08093159999407362,0.14069700000982266,0.008306100004119799,0.2430200000089826,0.0,0.0
356,chebyshev_d5_I1,259,6,4,356,0.012561499999719672,0.08249280000745784,0.14266399999905843,0.008522599993739277,0.24624089999997523,0.0,0.0
357,chebyshev_d5_I1,586,0,8,357,0.012966599999344908,0.08140309998998418,0.14292099999147467,0.007774899990181439,0.2450655999709852,0.0,0.0
358,least_squares_d5_I1,949,1,3,358,0.012688800008618273,0.08134669999708422,0.1438620999979321,0.011338399999658577,0.24923600000329316,0.0,0.0
359,chebyshev_d5_I2,633,2,24,359,0.015282100008334965,0.10230779999983497,0.19924940000055358,0.010592999999062158,0.32743230000778567,0.0,0.0
360,least_squares_d5_I2,481,9,24,360,0.01575980000779964,0.10561510000843555,0.19442610000260174,0.013643099999171682,0.3294441000180086,0.0,0.0
361,chebyshev_d5_I2,112,3,13,361,0.018381799993221648,0.11379740000120364,0.1974625000002561,0.012595599997439422,0.3422372999921208,0.0,0.0
362,chebyshev_d5_I2,586,0,8,362,0.015065900006447919,0.09556280000833794,0.18512559999362566,0.012801399992895313,0.30855570000130683,0.0,0.0
363,least_squares_d5_I1,120,5,18,363,0.018947300006402656,0.1054705999995349,0.14677650001249276,0.007801699990523048,0.27899610000895336,0.0,0.0
364,least_squares_d5_I1,633,2,8,364,0.013925000006565824,0.08154410000133794,0.15663100000529084,0.00788579999061767,0.2599859000038123,0.0,0.0
365,chebyshev_d3_I1,481,9,28,365,0.010385700006736442,0.044589400000404567,0.15053230000194162,0.011622999998508021,0.21713040000759065,0.0,0.0
366,chebyshev_d3_I1,633,2,3,366,0.011275800003204495,0.04283410000789445,0.14301060000434518,0.008580599998822436,0.20570110001426656,0.0,0.0
367,least_squares_d5_I2,120,5,26,367,0.014350400000694208,0.09359269999549724,0.1551709000050323,0.008673199990880676,0.27178719999210443,0.0,0.0
368,least_squares_d5_I1,589,4,9,368,0.012954799996805377,0.08490279999386985,0.14326989999972284,0.008230200008256361,0.24935769999865443,0.0,0.0
369,least_squares_d3_I1,949,1,9,369,0.009576600001309998,0.03964440000709146,0.13770609999482986,0.007908100000349805,0.19483520000358112,0.0,0.0
370,least_squares_d3_I1,589,4,26,370,0.009493200006545521,0.04494519998843316,0.13161689999105874,0.007651199994143099,0.19370649998018052,0.0,0.0
371,chebyshev_d5_I1,633,2,20,371,0.012647800002014264,0.08340259999386035,0.1438112000032561,0.008478700008708984,0.2483403000078397,0.0,0.0
372,chebyshev_d3_I1,481,9,13,372,0.009595900002750568,0.038940200000070035,0.1322811999998521,0.007640100011485629,0.18845740001415834,0.0,0.0
373,chebyshev_d5_I2,949,1,1,373,0.01277729999856092,0.08143640001071617,0.14336469999398105,0.008113200005027466,0.2456916000082856,0.0,0.0
374,least_squares_d3_I1,259,6,16,374,0.00995849999890197,0.039518699995824136,0.13230109999130946,0.008089199996902607,0.18986749998293817,0.0,0.0
375,chebyshev_d3_I1,481,9,29,375,0.009466999996220693,0.03991110000060871,0.13249269999505486,0.007894899987149984,0.18976569997903425,0.0,0.0
376,least_squares_d5_I1,603,8,7,376,0.012697199999820441,0.08093019999796525,0.1406408999901032,0.007957600013469346,0.24222590000135824,0.0,0.0
377,chebyshev_d5_I1,411,7,0,377,0.012517199997091666,0.08164259999466594,0.14198460000625346,0.007681700008106418,0.24382610000611749,0.0,0.0
378,chebyshev_d3_I1,589,4,8,378,0.009496599988779053,0.03892359999008477,0.134864399995422,0.007975199987413362,0.19125979996169917,0.0,0.0
379,chebyshev_d5_I2,481,9,24,379,0.012939099993673153,0.08151480001106393,0.14875590000883676,0.009613599992007948,0.2528234000055818,0.0,0.0
380,least_squares_d3_I1,586,0,21,380,0.009778999999980442,0.04064690000086557,0.14118869999947492,0.008813899999950081,0.20042850000027101,0.0,0.0
381,least_squares_d3_I1,481,9,0,381,0.010188500004005618,0.044357699996908195,0.13822930000605993,0.009612099995138124,0.20238760000211187,0.0,0.0
382,least_squares_d3_I1,411,7,5,382,0.009709899997687899,0.041194600009475835,0.15043710000463761,0.011996400004136376,0.21333800001593772,0.0,0.0
383,chebyshev_d5_I1,120,5,15,383,0.013179399989894591,0.08666939999966417,0.15535559999989346,0.00859169999603182,0.26379609998548403,0.0,0.0
384,least_squares_d3_I1,411,7,28,384,0.01060979999601841,0.043469500000355765,0.15014359999622684,0.008337299994309433,0.21256019998691045,0.0,0.0
385,chebyshev_d5_I2,259,6,15,385,0.013432599997031502,0.08724480000091717,0.14859969999815803,0.008724700004677288,0.258001800000784,0.0,0.0
386,chebyshev_d5_I1,633,2,10,386,0.013442199997371063,0.08759969999664463,0.15571110000018962,0.009882799990009516,0.2666357999842148,0.0,0.0
387,chebyshev_d3_I1,411,7,21,387,0.009773500001756474,0.04506709999986924,0.13601950000156648,0.008070299998507835,0.19893040000170004,0.0,0.0
388,least_squares_d3_I1,259,6,19,388,0.009573300005286,0.039153799996711314,0.13310800000908785,0.007879500000854023,0.18971460001193918,0.0,0.0
389,least_squares_d5_I1,259,6,25,389,0.012749000001349486,0.08988780000072438,0.17266820000077132,0.011788999996497296,0.2870939999993425,0.0,0.0
390,least_squares_d5_I2,481,9,8,390,0.015861499996390194,0.08951449999585748,0.14473249998991378,0.008125899999868125,0.25823439998202957,0.0,0.0
391,least_squares_d3_I1,120,5,0,391,0.009532199997920543,0.03951919999963138,0.13364839999121614,0.008118700003251433,0.1908184999920195,0.0,0.0
392,least_squares_d3_I1,586,0,6,392,0.009697599991341121,0.03944480000063777,0.13117730000521988,0.009351800006697886,0.18967150000389665,0.0,0.0
393,chebyshev_d5_I2,112,3,29,393,0.013185499992687255,0.0795155999949202,0.1407794999977341,0.007751099998131394,0.24123169998347294,0.0,0.0
394,least_squares_d5_I1,603,8,26,394,0.012566500008688308,0.07996529999945778,0.13992799998959526,0.007905499995104037,0.2403652999928454,0.0,0.0
395,least_squares_d5_I1,633,2,23,395,0.012469099994632415,0.08014449999609496,0.14331259999016766,0.007717200001934543,0.24364339998282958,0.0,0.0
396,chebyshev_d5_I1,259,6,29,396,0.013332599992281757,0.0834169000008842,0.1456254000077024,0.0077419000008376315,0.250116800001706,0.0,0.0
397,chebyshev_d3_I1,949,1,2,397,0.00982079999812413,0.03873790000216104,0.13105470000300556,0.008177499999874271,0.187790900003165,0.0,0.0
398,least_squares_d5_I2,589,4,12,398,0.012434300006134436,0.08303090000117663,0.14529259999108035,0.008012799997231923,0.24877059999562334,0.0,0.0
399,chebyshev_d5_I2,603,8,18,399,0.012925000002724119,0.08036300000094343,0.14260449999710545,0.007801800005836412,0.2436943000066094,0.0,0.0
400,least_squares_d5_I2,589,4,17,400,0.013357100004213862,0.0824136000010185,0.14195859999745153,0.007891399989603087,0.24562069999228697,0.0,0.0
401,chebyshev_d5_I2,481,9,27,401,0.01281429998925887,0.08052260000840761,0.1399684000061825,0.007817399993655272,0.24112269999750424,0.0,0.0
402,least_squares_d3_I1,112,3,24,402,0.009614400012651458,0.03865990000485908,0.1327809999929741,0.007949599996209145,0.1890049000066938,0.0,0.0
403,chebyshev_d3_I1,112,3,6,403,0.009279099991545081,0.038935799995670095,0.1302241000084905,0.008305499999551103,0.18674449999525677,0.0,0.0
404,least_squares_d5_I1,603,8,18,404,0.012541299991426058,0.08153500000480562,0.14342690000194125,0.007941899995785207,0.24544509999395814,0.0,0.0
405,chebyshev_d3_I1,411,7,17,405,0.00939720000314992,0.038703400001395494,0.13209500000812113,0.008113100004266016,0.18830870001693256,0.0,0.0
406,chebyshev_d5_I1,259,6,1,406,0.01279509998857975,0.08141610000166111,0.14344379999965895,0.007961800001794472,0.24561679999169428,0.0,0.0
407,least_squares_d5_I1,589,4,4,407,0.012382200002321042,0.08196019999741111,0.13957420000224374,0.0076686999964294955,0.2415852999984054,0.0,0.0
408,chebyshev_d5_I1,586,0,3,408,0.012764999992214143,0.08714740000141319,0.1431897000002209,0.007883900005253963,0.2509859999991022,0.0,0.0
409,chebyshev_d3_I1,411,7,27,409,0.009476199993514456,0.03952890000073239,0.13212390000990126,0.008054499994614162,0.18918349999876227,0.0,0.0
410,least_squares_d5_I2,411,7,1,410,0.012615300001925789,0.08241600000474136,0.1416250000038417,0.0077052999986335635,0.24436160000914242,0.0,0.0
411,chebyshev_d5_I2,481,9,26,411,0.012511300010373816,0.08100180000474211,0.14019560000451747,0.007941600008052774,0.24165030002768617,0.0,0.0
412,chebyshev_d5_I1,633,2,28,412,0.012531700005638413,0.08090980000270065,0.15076129999943078,0.009100499999476597,0.25330330000724643,0.0,0.0
413,chebyshev_d3_I1,481,9,14,413,0.010089200004586019,0.041773999997531064,0.1346691000071587,0.007981399990967475,0.19451370000024326,0.0,0.0
414,chebyshev_d5_I1,481,9,6,414,0.012648699994315393,0.08105590000923257,0.1441010999988066,0.007772900004056282,0.24557860000641085,0.0,0.0
415,chebyshev_d5_I2,259,6,6,415,0.012912499994854443,0.08138850000977982,0.14190979998966213,0.00797410000814125,0.24418490000243764,0.0,0.0
416,least_squares_d5_I1,603,8,17,416,0.012922299996716902,0.08157090000167955,0.14338730000599753,0.008382700005313382,0.24626320000970736,0.0,0.0
417,least_squares_d3_I1,120,5,28,417,0.009906400009640492,0.039647099998546764,0.13854049998917617,0.008927699993364513,0.19702169999072794,0.0,0.0
418,chebyshev_d5_I1,120,5,16,418,0.012784899998223409,0.08330260000366252,0.14230229999520816,0.007825399996363558,0.24621519999345765,0.0,0.0
419,least_squares_d5_I2,411,7,26,419,0.012579400005051866,0.08139540000411216,0.14097869998659007,0.00821929999801796,0.24317279999377206,0.0,0.0
420,chebyshev_d5_I1,603,8,29,420,0.012534900000900961,0.08151279999583494,0.14114120000158437,0.00792669999646023,0.2431155999947805,0.0,0.0
421,least_squares_d5_I1,120,5,20,421,0.012582800001837313,0.08187020001059864,0.14623369999753777,0.00799840000399854,0.24868510001397226,0.0,0.0
422,chebyshev_d5_I1,481,9,2,422,0.012522499993792735,0.08363130000361707,0.15006200000061654,0.007964699994772673,0.254180499992799,0.0,0.0
423,chebyshev_d5_I2,411,7,9,423,0.012644299989915453,0.08756489999359474,0.14364260000002105,0.008040700005949475,0.2518924999894807,0.0,0.0
424,least_squares_d5_I1,949,1,26,424,0.01292549999197945,0.08260920000611804,0.15125009999610484,0.00825629998871591,0.25504109998291824,0.0,0.0
425,chebyshev_d5_I2,949,1,12,425,0.01281060000474099,0.08418530000199098,0.14370570000028238,0.007890699998824857,0.2485923000058392,0.0,0.0
426,least_squares_d5_I1,481,9,1,426,0.013289999988046475,0.08146299999498297,0.1622685000038473,0.007691500009968877,0.2647129999968456,0.0,0.0
427,chebyshev_d3_I1,589,4,10,427,0.01005329999316018,0.0385208999941824,0.13318319999962114,0.007835000011255033,0.18959239999821875,0.0,0.0
428,least_squares_d5_I1,411,7,27,428,0.012782700010575354,0.08037729999341536,0.14168119999521878,0.00804000000061933,0.24288119999982882,0.0,0.0
429,least_squares_d3_I1,112,3,27,429,0.009550699993269518,0.038467800011858344,0.13023199999588542,0.008357600003364496,0.18660810000437777,0.0,0.0
430,least_squares_d5_I1,633,2,27,430,0.012736899996525608,0.08142930000030901,0.14311459999589715,0.008046000002650544,0.24532679999538232,0.0,0.0
431,chebyshev_d5_I1,481,9,10,431,0.012695700002950616,0.08018380000430625,0.14332820000709035,0.007946099998662248,0.24415380001300946,0.0,0.0
432,least_squares_d5_I1,949,1,10,432,0.012582900002598763,0.0816045999963535,0.14282969999476336,0.007985599993844517,0.24500279998756014,0.0,0.0
433,chebyshev_d5_I1,589,4,6,433,0.01282040000660345,0.08143379999091849,0.14329809999617282,0.007954600005177781,0.24550689999887254,0.0,0.0
434,least_squares_d5_I1,112,3,21,434,0.01291660001152195,0.08065109999733977,0.14272329999948852,0.00819249999767635,0.2444835000060266,0.0,0.0
435,least_squares_d3_I1,411,7,11,435,0.009353000001283363,0.039044699995429255,0.1330971999996109,0.009350799999083392,0.1908456999954069,0.0,0.0
436,chebyshev_d5_I1,633,2,11,436,0.01607339999463875,0.10648899999796413,0.14424870000220835,0.007824200001778081,0.2746352999965893,0.0,0.0
437,least_squares_d5_I2,586,0,5,437,0.012562800009618513,0.08009139999921899,0.14335980000032578,0.007842299994081259,0.24385630000324454,0.0,0.0
438,chebyshev_d5_I2,259,6,28,438,0.01329000000259839,0.0831352999957744,0.14138739999907557,0.007996900007128716,0.24580960000457708,0.0,0.0
439,chebyshev_d5_I2,120,5,20,439,0.012690100003965199,0.0799890000052983,0.13995739999518264,0.007711800004472025,0.24034830000891816,0.0,0.0
440,chebyshev_d5_I2,603,8,12,440,0.012976400001207367,0.08124340001086239,0.14112179999938235,0.007828300003893673,0.24316990001534577,0.0,0.0
441,least_squares_d5_I2,259,6,26,441,0.012710599999991246,0.08135059999767691,0.14209529999061488,0.00796210000407882,0.24411859999236185,0.0,0.0
442,least_squares_d3_I1,112,3,16,442,0.009537199992337264,0.039612699998542666,0.13238679998903535,0.00824960001045838,0.18978629999037366,0.0,0.0
443,chebyshev_d3_I1,259,6,26,443,0.009877699994831346,0.03907729999627918,0.13036569999530911,0.007721499991021119,0.18704219997744076,0.0,0.0
444,chebyshev_d3_I1,481,9,21,444,0.00984980000066571,0.03921109999646433,0.13220799999544397,0.00810500000079628,0.1893738999933703,0.0,0.0
445,least_squares_d5_I2,603,8,0,445,0.012486099993111566,0.08081749999837484,0.1489553999999771,0.007807600006344728,0.2500665999978082,0.0,0.0
446,least_squares_d5_I2,603,8,17,446,0.012435500000719912,0.0806435000122292,0.14225830000941642,0.007677999994484708,0.24301530001685023,0.0,0.0
447,chebyshev_d5_I1,411,7,8,447,0.012765699997544289,0.08132730000943411,0.13927800000237767,0.007765999995172024,0.2411370000045281,0.0,0.0
448,chebyshev_d5_I1,112,3,27,448,0.012692700009210967,0.08114070000010543,0.14123900000413414,0.007862500002374873,0.2429349000158254,0.0,0.0
449,chebyshev_d3_I1,120,5,4,449,0.009548600006382912,0.03997710000840016,0.1304487000015797,0.007913000008556992,0.18788740002491977,0.0,0.0
450,chebyshev_d5_I1,586,0,19,450,0.012592799990670756,0.08232050000515301,0.14128250000067055,0.00853189999179449,0.2447276999882888,0.0,0.0
451,least_squares_d5_I1,112,3,2,451,0.012941099994350225,0.08366760000353679,0.14072950000991113,0.008527600002707914,0.24586580001050606,0.0,0.0
452,chebyshev_d5_I1,120,5,8,452,0.01256180000200402,0.08015319998958148,0.14261939999414608,0.008075100005953573,0.24340949999168515,0.0,0.0
453,least_squares_d5_I2,259,6,10,453,0.012654200007091276,0.0811087000038242,0.14004500000737607,0.007784300003550015,0.24159220002184156,0.0,0.0
454,chebyshev_d5_I2,589,4,0,454,0.01284470000246074,0.0813274999964051,0.1642394999944372,0.00840740000421647,0.2668190999975195,0.0,0.0
455,chebyshev_d5_I1,411,7,15,455,0.016269899992039427,0.08660999999847263,0.14357949999975972,0.008232899999711663,0.25469229998998344,0.0,0.0
456,chebyshev_d3_I1,949,1,19,456,0.00984529999550432,0.0395420999993803,0.13468170000123791,0.008550600003218278,0.1926196999993408,0.0,0.0
457,chebyshev_d3_I1,586,0,27,457,0.009507700000540353,0.03925699999672361,0.13202359998831525,0.007842299994081259,0.18863059997966047,0.0,0.0
458,chebyshev_d5_I2,949,1,25,458,0.012695700002950616,0.08158230000117328,0.1454498999955831,0.012838800001190975,0.252566700000898,0.0,0.0
459,least_squares_d5_I2,112,3,24,459,0.017686299994238652,0.08554899999580812,0.14556040000752546,0.009818799997447059,0.2586144999950193,0.0,0.0
460,chebyshev_d5_I2,259,6,10,460,0.012727799999993294,0.08099289999518078,0.14396299999498297,0.007873700000345707,0.24555739999050274,0.0,0.0
461,least_squares_d3_I1,112,3,18,461,0.009486099996138364,0.039092799997888505,0.1301004999986617,0.008103300002403557,0.18678269999509212,0.0,0.0
462,chebyshev_d3_I1,586,0,20,462,0.009357500006444752,0.03903810000338126,0.13278040000295732,0.009289599998737685,0.19046560001152102,0.0,0.0
463,chebyshev_d5_I1,120,5,24,463,0.012641399996937253,0.08053369999106508,0.1402758000040194,0.007921200012788177,0.2413721000048099,0.0,0.0
464,chebyshev_d5_I2,586,0,20,464,0.01282099999662023,0.08302590000675991,0.14364540000678971,0.00855769999907352,0.24805000000924338,0.0,0.0
465,least_squares_d5_I2,411,7,19,465,0.012696300007519312,0.08255150000331923,0.14103319999412633,0.007803699991200119,0.244084699996165,0.0,0.0
466,least_squares_d5_I1,603,8,12,466,0.012491500005126,0.08002039999701083,0.14196940000692848,0.00797620000957977,0.24245750001864508,0.0,0.0
467,chebyshev_d3_I1,949,1,25,467,0.009371699998155236,0.038579400003072806,0.1311314000049606,0.007811699993908405,0.18689420000009704,0.0,0.0
468,chebyshev_d3_I1,112,3,0,468,0.009704000010970049,0.03898440000193659,0.13354450000042561,0.008261399998445995,0.19049430001177825,0.0,0.0
469,least_squares_d5_I2,949,1,12,469,0.012694199991528876,0.08962369999790099,0.1472827999969013,0.008038699990720488,0.25763939997705165,0.0,0.0
470,chebyshev_d5_I1,120,5,25,470,0.012906300005852245,0.08268469999893568,0.14096109999809414,0.007891400004155003,0.24444350000703707,0.0,0.0
471,least_squares_d3_I1,112,3,22,471,0.00954970000020694,0.039347799989627674,0.1328981999977259,0.007732900005066767,0.18952859999262728,0.0,0.0
472,chebyshev_d5_I2,112,3,9,472,0.012558699992951006,0.08071939999354072,0.14202540001133457,0.008447999993222766,0.24375149999104906,0.0,0.0
473,chebyshev_d5_I2,259,6,13,473,0.012368200012133457,0.08793559999321587,0.1437817999976687,0.008935899997595698,0.25302150000061374,0.0,0.0
474,chebyshev_d5_I1,411,7,27,474,0.012971699994523078,0.08274340000934899,0.14407639999990351,0.00813170000037644,0.24792320000415202,0.0,0.0
475,chebyshev_d3_I1,120,5,1,475,0.009331299996119924,0.039678200002526864,0.1301711999985855,0.008553099993150681,0.18773379999038298,0.0,0.0
476,least_squares_d5_I1,633,2,9,476,0.012538499999209307,0.0812104999931762,0.14489120000507683,0.008340700005646795,0.24698090000310913,0.0,0.0
477,chebyshev_d5_I2,411,7,11,477,0.012606899996171705,0.08257569999841508,0.14247710000199731,0.008730800007469952,0.24639050000405405,0.0,0.0
478,least_squares_d3_I1,112,3,25,478,0.00979630000074394,0.040083299987600185,0.132951999999932,0.0077459000021917745,0.1905774999904679,0.0,0.0
479,chebyshev_d5_I2,589,4,22,479,0.01281600000220351,0.08022809999238234,0.1411967000021832,0.008282499999040738,0.2425232999958098,0.0,0.0
480,chebyshev_d3_I1,481,9,12,480,0.009869399989838712,0.03963159999693744,0.1311210999992909,0.008075099991401657,0.1886971999774687,0.0,0.0
481,least_squares_d3_I1,481,9,17,481,0.009425800002645701,0.038681200006976724,0.13025270000798628,0.007808399997884408,0.1861681000154931,0.0,0.0
482,least_squares_d3_I1,120,5,22,482,0.00970450000022538,0.038746000005630776,0.13213340000947937,0.008111500006634742,0.18869540002197027,0.0,0.0
483,least_squares_d5_I2,411,7,10,483,0.012639800013857894,0.0809131999994861,0.1447694000089541,0.008468300002277829,0.24679070002457593,0.0,0.0
484,chebyshev_d5_I1,120,5,29,484,0.012799600008293055,0.08095160000084434,0.14226329998928122,0.00781769999593962,0.24383219999435823,0.0,0.0
485,least_squares_d5_I1,633,2,15,485,0.012735500000417233,0.08167469999170862,0.14269809999677818,0.008215599998948164,0.2453238999878522,0.0,0.0
486,least_squares_d5_I1,949,1,6,486,0.012432300005457364,0.08044689999951515,0.14358099999662954,0.007914500005426817,0.24437470000702888,0.0,0.0
487,chebyshev_d5_I2,589,4,6,487,0.012816899994504638,0.08275099999445956,0.1420891999878222,0.0077160000073490664,0.24537309998413548,0.0,0.0
488,chebyshev_d5_I1,603,8,14,488,0.012836599998991005,0.08331230000476353,0.14266820000193547,0.007947200007038191,0.2467643000127282,0.0,0.0
489,chebyshev_d5_I2,259,6,19,489,0.012582499999552965,0.08022220000566449,0.1407658999960404,0.007861799997044727,0.24143239999830257,0.0,0.0
490,chebyshev_d5_I1,603,8,1,490,0.012653900004806928,0.08403030000044964,0.1416075000015553,0.007733300008112565,0.24602500001492444,0.0,0.0
491,least_squares_d5_I1,589,4,24,491,0.013641599987749942,0.08191179999266751,0.14033249999920372,0.007981699993251823,0.243867599972873,0.0,0.0
492,chebyshev_d3_I1,589,4,15,492,0.009368399987579323,0.03881159999582451,0.13089990000298712,0.008437000011326745,0.1875168999977177,0.0,0.0
493,chebyshev_d5_I2,633,2,15,493,0.015608399990014732,0.08282079998753034,0.14039490000868682,0.007954699991387315,0.2467787999776192,0.0,0.0
494,least_squares_d5_I2,603,8,9,494,0.012583100004121661,0.07992889999877661,0.1444379000022309,0.007716799998888746,0.2446667000040179,0.0,0.0
495,least_squares_d3_I1,633,2,25,495,0.0097578999993857,0.03895020000345539,0.13214630000584293,0.00830820000555832,0.18916260001424234,0.0,0.0
496,least_squares_d5_I1,603,8,11,496,0.012973800010513514,0.08154800000193063,0.14153039999655448,0.007935300003737211,0.24398750001273584,0.0,0.0
497,chebyshev_d5_I2,633,2,5,497,0.013165800002752803,0.08146950000082143,0.1406342999980552,0.0077231000032043085,0.24299270000483375,0.0,0.0
498,least_squares_d5_I1,603,8,9,498,0.012712299998383969,0.08137349999742582,0.1435392999992473,0.008620900000096299,0.2462459999951534,0.0,0.0
499,least_squares_d5_I2,603,8,2,499,0.012734999996609986,0.08147059999464545,0.14228739999816753,0.007655099994735792,0.24414809998415876,0.0,0.0
500,least_squares_d5_I1,411,7,17,500,0.012675999998464249,0.08206819999031723,0.14323260000674054,0.007653699998627417,0.24563049999414943,0.0,0.0
501,least_squares_d5_I1,586,0,26,501,0.012763300008373335,0.08035720000043511,0.14089599999715574,0.008190500011551194,0.24220700001751538,0.0,0.0
502,chebyshev_d3_I1,633,2,18,502,0.009363500008475967,0.04164459998719394,0.16724119998980314,0.012245099991559982,0.23049439997703303,0.0,0.0
503,least_squares_d3_I1,481,9,9,503,0.01365379999333527,0.04841329999908339,0.16208460000052582,0.013156899993191473,0.23730859998613596,0.0,0.0
504,chebyshev_d5_I1,603,8,18,504,0.01698980000219308,0.10303690000728238,0.14266240000142716,0.008130999995046295,0.2708201000059489,0.0,0.0
505,least_squares_d3_I1,586,0,28,505,0.009681199997430667,0.0391791000001831,0.13209690000803676,0.007697699998971075,0.1886549000046216,0.0,0.0
506,chebyshev_d3_I1,481,9,26,506,0.009724300005473197,0.038949699999648146,0.1313743000064278,0.007943200005684048,0.1879915000172332,0.0,0.0
507,chebyshev_d5_I2,411,7,4,507,0.012400500010699034,0.08038260000466835,0.1414747999951942,0.007852499998989515,0.24211040000955109,0.0,0.0
508,least_squares_d5_I2,589,4,16,508,0.01293430000077933,0.08158350001031067,0.14349099999526516,0.008816600005957298,0.24682540001231246,0.0,0.0
509,least_squares_d3_I1,633,2,22,509,0.009480999986408278,0.04012140000122599,0.1318403000041144,0.007858099997974932,0.1893007999897236,0.0,0.0
510,least_squares_d3_I1,949,1,16,510,0.0096756999992067,0.03928369999630377,0.13265219998720568,0.008111499992082827,0.18972309997479897,0.0,0.0
511,least_squares_d5_I2,120,5,9,511,0.012446399996406399,0.08110679998935666,0.1460264999914216,0.009790700001758523,0.24937039997894317,0.0,0.0
512,least_squares_d5_I1,112,3,6,512,0.013400099996943027,0.08245030000398401,0.14287480000348296,0.008228999999118969,0.24695420000352897,0.0,0.0
513,least_squares_d5_I2,259,6,1,513,0.012542900003609248,0.08074169998872094,0.14489369999500923,0.00844150000193622,0.24661979998927563,0.0,0.0
514,least_squares_d5_I1,259,6,6,514,0.014309599995613098,0.08340869999665301,0.1479296999896178,0.008199400006560609,0.2538473999884445,0.0,0.0
515,chebyshev_d3_I1,633,2,15,515,0.009338299991213717,0.0385826999990968,0.1305053000105545,0.008269400001154281,0.1866957000020193,0.0,0.0
516,chebyshev_d5_I2,120,5,10,516,0.013291099996422417,0.08132610000029672,0.14283539999451023,0.008171800000127405,0.24562439999135677,0.0,0.0
517,least_squares_d3_I1,259,6,12,517,0.009367300008307211,0.039980999994440936,0.12983360000362154,0.008156600000802428,0.18733850000717212,0.0,0.0
518,chebyshev_d5_I2,411,7,13,518,0.012483899990911596,0.07975939998868853,0.14285499999823514,0.007752899997285567,0.24285119997512084,0.0,0.0
519,chebyshev_d3_I1,589,4,20,519,0.00965699998778291,0.03864369999791961,0.13193740000133403,0.008223199998610653,0.1884612999856472,0.0,0.0
520,chebyshev_d5_I2,589,4,29,520,0.012622800000826828,0.08181229999172501,0.14225819999410305,0.007646400001249276,0.24433969998790417,0.0,0.0
521,chebyshev_d3_I1,603,8,4,521,0.009587999986251816,0.03864050000265706,0.16558210000221152,0.012900700006866828,0.22671129999798723,0.0,0.0
522,least_squares_d3_I1,481,9,29,522,0.012941499997396022,0.04660649999277666,0.13738449999073055,0.009239500010153279,0.2061719999910565,0.0,0.0
523,least_squares_d3_I1,589,4,21,523,0.009673100008512847,0.03926799999317154,0.13116650001029484,0.007923800003482029,0.18803140001546126,0.0,0.0
524,least_squares_d5_I2,112,3,19,524,0.01245809999818448,0.08111690000805538,0.144362099992577,0.0077331999927992,0.24567029999161605,0.0,0.0
525,least_squares_d3_I1,481,9,13,525,0.00962240000080783,0.039401900008670054,0.147954000000027,0.012756900003296323,0.20973520001280122,0.0,0.0
526,chebyshev_d5_I1,411,7,24,526,0.01637050000135787,0.09320170000137296,0.15597439999692142,0.007868199987569824,0.27341479998722207,0.0,0.0
527,chebyshev_d5_I1,120,5,20,527,0.013017600009334274,0.08207910000055563,0.141343199997209,0.007809000002453104,0.24424890000955202,0.0,0.0
528,chebyshev_d5_I2,586,0,18,528,0.012561499999719672,0.08076169999549165,0.14276329999847803,0.007966999997734092,0.24405349999142345,0.0,0.0
529,chebyshev_d5_I2,586,0,10,529,0.012446000007912517,0.0806150999997044,0.14049800000793766,0.008345900001586415,0.241905000017141,0.0,0.0
530,least_squares_d5_I1,259,6,10,530,0.01275960000930354,0.08106530000804923,0.1470186999940779,0.009028799991938286,0.24987240000336897,0.0,0.0
531,least_squares_d5_I2,120,5,27,531,0.013190199999371544,0.0813205000013113,0.14074540000001434,0.008210300002247095,0.24346640000294428,0.0,0.0
532,chebyshev_d5_I2,586,0,25,532,0.01259879999270197,0.07960959999763872,0.14107549999607727,0.007814399999915622,0.2410982999863336,0.0,0.0
533,least_squares_d3_I1,259,6,14,533,0.00972669999464415,0.03854350000619888,0.1304595999972662,0.007934399996884167,0.1866641999949934,0.0,0.0
534,chebyshev_d5_I1,586,0,12,534,0.012607399999978952,0.08070629999565426,0.1441960999945877,0.0077957000030437484,0.24530549999326468,0.0,0.0
535,least_squares_d5_I2,112,3,11,535,0.012732699993648566,0.08115689999249298,0.14176210000005085,0.008265299999038689,0.2439169999852311,0.0,0.0
536,chebyshev_d5_I1,586,0,13,536,0.01272179999796208,0.08184420000179671,0.14367079999647103,0.00789029999577906,0.24612709999200888,0.0,0.0
537,least_squares_d5_I2,603,8,11,537,0.012401400003000163,0.08056170000054408,0.14152669999748468,0.007912300003226846,0.24240210000425577,0.0,0.0
538,chebyshev_d3_I1,603,8,21,538,0.009662600001320243,0.03985100000863895,0.13310500000079628,0.00812450000375975,0.19074310001451522,0.0,0.0
539,chebyshev_d5_I1,589,4,20,539,0.01243149999936577,0.08563380000123288,0.14081220001389738,0.0077228000009199604,0.246600300015416,0.0,0.0
540,least_squares_d5_I2,949,1,27,540,0.012899499997729436,0.0895648000005167,0.1433240000042133,0.008056100006797351,0.2538444000092568,0.0,0.0
541,chebyshev_d3_I1,586,0,19,541,0.009402100011357106,0.039154900005087256,0.1317609999969136,0.00807409999833908,0.18839210001169704,0.0,0.0
542,least_squares_d3_I1,112,3,0,542,0.009355000001960434,0.039337499998509884,0.15545609999389853,0.009208400006173179,0.21335700000054203,0.0,0.0
543,least_squares_d5_I1,120,5,6,543,0.012794800000847317,0.08072729999548756,0.14050210001005325,0.008007700002053753,0.24203190000844188,0.0,0.0
544,chebyshev_d5_I2,120,5,13,544,0.012871300001279451,0.08051159999740776,0.14144029999442864,0.008217299997340888,0.24304049999045674,0.0,0.0
545,least_squares_d5_I2,633,2,18,545,0.01261809999414254,0.08026950000203215,0.14034250000258908,0.007710399993811734,0.2409404999925755,0.0,0.0
546,least_squares_d3_I1,589,4,15,546,0.009842500003287569,0.03829389999737032,0.1317581000039354,0.00794799999857787,0.18784250000317115,0.0,0.0
547,least_squares_d3_I1,481,9,25,547,0.009449100005440414,0.03855920000933111,0.1312857000011718,0.008134600007906556,0.18742860002384987,0.0,0.0
548,chebyshev_d3_I1,411,7,26,548,0.009446399999433197,0.039453499994124286,0.13424549999763258,0.007851399990613572,0.19099679998180363,0.0,0.0
549,least_squares_d3_I1,481,9,8,549,0.009620700002415106,0.0380758999963291,0.1319260000018403,0.007896099996287376,0.18751869999687187,0.0,0.0
550,least_squares_d5_I1,120,5,10,550,0.012304199990467168,0.08066399999370333,0.14803219999885187,0.007741300010820851,0.2487416999938432,0.0,0.0
551,chebyshev_d3_I1,589,4,7,551,0.009373799999593757,0.038773399995989166,0.1292950000060955,0.007904799989773892,0.18534699999145232,0.0,0.0
552,least_squares_d5_I2,259,6,0,552,0.012472000002162531,0.07955609999771696,0.14394889998948202,0.007951599996886216,0.24392859998624772,0.0,0.0
553,chebyshev_d5_I2,481,9,11,553,0.013010800001211464,0.08106060000136495,0.14061219998984598,0.007972699997480959,0.24265629998990335,0.0,0.0
554,least_squares_d5_I1,411,7,10,554,0.013042400008998811,0.08131420001154765,0.142617399993469,0.007718300010310486,0.24469230002432596,0.0,0.0
555,chebyshev_d5_I1,411,7,22,555,0.012647499999729916,0.080214600006002,0.14169519999995828,0.007864800005336292,0.2424221000110265,0.0,0.0
556,least_squares_d3_I1,120,5,11,556,0.009778099993127398,0.03940820001298562,0.13206910000008065,0.007917299997643568,0.18917270000383724,0.0,0.0
557,chebyshev_d5_I1,603,8,8,557,0.01301949999469798,0.08226809999905527,0.14578140000230633,0.009690799997770227,0.2507597999938298,0.0,0.0
558,least_squares_d5_I1,120,5,1,558,0.01476109999930486,0.09260050000739284,0.1406721999956062,0.008056600010604598,0.2560904000129085,0.0,0.0
559,chebyshev_d5_I2,481,9,22,559,0.01257150000310503,0.08845120000478346,0.15377299999818206,0.008208899991586804,0.26300459999765735,0.0,0.0
560,least_squares_d3_I1,589,4,11,560,0.00993110000854358,0.04164419999870006,0.13399260000733193,0.007700800008024089,0.19326870002259966,0.0,0.0
561,least_squares_d3_I1,411,7,13,561,0.01011859999562148,0.03912149999814574,0.13441740001144353,0.007828699992387556,0.1914861999975983,0.0,0.0
562,chebyshev_d5_I1,589,4,21,562,0.012222099991049618,0.09088860001065768,0.14091909999842755,0.008055999991483986,0.25208579999161884,0.0,0.0
563,least_squares_d5_I1,481,9,12,563,0.012915400002384558,0.08188080000400078,0.14140300000144634,0.0077529999980470166,0.2439522000058787,0.0,0.0
564,chebyshev_d5_I1,603,8,21,564,0.012557800000649877,0.08167539999703877,0.14252389999455772,0.007990900005097501,0.24474799999734387,0.0,0.0
565,least_squares_d5_I1,120,5,26,565,0.012657900006161071,0.08180679999350104,0.1438390000112122,0.008001099995453842,0.24630480000632815,0.0,0.0
566,chebyshev_d5_I1,633,2,7,566,0.012767099993652664,0.07963249999738764,0.14398040001105983,0.0081101999967359,0.24449019999883603,0.0,0.0
567,least_squares_d3_I1,589,4,6,567,0.009453900012886152,0.038623799991910346,0.13176940000266768,0.007850399997550994,0.18769750000501517,0.0,0.0
568,chebyshev_d5_I2,603,8,24,568,0.012587999997776933,0.08028009999543428,0.14039430000411812,0.007793800003128126,0.24105620000045747,0.0,0.0
569,least_squares_d5_I2,259,6,8,569,0.013070300003164448,0.08635070000309497,0.14447410000138916,0.007740600005490705,0.2516357000131393,0.0,0.0
570,least_squares_d5_I2,633,2,10,570,0.012814600006095134,0.08122110000113025,0.14252249999844935,0.00776659999974072,0.24432480000541545,0.0,0.0
571,least_squares_d3_I1,411,7,19,571,0.009440200010430999,0.03937069998937659,0.1328773999994155,0.0077674000058323145,0.1894557000050554,0.0,0.0
572,chebyshev_d3_I1,411,7,15,572,0.009519699990050867,0.03872599999886006,0.1317955999984406,0.008002399990800768,0.1880436999781523,0.0,0.0
573,least_squares_d3_I1,603,8,12,573,0.009330999993835576,0.03925030000391416,0.13253020000411198,0.008166700004949234,0.18927820000681095,0.0,0.0
574,least_squares_d5_I1,949,1,23,574,0.012635300008696504,0.08181859999604058,0.14441310000256635,0.007958300004247576,0.246825300011551,0.0,0.0
575,least_squares_d5_I2,120,5,29,575,0.012628099997527897,0.08064399998693261,0.13987040000210982,0.007799200000590645,0.24094169998716097,0.0,0.0
576,least_squares_d5_I2,112,3,15,576,0.012696199992205948,0.08021099999314174,0.1420974000066053,0.008059800005867146,0.24306439999782015,0.0,0.0
577,least_squares_d3_I1,603,8,24,577,0.009459500011871569,0.03860430000349879,0.12930210000195075,0.007648899991181679,0.1850148000085028,0.0,0.0
578,chebyshev_d5_I1,949,1,27,578,0.013473399987560697,0.08145309999235906,0.14202949999889825,0.00998519999848213,0.24694119997730013,0.0,0.0
579,chebyshev_d3_I1,603,8,17,579,0.011670299994875677,0.04023850000521634,0.1303353999974206,0.007710899997618981,0.1899550999951316,0.0,0.0
580,least_squares_d5_I1,259,6,11,580,0.012627999996766448,0.08058490000257734,0.14057570000295527,0.00818499999877531,0.24197360000107437,0.0,0.0
581,chebyshev_d5_I2,633,2,14,581,0.012707499990938231,0.07953039999119937,0.1419195999915246,0.007689400008530356,0.24184689998219255,0.0,0.0
582,chebyshev_d3_I1,259,6,22,582,0.009438300010515377,0.03855470000416972,0.13149549999798182,0.008167699998011813,0.18765620001067873,0.0,0.0
583,least_squares_d5_I1,586,0,13,583,0.012495999995735474,0.08007550000911579,0.14053119999880437,0.007915700000012293,0.24101840000366792,0.0,0.0
584,least_squares_d5_I1,112,3,16,584,0.01268770000024233,0.08099299999594223,0.1437344000005396,0.008140799996908754,0.24555589999363292,0.0,0.0
585,least_squares_d5_I1,949,1,14,585,0.012518999996245839,0.08030230000440497,0.14320770000631455,0.008075699995970353,0.24410470000293572,0.0,0.0
586,chebyshev_d3_I1,589,4,29,586,0.009616399998776615,0.03903329999593552,0.1349396000005072,0.00796059999265708,0.19154989998787642,0.0,0.0
587,least_squares_d3_I1,589,4,13,587,0.00927350000711158,0.044570300000486895,0.1318215999926906,0.00806880000163801,0.1937342000019271,0.0,0.0
588,chebyshev_d5_I2,949,1,10,588,0.01255430000310298,0.08105249999789521,0.1440848000056576,0.007810099996277131,0.24550170000293292,0.0,0.0
589,chebyshev_d3_I1,949,1,10,589,0.00953119999030605,0.03862890000164043,0.13088240000070073,0.00795549999747891,0.18699799999012612,0.0,0.0
590,chebyshev_d5_I1,120,5,4,590,0.012931899997056462,0.08017990000371356,0.14121800000430085,0.007753700003377162,0.24208350000844803,0.0,0.0
591,chebyshev_d5_I1,411,7,12,591,0.012733900002785958,0.08093660000304226,0.14170530000410508,0.007935999994515441,0.24331180000444874,0.0,0.0
592,least_squares_d5_I2,603,8,18,592,0.012602799994056113,0.08242649999738205,0.1432206000026781,0.008254000000306405,0.24650389999442268,0.0,0.0
593,least_squares_d5_I1,586,0,2,593,0.0124121999979252,0.08059179999690969,0.14131300000008196,0.008152599999448285,0.24246959999436513,0.0,0.0
594,least_squares_d5_I2,586,0,21,594,0.013507199997548014,0.08114030001161154,0.14485810000041965,0.008039099993766285,0.2475447000033455,0.0,0.0
595,least_squares_d3_I1,112,3,13,595,0.009335800001281314,0.038720899989129975,0.1311509999941336,0.007722299997112714,0.1869299999816576,0.0,0.0
596,chebyshev_d5_I1,411,7,21,596,0.012623899994650856,0.08186269999714568,0.14308650000020862,0.008051199998590164,0.24562429999059532,0.0,0.0
597,chebyshev_d5_I1,633,2,26,597,0.012834499997552484,0.07998090000182856,0.1403647999977693,0.007765200003632344,0.24094540000078268,0.0,0.0
598,least_squares_d5_I2,589,4,1,598,0.012624199996935204,0.08616069999698084,0.14158900000620633,0.007725300005404279,0.24809920000552665,0.0,0.0
599,chebyshev_d3_I1,259,6,11,599,0.009687800004030578,0.03869220000342466,0.13087709998944774,0.007869900000514463,0.18712699999741744,0.0,0.0
600,least_squares_d5_I2,481,9,2,600,0.01304839999647811,0.08296499999414664,0.14363659999798983,0.007803899992723018,0.2474538999813376,0.0,0.0
601,chebyshev_d5_I2,481,9,5,601,0.013212199992267415,0.08239809999940917,0.14102070000080857,0.008190900000045076,0.24482189999253023,0.0,0.0
602,chebyshev_d5_I2,259,6,16,602,0.012620000008610077,0.08103020000271499,0.1425086000090232,0.007859699995606206,0.2440185000159545,0.0,0.0
603,least_squares_d5_I2,603,8,22,603,0.012613099999725819,0.08111590000044089,0.14217719998850953,0.008212200002162717,0.24411839999083895,0.0,0.0
604,chebyshev_d5_I2,259,6,12,604,0.012790099994163029,0.08416320000833366,0.16407440000330098,0.012368600000627339,0.273396300006425,0.0,0.0
605,chebyshev_d5_I1,949,1,3,605,0.01573740001185797,0.10138559999177232,0.16621440000017174,0.0077378999994834885,0.2910753000032855,0.0,0.0
606,chebyshev_d5_I2,481,9,9,606,0.013159099995391443,0.08173649999662302,0.14300670000375248,0.008066099995630793,0.24596839999139775,0.0,0.0
607,chebyshev_d5_I2,949,1,18,607,0.012611700003617443,0.08484359999420121,0.14201999999932013,0.007913800000096671,0.24738909999723546,0.0,0.0
608,least_squares_d5_I1,120,5,29,608,0.01226909999968484,0.08174359999247827,0.1517496000014944,0.008155900010024197,0.2539182000036817,0.0,0.0
609,least_squares_d3_I1,603,8,1,609,0.00973109999904409,0.03892029999406077,0.1316517999948701,0.007770700001856312,0.18807389998983126,0.0,0.0
610,chebyshev_d5_I1,603,8,19,610,0.012706800000160001,0.08109669999976177,0.14388509999844246,0.008298099986859597,0.24598669998522382,0.0,0.0
611,chebyshev_d5_I2,259,6,3,611,0.012745200001518242,0.08160309999948367,0.14248330000555143,0.007939800008898601,0.24477140001545195,0.0,0.0
612,least_squares_d5_I2,259,6,3,612,0.013617999997222796,0.08097509999061003,0.1419675999932224,0.008001199996215291,0.2445618999772705,0.0,0.0
613,least_squares_d3_I1,586,0,24,613,0.010102900007041171,0.04010360001120716,0.1302880000002915,0.007869399996707216,0.18836390001524705,0.0,0.0
614,least_squares_d3_I1,411,7,12,614,0.009262499996111728,0.03913079999620095,0.13925249999738298,0.009895800001686439,0.1975415999913821,0.0,0.0
615,chebyshev_d3_I1,633,2,1,615,0.013530899988836609,0.04585149999184068,0.12997580000956077,0.007682199997361749,0.1970403999875998,0.0,0.0
616,least_squares_d5_I2,120,5,19,616,0.012563600001158193,0.07976490000146441,0.14449489999969956,0.008006900010514073,0.24483030001283623,0.0,0.0
617,least_squares_d3_I1,259,6,18,617,0.010055200007627718,0.03898270000354387,0.13157690000662114,0.007897999996202998,0.18851280001399573,0.0,0.0
618,least_squares_d3_I1,603,8,8,618,0.009698699999717064,0.03861079999478534,0.13077060000796337,0.00798429999849759,0.18706440000096336,0.0,0.0
619,chebyshev_d5_I1,603,8,23,619,0.01249660000030417,0.0805465000012191,0.13981339999008924,0.007761000000755303,0.2406174999923678,0.0,0.0
620,least_squares_d3_I1,259,6,25,620,0.009514599994872697,0.03913750000356231,0.13086619999376126,0.007983399991644546,0.1875016999838408,0.0,0.0
621,least_squares_d5_I2,586,0,25,621,0.012791699991794303,0.0798540999967372,0.14289270000881515,0.00825780000013765,0.2437962999974843,0.0,0.0
622,least_squares_d5_I1,586,0,22,622,0.01284999999916181,0.08333580000908114,0.14389059999666642,0.00802500000281725,0.24810140000772662,0.0,0.0
623,chebyshev_d3_I1,603,8,22,623,0.009664299999712966,0.03941399999894202,0.1360290000011446,0.007817300007445738,0.19292460000724532,0.0,0.0
624,least_squares_d5_I2,481,9,12,624,0.012669899995671585,0.0805613000120502,0.14124539999465924,0.007815899996785447,0.24229249999916647,0.0,0.0
625,least_squares_d5_I2,112,3,27,625,0.0125706000108039,0.07986370001162868,0.13879500000621192,0.007832000002963468,0.23906130003160797,0.0,0.0
626,least_squares_d5_I1,586,0,10,626,0.012916899999254383,0.08027439999568742,0.1476595999993151,0.007794799996190704,0.2486456999904476,0.0,0.0
627,chebyshev_d5_I2,112,3,22,627,0.01253349999024067,0.08097670000279322,0.1399797999911243,0.008002500006114133,0.24149249999027234,0.0,0.0
628,least_squares_d3_I1,586,0,14,628,0.009311100002378225,0.038483399999677204,0.13325559999793768,0.007745200011413544,0.18879530001140665,0.0,0.0
629,least_squares_d5_I2,586,0,15,629,0.012746600012178533,0.07942979999643285,0.1408173999952851,0.007773600009386428,0.2407674000132829,0.0,0.0
630,least_squares_d5_I1,411,7,3,630,0.01247000000148546,0.08150989998830482,0.15181680000387132,0.008308299991767853,0.25410499998542946,0.0,0.0
631,least_squares_d3_I1,481,9,15,631,0.009354599998914637,0.03956010000547394,0.13054399999964517,0.008052699995459989,0.18751139999949373,0.0,0.0
632,chebyshev_d3_I1,112,3,22,632,0.00947930000256747,0.03940949999378063,0.13216029999603052,0.007887699990533292,0.1889367999829119,0.0,0.0
633,chebyshev_d5_I1,603,8,22,633,0.012789700005669147,0.08050969999749213,0.144485100012389,0.0077203000109875575,0.24550480002653785,0.0,0.0
634,least_squares_d5_I2,586,0,17,634,0.012482700010878034,0.08128850000503007,0.1416565000108676,0.007935299989185296,0.243363000015961,0.0,0.0
635,chebyshev_d5_I1,481,9,1,635,0.012402699998347089,0.08062579999386799,0.14053199999034405,0.008566000004066154,0.24212649998662528,0.0,0.0
636,chebyshev_d5_I2,603,8,17,636,0.01259589999972377,0.08539130000281148,0.14179329999024048,0.0078295999992406,0.24761009999201633,0.0,0.0
637,chebyshev_d3_I1,589,4,21,637,0.009553100011544302,0.03887150000082329,0.13193339999997988,0.007845600004657172,0.18820360001700465,0.0,0.0
638,least_squares_d5_I2,586,0,24,638,0.012487200001487508,0.08102540000982117,0.14185090000682976,0.008017100000870414,0.24338060001900885,0.0,0.0
639,least_squares_d3_I1,949,1,10,639,0.009507099995971657,0.039612900000065565,0.13006699999095872,0.007954100001370534,0.18714109998836648,0.0,0.0
640,least_squares_d3_I1,120,5,4,640,0.009540399987599812,0.03864280000561848,0.13132190000033006,0.00796719999925699,0.18747229999280535,0.0,0.0
641,chebyshev_d3_I1,481,9,2,641,0.009592799993697554,0.03889770001114812,0.13270300001022406,0.007876699994085357,0.1890702000091551,0.0,0.0
642,least_squares_d5_I2,633,2,28,642,0.012518299990915693,0.08059209999919403,0.14069720001134556,0.0077157999912742525,0.24152339999272954,0.0,0.0
643,chebyshev_d5_I1,112,3,4,643,0.012672199998633005,0.08059749999665655,0.14017689999309368,0.008295599996927194,0.24174219998531044,0.0,0.0
644,chebyshev_d3_I1,589,4,25,644,0.009357600007206202,0.039278600001125596,0.13178919999336358,0.007719000001088716,0.1881444000027841,0.0,0.0
645,chebyshev_d5_I2,633,2,19,645,0.013498900007107295,0.08169510000152513,0.1393780000071274,0.008067400005529635,0.24263940002128948,0.0,0.0
646,chebyshev_d5_I1,481,9,21,646,0.012401200001477264,0.08440009999321774,0.1418132999970112,0.008054099991568364,0.24666869998327456,0.0,0.0
647,chebyshev_d5_I1,633,2,25,647,0.012612299993634224,0.08245839999290183,0.1409719000075711,0.008123899999191053,0.2441664999932982,0.0,0.0
648,least_squares_d3_I1,949,1,7,648,0.00968760000250768,0.03903490000811871,0.1332066000031773,0.007968599995365366,0.18989770000916906,0.0,0.0
649,least_squares_d5_I2,633,2,12,649,0.012833899992983788,0.08212550000462215,0.1419698999961838,0.009661500007496215,0.24659080000128597,0.0,0.0
650,least_squares_d5_I1,411,7,14,650,0.013560100007453002,0.08699540000816341,0.14779119999730028,0.008258699992438778,0.2566054000053555,0.0,0.0
651,chebyshev_d3_I1,112,3,15,651,0.01007279999612365,0.03972300000896212,0.1305006000038702,0.007901899996795692,0.18819830000575166,0.0,0.0
652,chebyshev_d3_I1,603,8,12,652,0.009576600001309998,0.03886359999887645,0.13115630000538658,0.00768880000396166,0.1872853000095347,0.0,0.0
653,least_squares_d3_I1,586,0,2,653,0.009563200001139194,0.03915769999730401,0.1348034000111511,0.00817559999995865,0.19169990000955295,0.0,0.0
654,least_squares_d5_I2,586,0,18,654,0.012519900003098883,0.08286860000225715,0.14292549999663606,0.008018200009246357,0.24633220001123846,0.0,0.0
655,least_squares_d5_I1,120,5,12,655,0.012802199998986907,0.08232820000557695,0.14028310000139754,0.007786500005749986,0.24320000001171138,0.0,0.0
656,chebyshev_d5_I2,949,1,16,656,0.012638400003197603,0.08709390000149142,0.14380249999521766,0.007795800003805198,0.2513306000037119,0.0,0.0
657,least_squares_d3_I1,411,7,18,657,0.009617400006391108,0.03890959999989718,0.13170199999876786,0.008166800005710684,0.18839580001076683,0.0,0.0
658,least_squares_d3_I1,633,2,10,658,0.009688600010122173,0.03862680000020191,0.1324910999974236,0.007987599994521588,0.18879410000226926,0.0,0.0
659,chebyshev_d5_I1,411,7,26,659,0.012559100010548718,0.08248610000009649,0.1408681000029901,0.00768429999880027,0.24359760001243558,0.0,0.0
660,least_squares_d5_I1,411,7,28,660,0.012774900009389967,0.08055600000079721,0.14112759999989066,0.007820099999662489,0.24227860000974033,0.0,0.0
661,chebyshev_d3_I1,603,8,5,661,0.009634000001824461,0.03878209998947568,0.13219540000136476,0.00771099999838043,0.18832249999104533,0.0,0.0
662,least_squares_d5_I1,411,7,6,662,0.012937100007547997,0.08144219999667257,0.14523309998912737,0.007867699998314492,0.24748009999166243,0.0,0.0
663,least_squares_d5_I2,949,1,29,663,0.012889899997389875,0.08102619998680893,0.141351800004486,0.00794500000483822,0.24321289999352302,0.0,0.0
664,chebyshev_d5_I2,589,4,13,664,0.012345099996309727,0.0796076999977231,0.14261110000370536,0.007790100004058331,0.24235400000179652,0.0,0.0
665,least_squares_d5_I2,120,5,10,665,0.012824500008719042,0.08169340000313241,0.14997550001135096,0.00789999999688007,0.2523934000200825,0.0,0.0
666,least_squares_d3_I1,586,0,7,666,0.009728000004542992,0.03897259999939706,0.1322319999890169,0.008500600000843406,0.18943319999380037,0.0,0.0
667,least_squares_d5_I2,259,6,13,667,0.012695299999904819,0.08233550000295509,0.13916059999610297,0.007783200009725988,0.24197460000868887,0.0,0.0
668,chebyshev_d5_I1,949,1,16,668,0.012783800004399382,0.08006609999574721,0.1423030000005383,0.008168800006387755,0.24332170000707265,0.0,0.0
669,chebyshev_d5_I1,481,9,23,669,0.012752700000419281,0.08058030001120642,0.14163329999428242,0.00785540000651963,0.24282170001242775,0.0,0.0
670,least_squares_d3_I1,112,3,14,670,0.009678700007498264,0.03989020000153687,0.1362869999866234,0.007878400007029995,0.19373430000268854,0.0,0.0
671,least_squares_d3_I1,586,0,1,671,0.009484900001552887,0.0396385000058217,0.13327710000157822,0.008057800005190074,0.19045830001414288,0.0,0.0
672,chebyshev_d5_I2,633,2,3,672,0.012608000004547648,0.080960999999661,0.14266710000811145,0.007880299992393702,0.2441164000047138,0.0,0.0
673,least_squares_d5_I2,949,1,25,673,0.012711099989246577,0.08135380000749137,0.1418334999907529,0.008277500004624017,0.24417589999211486,0.0,0.0
674,chebyshev_d5_I2,259,6,18,674,0.012985900000785477,0.08104720000119414,0.14273490000050515,0.008152399997925386,0.24492040000041015,0.0,0.0
675,least_squares_d5_I2,949,1,2,675,0.012871300001279451,0.08923140000842977,0.14375590000418015,0.008246999990660697,0.25410560000455007,0.0,0.0
676,chebyshev_d3_I1,112,3,11,676,0.009450099998502992,0.03918820001126733,0.13271160000294913,0.00786889999289997,0.18921880000561941,0.0,0.0
677,least_squares_d5_I1,586,0,8,677,0.012599599998793565,0.08142010000301525,0.1428589999995893,0.007882099991547875,0.24476079999294598,0.0,0.0
678,chebyshev_d5_I1,112,3,3,678,0.012953599987667985,0.08174690000305418,0.14130780000414234,0.007786600006511435,0.24379490000137594,0.0,0.0
679,least_squares_d5_I2,112,3,25,679,0.01262999999744352,0.08258360000036191,0.14101659999869298,0.007803500004229136,0.24403370000072755,0.0,0.0
680,chebyshev_d5_I2,949,1,29,680,0.012558500005980022,0.08084710000548512,0.14171599999826867,0.007960399991134182,0.243082000000868,0.0,0.0
681,chebyshev_d5_I2,586,0,15,681,0.01355150000017602,0.08150559999921825,0.14138659999298397,0.007840199992642738,0.24428389998502098,0.0,0.0
682,least_squares_d3_I1,603,8,15,682,0.009547099994961172,0.03920160001143813,0.1303362000035122,0.008051500000874512,0.18713640001078602,0.0,0.0
683,least_squares_d5_I2,259,6,14,683,0.012376600003335625,0.09229660000710282,0.1475561999977799,0.007828699992387556,0.2600581000006059,0.0,0.0
684,chebyshev_d5_I1,589,4,12,684,0.012604000003193505,0.0817899999965448,0.14859539999451954,0.007826200002455153,0.250815599996713,0.0,0.0
685,chebyshev_d3_I1,120,5,18,685,0.009848500005318783,0.04016730000148527,0.14184950001072139,0.010695999997551553,0.202561300015077,0.0,0.0
686,chebyshev_d5_I1,481,9,16,686,0.014786200001253746,0.08517679999931715,0.1507224000088172,0.009723899987875484,0.2604092999972636,0.0,0.0
687,chebyshev_d5_I2,949,1,19,687,0.013502800007699989,0.08610359999875072,0.15076799999224022,0.00793849999899976,0.2583128999976907,0.0,0.0
688,chebyshev_d5_I1,589,4,8,688,0.012882700000773184,0.0837415999994846,0.15744579999591224,0.008482700010063127,0.26255280000623316,0.0,0.0
689,least_squares_d3_I1,112,3,11,689,0.010426299995742738,0.04194450000068173,0.13634040000033565,0.008039199994527735,0.19675039999128785,0.0,0.0
690,chebyshev_d3_I1,411,7,0,690,0.010052099998574704,0.03946630000427831,0.13715729999239556,0.0087482000089949,0.19542390000424348,0.0,0.0
691,least_squares_d5_I1,481,9,26,691,0.013585900000180118,0.08480929999495856,0.14522910000232514,0.008682700005010702,0.2523070000024745,0.0,0.0
692,least_squares_d5_I1,603,8,25,692,0.012921799992909655,0.08333320000383537,0.1454109000042081,0.008483300000079907,0.250149200001033,0.0,0.0
693,chebyshev_d3_I1,411,7,5,693,0.00986370000464376,0.04666229999565985,0.19215869999607094,0.01296550000552088,0.2616502000018954,0.0,0.0
694,chebyshev_d5_I1,589,4,17,694,0.015546099995844997,0.11712709999119397,0.1965755999990506,0.013731900005950592,0.34298069999204017,0.0,0.0
695,least_squares_d5_I2,120,5,18,695,0.0166942000068957,0.09884800000872929,0.14677939999091905,0.008289400007924996,0.270611000014469,0.0,0.0
696,least_squares_d3_I1,589,4,1,696,0.00993350001226645,0.046118800004478544,0.16254179998941254,0.008074900004430674,0.2266690000105882,0.0,0.0
697,chebyshev_d5_I2,633,2,12,697,0.01288629999908153,0.08151800000632647,0.15558050000981893,0.01287959999172017,0.2628644000069471,0.0,0.0
698,least_squares_d5_I1,411,7,23,698,0.016534999987925403,0.09034560000873171,0.18619730000500567,0.007912300003226846,0.30099020000488963,0.0,0.0
699,least_squares_d5_I1,586,0,1,699,0.013031300011789426,0.08605509999324568,0.1406371999910334,0.007924300007289276,0.2476479000033578,0.0,0.0
700,chebyshev_d3_I1,589,4,0,700,0.009765700000571087,0.04128879999916535,0.1366301999951247,0.008155899995472282,0.19584059999033343,0.0,0.0
701,chebyshev_d5_I2,112,3,17,701,0.013364300000830553,0.08401049999520183,0.14830260000599083,0.009618399999453686,0.2552958000014769,0.0,0.0
702,least_squares_d3_I1,259,6,21,702,0.010012900005676784,0.04177019999769982,0.13739459999487735,0.008037499996135011,0.19721519999438897,0.0,0.0
703,chebyshev_d5_I1,633,2,22,703,0.01260780000302475,0.08160920000227634,0.14422060000651982,0.008162700003595091,0.246600300015416,0.0,0.0
704,chebyshev_d5_I2,603,8,23,704,0.012556999994558282,0.08069590000377502,0.14839349999965634,0.008496199996443465,0.2501425999944331,0.0,0.0
705,least_squares_d5_I1,603,8,16,705,0.013337600001250394,0.08751359999587294,0.14611259999219328,0.009416900007636286,0.2563806999969529,0.0,0.0
706,least_squares_d5_I1,120,5,15,706,0.013084399994113483,0.08108209999045357,0.14389949999167584,0.008639600011520088,0.24670559998776298,0.0,0.0
707,chebyshev_d5_I1,586,0,5,707,0.012498399999458343,0.08193040000332985,0.14160950000223238,0.007704300005570985,0.24374260001059156,0.0,0.0
708,least_squares_d5_I2,589,4,21,708,0.012856399989686906,0.08129790000384673,0.14350460001151077,0.007831399998394772,0.2454903000034392,0.0,0.0
709,chebyshev_d3_I1,120,5,10,709,0.00946960000146646,0.03899110000929795,0.12999800000397954,0.007667600002605468,0.18612630001734942,0.0,0.0
710,chebyshev_d5_I2,586,0,22,710,0.012473900002078153,0.08049929999106098,0.13958419999107718,0.007963500000187196,0.2405208999844035,0.0,0.0
711,least_squares_d5_I2,586,0,13,711,0.012559900002088398,0.0848210999974981,0.14087050000671297,0.007723300004727207,0.24597480001102667,0.0,0.0
712,least_squares_d5_I1,949,1,5,712,0.012345600000116974,0.07999759999802336,0.14287019999756012,0.008509199993568473,0.24372259998926893,0.0,0.0
713,chebyshev_d3_I1,481,9,19,713,0.010673900003894232,0.039206200002809055,0.13033489999361336,0.007872200003475882,0.18808720000379253,0.0,0.0
714,chebyshev_d3_I1,589,4,11,714,0.009645300000556745,0.038806800002930686,0.1327583000093,0.00806429999647662,0.18927470000926405,0.0,0.0
715,chebyshev_d5_I2,481,9,19,715,0.013183199989725836,0.07853940001223236,0.14023970000562258,0.007744899994577281,0.23970720000215806,0.0,0.0
716,least_squares_d5_I2,949,1,0,716,0.012852500003646128,0.08321670000441372,0.14186329999938607,0.008203899997170083,0.246136400004616,0.0,0.0
717,chebyshev_d3_I1,603,8,3,717,0.009260499995434657,0.038547600008314475,0.1314272999879904,0.007638600000063889,0.18687399999180343,0.0,0.0
718,chebyshev_d3_I1,633,2,24,718,0.009514499994111247,0.03870889999961946,0.12960230000317097,0.007662099989829585,0.18548779998673126,0.0,0.0
719,least_squares_d5_I2,633,2,9,719,0.013045300001977012,0.08043620000535157,0.14079730000230484,0.007817199992132373,0.2420960000017658,0.0,0.0
720,chebyshev_d5_I1,112,3,24,720,0.012655799990170635,0.08037979999789968,0.14133949999813922,0.010633900004904717,0.24500899999111425,0.0,0.0
721,least_squares_d3_I1,589,4,9,721,0.011436200002208352,0.04008220000832807,0.13037889999395702,0.007907300008810125,0.18980460001330357,0.0,0.0
722,chebyshev_d5_I1,411,7,3,722,0.012670900003286079,0.08120389998657629,0.1426363000064157,0.00813469999411609,0.24464579999039415,0.0,0.0
723,chebyshev_d5_I2,586,0,17,723,0.012553099993965589,0.07969040000170935,0.14207200000237208,0.007892900001024827,0.24220839999907184,0.0,0.0
724,chebyshev_d3_I1,586,0,25,724,0.009581000005709939,0.03883530000166502,0.13589350000256673,0.00816510000731796,0.19247490001725964,0.0,0.0
725,least_squares_d3_I1,259,6,22,725,0.009392800013301894,0.038884100009454414,0.13380519999191165,0.007851299989852123,0.18993340000452008,0.0,0.0
726,chebyshev_d3_I1,120,5,7,726,0.009725600000820123,0.03826359999948181,0.13184620000538416,0.007678099995246157,0.18751350000093225,0.0,0.0
727,chebyshev_d3_I1,411,7,1,727,0.009544800006551668,0.03920629998901859,0.13010779999603983,0.008009800003492273,0.18686869999510236,0.0,0.0
728,least_squares_d3_I1,603,8,9,728,0.009476699997321703,0.03861389998928644,0.13079070000094362,0.008235699991928414,0.18711699997948017,0.0,0.0
729,least_squares_d5_I1,481,9,19,729,0.012302499992074445,0.08075159999134485,0.14103619998786598,0.007797400001436472,0.24188769997272175,0.0,0.0
730,least_squares_d3_I1,589,4,12,730,0.009532900003250688,0.03857020000577904,0.13137869999627583,0.007780500003718771,0.18726230000902433,0.0,0.0
731,least_squares_d5_I1,112,3,29,731,0.012345299997832626,0.07952189999923576,0.1463213000097312,0.008382700005313382,0.24657120001211297,0.0,0.0
732,least_squares_d3_I1,120,5,13,732,0.009716600005049258,0.041280599994934164,0.13145800000347663,0.008013099999516271,0.19046830000297632,0.0,0.0
733,least_squares_d3_I1,603,8,25,733,0.00947699999960605,0.03908139999839477,0.13049870000395458,0.008141000012983568,0.18719810001493897,0.0,0.0
734,chebyshev_d5_I2,589,4,11,734,0.012727099994663149,0.08219059999100864,0.1416579999931855,0.008056199993006885,0.2446318999718642,0.0,0.0
735,least_squares_d5_I2,481,9,22,735,0.0122306999983266,0.07972919999156147,0.13984549998713192,0.007811799994669855,0.23961719997168984,0.0,0.0
736,least_squares_d5_I2,949,1,13,736,0.012636800005566329,0.08620439999504015,0.1434006000054069,0.00780359999043867,0.25004539999645203,0.0,0.0
737,least_squares_d3_I1,411,7,29,737,0.010561099988990463,0.045092700005625375,0.12975490000098944,0.008171100009349175,0.19357980000495445,0.0,0.0
738,least_squares_d5_I1,120,5,13,738,0.012233200002810918,0.08016040000075009,0.14161460001196247,0.007681699993554503,0.24168990000907797,0.0,0.0
739,chebyshev_d5_I1,633,2,2,739,0.012698100006673485,0.08107169999857433,0.14578140000230633,0.008640400003059767,0.2481916000106139,0.0,0.0
740,chebyshev_d3_I1,586,0,9,740,0.010690800001611933,0.04236049999599345,0.13620770000852644,0.009206899994751438,0.19846590000088327,0.0,0.0
741,least_squares_d3_I1,949,1,1,741,0.009918399999151006,0.04196519999823067,0.1384085000026971,0.008042300003580749,0.19833440000365954,0.0,0.0
742,least_squares_d5_I2,949,1,10,742,0.012643099995329976,0.08350969999446534,0.14289030000509229,0.007827599998563528,0.24687069999345113,0.0,0.0
743,chebyshev_d5_I1,603,8,12,743,0.012667900009546429,0.07998959999531507,0.13930249999975786,0.007794999997713603,0.23975500000233296,0.0,0.0
744,chebyshev_d5_I1,589,4,16,744,0.012776699993992224,0.08158179999736603,0.13949599998886697,0.008081200008746237,0.24193569998897146,0.0,0.0
745,least_squares_d5_I2,949,1,21,745,0.012313999992329627,0.08050969999749213,0.14049960000556894,0.008041499997489154,0.24136479999287985,0.0,0.0
746,chebyshev_d3_I1,633,2,9,746,0.009579000005032867,0.03847970000060741,0.13148520000686403,0.007743199996184558,0.18728710000868887,0.0,0.0
747,chebyshev_d5_I2,259,6,4,747,0.0127098999946611,0.080053500001668,0.14524929999606684,0.00783610000507906,0.245848799997475,0.0,0.0
748,least_squares_d5_I2,411,7,27,748,0.01265129999956116,0.08022619999246672,0.14431170000170823,0.008218000002671033,0.24540719999640714,0.0,0.0
749,least_squares_d5_I2,112,3,22,749,0.012443600004189648,0.0811385999986669,0.14201589999720454,0.008047800001804717,0.2436459000018658,0.0,0.0
750,chebyshev_d3_I1,259,6,3,750,0.009442199996556155,0.038148999999975786,0.15962180000497028,0.007934799999929965,0.2151478000014322,0.0,0.0
751,chebyshev_d5_I2,411,7,28,751,0.012646400005905889,0.08083370000531431,0.14110219999565743,0.00806649999867659,0.24264880000555422,0.0,0.0
752,least_squares_d3_I1,120,5,5,752,0.009379699986311607,0.038931299990508705,0.1333015999989584,0.007751600001938641,0.18936419997771736,0.0,0.0
753,chebyshev_d5_I2,112,3,7,753,0.0129196000052616,0.08399679999274667,0.1434815999964485,0.00803029999951832,0.2484282999939751,0.0,0.0
754,chebyshev_d3_I1,949,1,15,754,0.010179300006711856,0.039749800009303726,0.13216880000254605,0.007970800012117252,0.19006870003067888,0.0,0.0
755,chebyshev_d5_I1,949,1,9,755,0.012319800007389858,0.08095109999703709,0.14192420001199935,0.00798219999705907,0.24317730001348536,0.0,0.0
756,least_squares_d5_I1,586,0,6,756,0.012892899991129525,0.0837994999892544,0.14199679999728687,0.007885499988333322,0.24657469996600412,0.0,0.0
757,chebyshev_d3_I1,586,0,17,757,0.009601700003258884,0.03848639999341685,0.1302717000071425,0.007713700004387647,0.18607350000820588,0.0,0.0
758,chebyshev_d5_I2,112,3,10,758,0.012369499992928468,0.08104220000677742,0.14195740000286605,0.008655300000100397,0.24402440000267234,0.0,0.0
759,chebyshev_d5_I2,589,4,8,759,0.012453600007575005,0.08047809998970479,0.1411456000059843,0.007652000000234693,0.2417293000034988,0.0,0.0
760,chebyshev_d5_I2,949,1,24,760,0.012660899999900721,0.08292279999295715,0.14696929999627173,0.008011199999600649,0.25056419998873025,0.0,0.0
761,least_squares_d3_I1,633,2,5,761,0.010089399991557002,0.03986299999814946,0.13078609999502078,0.00797779999265913,0.18871629997738637,0.0,0.0
762,chebyshev_d5_I1,589,4,29,762,0.012370399999781512,0.08123090000299271,0.14204289999906905,0.007639400006155483,0.24328360000799876,0.0,0.0
763,least_squares_d5_I1,633,2,16,763,0.013038699995377101,0.08019570000760723,0.13902619999134913,0.007969300000695512,0.24022989999502897,0.0,0.0
764,chebyshev_d5_I1,481,9,12,764,0.012398799997754395,0.08054830000037327,0.14207869999518152,0.007640399999218062,0.24266619999252725,0.0,0.0
765,least_squares_d5_I2,589,4,2,765,0.01251590000174474,0.07971919998817611,0.13888620000216179,0.007972799998242408,0.23909409999032505,0.0,0.0
766,least_squares_d3_I1,259,6,26,766,0.00929109999560751,0.038233700004639104,0.13125160000345204,0.008881200003088452,0.1876576000067871,0.0,0.0
767,least_squares_d5_I1,589,4,6,767,0.012595199994393624,0.08232679999491666,0.14039210000191815,0.0076622000051429495,0.24297629999637138,0.0,0.0
768,least_squares_d5_I2,633,2,7,768,0.0125936999975238,0.08016409999981988,0.13922690000617877,0.008237999994889833,0.24022269999841228,0.0,0.0
769,chebyshev_d5_I1,949,1,17,769,0.01250340000842698,0.08167729999695439,0.14681459999701474,0.008606999996118248,0.24960229999851435,0.0,0.0
770,chebyshev_d5_I2,633,2,8,770,0.012913200000184588,0.08231840000371449,0.1433450000040466,0.008674299999256618,0.2472509000072023,0.0,0.0
771,least_squares_d5_I2,120,5,6,771,0.012529399988125078,0.07946470000024419,0.13859539999975823,0.0077415999985532835,0.23833109998668078,0.0,0.0
772,least_squares_d3_I1,589,4,18,772,0.00943120000010822,0.03877210000064224,0.1318089999986114,0.007808299997122958,0.18782059999648482,0.0,0.0
773,least_squares_d5_I1,259,6,23,773,0.012825199999497272,0.08121669999673031,0.14011500000196975,0.007885400002123788,0.24204230000032112,0.0,0.0
774,chebyshev_d5_I2,481,9,29,774,0.012521399999968708,0.08221390000835527,0.1432347999943886,0.008126999993692152,0.24609709999640472,0.0,0.0
775,chebyshev_d5_I1,586,0,15,775,0.012480699995649047,0.08066560000588652,0.13999650000187103,0.007748400006676093,0.24089120001008268,0.0,0.0
776,chebyshev_d3_I1,411,7,22,776,0.009486399998422712,0.03887889999896288,0.1307290999975521,0.007661399999051355,0.18675579999398906,0.0,0.0
777,least_squares_d5_I2,411,7,6,777,0.012542399999802,0.08037329999206122,0.13987169999745674,0.008127799999783747,0.2409151999891037,0.0,0.0
778,least_squares_d5_I2,589,4,15,778,0.01225430000340566,0.08031189999019261,0.14079810000839643,0.007679099988308735,0.24104339999030344,0.0,0.0
779,chebyshev_d5_I1,949,1,11,779,0.013383899990003556,0.08774170000106096,0.13928880001185462,0.00773990000016056,0.2481543000030797,0.0,0.0
780,least_squares_d5_I2,589,4,23,780,0.012912699996377341,0.0799267999973381,0.1416897000017343,0.0081103999982588,0.24263959999370854,0.0,0.0
781,least_squares_d5_I1,112,3,25,781,0.012277100002393126,0.07914760000130627,0.13851780000550207,0.00814869999885559,0.23809120000805706,0.0,0.0
782,least_squares_d3_I1,481,9,22,782,0.00926229999458883,0.03889759999583475,0.13400910000200383,0.0076532999955816194,0.18982229998800904,0.0,0.0
783,least_squares_d5_I1,259,6,18,783,0.012812500004656613,0.07986379999783821,0.1405020000092918,0.00852879999729339,0.24170710000908002,0.0,0.0
784,chebyshev_d5_I2,949,1,28,784,0.012659300002269447,0.08124929999758024,0.15247729999828152,0.008157100004609674,0.2545430000027409,0.0,0.0
785,chebyshev_d5_I1,586,0,7,785,0.012993700001970865,0.08351789999869652,0.14455009999801405,0.007772400000249036,0.24883409999893047,0.0,0.0
786,chebyshev_d5_I1,259,6,2,786,0.012470700006815605,0.0799912999937078,0.1385906000068644,0.007724499999312684,0.2387771000067005,0.0,0.0
787,least_squares_d5_I2,949,1,20,787,0.012560599992866628,0.07935090000682976,0.13955940000596456,0.007925400001113303,0.23939630000677425,0.0,0.0
788,least_squares_d5_I1,112,3,20,788,0.012373899997328408,0.08573759999126196,0.14163969999935944,0.008019000000786036,0.24777019998873584,0.0,0.0
789,chebyshev_d3_I1,603,8,7,789,0.009285699998144992,0.03824749999330379,0.12860109999019187,0.007955200009746477,0.18408949999138713,0.0,0.0
790,least_squares_d5_I2,259,6,22,790,0.012231600005179644,0.08022270000947174,0.14162660000147298,0.007719000001088716,0.24179990001721308,0.0,0.0
791,chebyshev_d3_I1,633,2,5,791,0.009451000005356036,0.03913079999620095,0.12973119999514893,0.007642099997610785,0.1859550999943167,0.0,0.0
792,chebyshev_d3_I1,411,7,19,792,0.009587200009264052,0.03944510000292212,0.14486319999559782,0.011189600001671351,0.20508510000945535,0.0,0.0
793,least_squares_d5_I2,603,8,3,793,0.015411100001074374,0.08413810000638478,0.149218499995186,0.008063900007982738,0.2568316000106279,0.0,0.0
794,least_squares_d5_I2,586,0,2,794,0.01238260000536684,0.07870559999719262,0.14148159998876508,0.007901899996795692,0.24047169998812024,0.0,0.0
795,chebyshev_d3_I1,481,9,0,795,0.00977410000632517,0.03871699998853728,0.1305275999911828,0.00809109999681823,0.18710979998286348,0.0,0.0
796,least_squares_d3_I1,589,4,22,796,0.009404000011272728,0.0387880999915069,0.13035799999488518,0.008648599992739037,0.18719869999040384,0.0,0.0
797,least_squares_d5_I1,949,1,22,797,0.01280469998891931,0.08096690000093076,0.13957919999666046,0.007685399992624298,0.24103619997913484,0.0,0.0
798,least_squares_d5_I2,481,9,1,798,0.012545800011139363,0.0834474000002956,0.1424266000103671,0.0077785000030416995,0.24619830002484377,0.0,0.0
799,chebyshev_d5_I2,633,2,9,799,0.012678500002948567,0.08080680000421125,0.14061629999196157,0.008082200001808815,0.2421838000009302,0.0,0.0
800,least_squares_d3_I1,411,7,4,800,0.009587799999280833,0.03915189999679569,0.12918060000811238,0.008002200003829785,0.1859225000080187,0.0,0.0
801,chebyshev_d5_I2,259,6,9,801,0.012555599998449907,0.07917019999877084,0.13903879999998026,0.007695599997532554,0.23846019999473356,0.0,0.0
802,least_squares_d5_I1,259,6,20,802,0.01253589999396354,0.07971969999198336,0.1407574999902863,0.008364099994651042,0.24137719997088425,0.0,0.0
803,least_squares_d3_I1,589,4,27,803,0.00928600000042934,0.03846960001101252,0.1290751999913482,0.007950600003823638,0.1847814000066137,0.0,0.0
804,chebyshev_d5_I2,949,1,23,804,0.012309400000958703,0.07882439999957569,0.1400895999977365,0.007705399999395013,0.23892879999766592,0.0,0.0
805,chebyshev_d5_I2,589,4,4,805,0.012768200002028607,0.08037630000035278,0.1395593000052031,0.007941000003484078,0.24064480001106858,0.0,0.0
806,chebyshev_d5_I2,112,3,5,806,0.012569499987876043,0.0810232000076212,0.14134960000228602,0.007674499996937811,0.24261679999472108,0.0,0.0
807,least_squares_d5_I2,633,2,14,807,0.012576799999806099,0.08020189999660943,0.14721899999130983,0.008009900004253723,0.24800759999197908,0.0,0.0
808,least_squares_d5_I2,259,6,20,808,0.01270840001234319,0.07989880000241101,0.14190050000615884,0.007954599990625866,0.2424623000115389,0.0,0.0
809,least_squares_d5_I2,112,3,28,809,0.012354000005871058,0.07942460000049323,0.14008610000018962,0.007995699997991323,0.23986040000454523,0.0,0.0
810,chebyshev_d5_I2,481,9,12,810,0.01251359999878332,0.07989389999420382,0.14011930000560824,0.007670499995583668,0.24019729999417905,0.0,0.0
811,chebyshev_d5_I1,603,8,20,811,0.01261230000818614,0.08365570000023581,0.14158039999892935,0.007659499999135733,0.24550790000648703,0.0,0.0
812,chebyshev_d5_I2,633,2,10,812,0.012686400004895404,0.0804842999932589,0.14117069999338128,0.008186100007151254,0.24252749999868684,0.0,0.0
813,least_squares_d5_I1,603,8,0,813,0.012283099989872426,0.08051820000400767,0.1406155000004219,0.007960799994179979,0.24137759998848196,0.0,0.0
814,least_squares_d5_I2,949,1,19,814,0.012671500007854775,0.08290829999896232,0.14205799999763258,0.00792669999646023,0.2455645000009099,0.0,0.0
815,least_squares_d3_I1,259,6,10,815,0.00926969999272842,0.03874070000892971,0.13139350000710692,0.0077529999980470166,0.18715690000681207,0.0,0.0
816,chebyshev_d5_I2,949,1,3,816,0.012728699992294423,0.08045740000670776,0.14143909999984317,0.008211199994548224,0.24283639999339357,0.0,0.0
817,chebyshev_d5_I2,120,5,9,817,0.01530270000512246,0.08212649999768473,0.13937900000019,0.007675100001506507,0.2444833000045037,0.0,0.0
818,chebyshev_d3_I1,589,4,23,818,0.009434999999939464,0.03819310000108089,0.1318119000061415,0.007789000010234304,0.18722900001739617,0.0,0.0
819,least_squares_d5_I2,949,1,18,819,0.012432400006218813,0.080344400004833,0.13879639998776838,0.007985299991560169,0.23955849999038037,0.0,0.0
820,least_squares_d5_I2,633,2,3,820,0.012579900008859113,0.07907659999909811,0.13938029999553692,0.007697300010477193,0.23873410001397133,0.0,0.0
821,chebyshev_d5_I2,411,7,10,821,0.012717999998130836,0.08055450000392739,0.1397953999985475,0.008018599997740239,0.24108649999834597,0.0,0.0
822,chebyshev_d5_I2,411,7,3,822,0.013394000008702278,0.0800015999993775,0.14168810000410303,0.007647200007340871,0.2427309000195237,0.0,0.0
823,chebyshev_d3_I1,259,6,14,823,0.009535199991660193,0.0388270000112243,0.12919210000836756,0.007615599999553524,0.18516990001080558,0.0,0.0
824,chebyshev_d5_I2,481,9,0,824,0.012407300004269928,0.07981389999622479,0.1409618000034243,0.007913100009318441,0.24109610001323745,0.0,0.0
825,least_squares_d3_I1,589,4,4,825,0.009265500004403293,0.0397203000029549,0.1305114999995567,0.00772290000168141,0.1872202000085963,0.0,0.0
826,chebyshev_d3_I1,949,1,26,826,0.00981119999778457,0.03852500001084991,0.13160839999909513,0.01039419999870006,0.19033880000642966,0.0,0.0
827,least_squares_d3_I1,633,2,27,827,0.010901500005275011,0.04058499999518972,0.13539650000166148,0.007660899995244108,0.19454389999737032,0.0,0.0
828,chebyshev_d5_I1,481,9,15,828,0.012560000002849847,0.08667119999881834,0.14177999999083113,0.007659700000658631,0.24867089999315795,0.0,0.0
829,least_squares_d5_I1,259,6,28,829,0.012639399996260181,0.08137089999218006,0.1414605999889318,0.009717499997350387,0.24518839997472242,0.0,0.0
830,least_squares_d5_I1,603,8,4,830,0.013075499999104068,0.08681910000450443,0.15606160000606906,0.007955100008985028,0.2639113000186626,0.0,0.0
831,least_squares_d5_I1,259,6,4,831,0.012369499992928468,0.08072050000191666,0.14189800000167452,0.0077745000016875565,0.2427624999982072,0.0,0.0
832,chebyshev_d3_I1,586,0,8,832,0.009874600000330247,0.03863739999360405,0.13446319999638945,0.00808580000011716,0.1910609999904409,0.0,0.0
833,least_squares_d5_I2,481,9,20,833,0.012226999999256805,0.07944729999871925,0.13834740000311285,0.007980499998666346,0.23800219999975525,0.0,0.0
834,least_squares_d5_I2,603,8,5,834,0.012461899998015724,0.0842246999964118,0.14388089999556541,0.007914499990874901,0.24848199998086784,0.0,0.0
835,chebyshev_d3_I1,633,2,22,835,0.009316700001363643,0.03855480000493117,0.13141010000254028,0.007694600004469976,0.18697620001330506,0.0,0.0
836,least_squares_d5_I1,586,0,18,836,0.012459100005798973,0.08078580000437796,0.14639829999941867,0.008257199995568953,0.24790040000516456,0.0,0.0
837,chebyshev_d3_I1,633,2,7,837,0.009735400002682582,0.03917800000635907,0.13156760000856593,0.007658400005311705,0.1881394000229193,0.0,0.0
838,least_squares_d5_I2,586,0,19,838,0.012507699997513555,0.0815942999906838,0.14077139999426436,0.008086300003924407,0.2429596999863861,0.0,0.0
839,least_squares_d3_I1,633,2,21,839,0.009263599989935756,0.03984860000491608,0.12961600000562612,0.007715699990512803,0.18644389999099076,0.0,0.0
840,chebyshev_d5_I2,112,3,2,840,0.012555599998449907,0.0803516000014497,0.14209380000829697,0.007941200005006976,0.24294220001320355,0.0,0.0
841,chebyshev_d5_I2,603,8,0,841,0.01263670000480488,0.08119520000764169,0.1430302000080701,0.0078037000057520345,0.2446658000262687,0.0,0.0
842,least_squares_d5_I1,120,5,3,842,0.012747500004479662,0.08040239999536425,0.14257900000666268,0.008804700002656318,0.2445336000091629,0.0,0.0
843,least_squares_d5_I1,259,6,15,843,0.012487500003771856,0.08139329998812173,0.1393837999930838,0.007646900005056523,0.24091149999003392,0.0,0.0
844,least_squares_d5_I1,411,7,0,844,0.012773800001014024,0.08078090001072269,0.14205359999323264,0.007906699989689514,0.24351499999465887,0.0,0.0
845,least_squares_d3_I1,633,2,1,845,0.009517500002402812,0.03926799999317154,0.13067519999458455,0.007787700000335462,0.18724839999049436,0.0,0.0
846,chebyshev_d5_I2,481,9,6,846,0.012891599995782599,0.08584349999728147,0.14102480000292417,0.007844799998565577,0.2476046999945538,0.0,0.0
847,chebyshev_d5_I1,112,3,5,847,0.012628399999812245,0.07954049999534618,0.13799320001271553,0.007675699991523288,0.23783779999939725,0.0,0.0
848,chebyshev_d3_I1,603,8,28,848,0.009530500014079735,0.03896450001047924,0.12970649999624584,0.00869099999545142,0.18689250001625624,0.0,0.0
849,chebyshev_d5_I1,589,4,11,849,0.012259800001629628,0.08046730000933167,0.1406202999933157,0.007870000001275912,0.24121740000555292,0.0,0.0
850,least_squares_d5_I1,949,1,15,850,0.012710900002275594,0.0805638000019826,0.14635049999924377,0.008247099991422147,0.2478722999949241,0.0,0.0
851,chebyshev_d5_I2,481,9,7,851,0.013053999995463528,0.08124559999851044,0.14149629999883473,0.008016300009330735,0.24381220000213943,0.0,0.0
852,least_squares_d5_I1,586,0,9,852,0.012504800004535355,0.08314650000829715,0.14225730000180192,0.0078267000062624,0.24573530002089683,0.0,0.0
853,chebyshev_d5_I1,633,2,23,853,0.012525099999038503,0.07965270000568125,0.1444177000084892,0.008577700005844235,0.24517320001905318,0.0,0.0
854,chebyshev_d5_I2,603,8,20,854,0.013808600007905625,0.09626230000867508,0.15935080000781454,0.009501199994701892,0.27892290001909714,0.0,0.0
855,least_squares_d5_I1,411,7,29,855,0.013652599998749793,0.09300490000168793,0.1524858999910066,0.009759999986272305,0.2689033999777166,0.0,0.0
856,chebyshev_d3_I1,586,0,10,856,0.010875099993427284,0.04148299999360461,0.13390380000055302,0.00872739999613259,0.1949892999837175,0.0,0.0
857,least_squares_d5_I1,481,9,20,857,0.0124290999956429,0.09871919998840895,0.21584720000100788,0.009386899997480214,0.33638239998253994,0.0,0.0
858,least_squares_d5_I2,259,6,7,858,0.01331009999557864,0.08169200000702403,0.14292129999375902,0.007863300008466467,0.24578670000482816,0.0,0.0
859,least_squares_d5_I2,633,2,19,859,0.013055399991571903,0.08423469999979716,0.14347179999458604,0.008109400005196221,0.24887129999115132,0.0,0.0
860,least_squares_d5_I2,481,9,29,860,0.012444899999536574,0.08048800000688061,0.15084249999199528,0.012508100000559352,0.2562834999989718,0.0,0.0
861,chebyshev_d5_I1,633,2,4,861,0.012965399990207516,0.08771069999784231,0.16952260000107344,0.009072199987713248,0.2792708999768365,0.0,0.0
862,least_squares_d5_I1,949,1,13,862,0.014559399991412647,0.08535110000229906,0.14284580000094138,0.008640999993076548,0.25139729998772964,0.0,0.0
863,chebyshev_d5_I1,481,9,24,863,0.01267070000176318,0.0824302999972133,0.14665840000088792,0.008079699997324497,0.2498390999971889,0.0,0.0
864,chebyshev_d3_I1,120,5,24,864,0.009329399996204302,0.03978030000871513,0.1331567999877734,0.007952900006785057,0.1902193999994779,0.0,0.0
865,chebyshev_d5_I1,586,0,4,865,0.01305520000460092,0.08167780000076164,0.14170220000960398,0.008248300000559539,0.24468350001552608,0.0,0.0
866,chebyshev_d5_I2,586,0,14,866,0.012531699991086498,0.0815703999978723,0.14296339999418706,0.008025999995879829,0.24509149997902568,0.0,0.0
867,least_squares_d5_I1,589,4,10,867,0.012858700007200241,0.08028610001201741,0.14151329999731388,0.008033100006286986,0.24269120002281852,0.0,0.0
868,least_squares_d5_I1,259,6,14,868,0.01278170000296086,0.08130610000807792,0.14596750000782777,0.008274099993286654,0.2483294000121532,0.0,0.0
869,least_squares_d3_I1,411,7,1,869,0.009784600013517775,0.03939050000917632,0.1334945999988122,0.008154200011631474,0.19082390003313776,0.0,0.0
870,least_squares_d5_I2,586,0,6,870,0.012703900007181801,0.08217910000530537,0.14569370000390336,0.00790519999281969,0.24848190000921022,0.0,0.0
871,least_squares_d3_I1,603,8,23,871,0.009655000001657754,0.03926970000611618,0.1323705999966478,0.007966000004671514,0.18926130000909325,0.0,0.0
872,least_squares_d5_I2,586,0,11,872,0.01328940001258161,0.08263150000129826,0.14445310000155587,0.010395200006314553,0.2507692000217503,0.0,0.0
873,chebyshev_d5_I1,259,6,21,873,0.01430189999518916,0.08494680000876542,0.14832650001335423,0.008231600004364736,0.25580680002167355,0.0,0.0
874,least_squares_d3_I1,411,7,22,874,0.009911400004057214,0.04041860000870656,0.13584349998563994,0.008100399994873442,0.19427389999327715,0.0,0.0
875,least_squares_d5_I2,411,7,17,875,0.01268759999948088,0.0824241000082111,0.14436289999866858,0.00794369999493938,0.24741830000129994,0.0,0.0
876,chebyshev_d5_I1,603,8,16,876,0.012365100003080443,0.08280060000834055,0.1504782999982126,0.00793629999679979,0.2535803000064334,0.0,0.0
877,least_squares_d5_I2,589,4,13,877,0.012657200000830926,0.08197010000003502,0.14012680000450928,0.007996600004844368,0.2427507000102196,0.0,0.0
878,chebyshev_d3_I1,120,5,21,878,0.009489499992923811,0.03870440000900999,0.1315314999956172,0.00892379999277182,0.1886491999903228,0.0,0.0
879,least_squares_d5_I2,481,9,26,879,0.012901900001452304,0.08061699999962002,0.14119239999854472,0.007753199999569915,0.24246449999918696,0.0,0.0
880,chebyshev_d3_I1,120,5,5,880,0.009546300003421493,0.03863529999216553,0.13040219999675173,0.00786280000465922,0.18644659999699797,0.0,0.0
881,chebyshev_d3_I1,120,5,15,881,0.009328000000095926,0.037892699998337775,0.1287836999981664,0.008687199995620176,0.1846915999922203,0.0,0.0
882,chebyshev_d5_I2,411,7,2,882,0.012442299994290806,0.08060640000621788,0.1481318000005558,0.008399099999223836,0.24957960000028834,0.0,0.0
883,least_squares_d5_I1,481,9,6,883,0.01297210001212079,0.0835063000122318,0.14418899999873247,0.008135300013236701,0.24880270003632177,0.0,0.0
884,least_squares_d5_I1,481,9,22,884,0.012673899997025728,0.08102729999518488,0.14223430000129156,0.007915199996205047,0.2438506999897072,0.0,0.0
885,chebyshev_d5_I1,411,7,18,885,0.012725299995508976,0.08155460000853054,0.13974589999997988,0.007881800003815442,0.24190760000783484,0.0,0.0
886,least_squares_d5_I1,411,7,4,886,0.012428399990312755,0.08038279999163933,0.14216629999282304,0.007684199998038821,0.24266169997281395,0.0,0.0
887,chebyshev_d3_I1,112,3,13,887,0.009707000004709698,0.03888800001004711,0.13211479999881703,0.008548300000256859,0.1892581000138307,0.0,0.0
888,chebyshev_d5_I2,120,5,18,888,0.012437999990652315,0.0809162999939872,0.1410747000045376,0.008201300006476231,0.24263029999565333,0.0,0.0
889,least_squares_d5_I1,949,1,9,889,0.012765000006766059,0.07949910000024829,0.14001279999502003,0.008078700004261918,0.2403556000062963,0.0,0.0
890,chebyshev_d3_I1,949,1,0,890,0.009427600001799874,0.038925300003029406,0.1308846000029007,0.007981200003996491,0.18721870001172647,0.0,0.0
891,least_squares_d3_I1,949,1,20,891,0.009518399994703941,0.03911340000922792,0.13228970000636764,0.0077680000104010105,0.1886895000207005,0.0,0.0
892,chebyshev_d5_I2,411,7,25,892,0.013029200010350905,0.08622500000637956,0.144046100002015,0.007857699994929135,0.2511580000136746,0.0,0.0
893,chebyshev_d5_I1,112,3,0,893,0.012682399988989346,0.07980700000189245,0.13877639999554958,0.007978599998750724,0.2392443999851821,0.0,0.0
894,least_squares_d3_I1,411,7,21,894,0.009444100011023693,0.03921730000001844,0.13175410000258125,0.008067500006291084,0.18848300001991447,0.0,0.0
895,chebyshev_d5_I1,633,2,3,895,0.012638200001674704,0.08059709999361075,0.14032849999784958,0.007868200002121739,0.24143199999525677,0.0,0.0
896,least_squares_d5_I1,481,9,13,896,0.013758800007053651,0.08216550000361167,0.1439125999895623,0.007816099998308346,0.24765299999853596,0.0,0.0
897,least_squares_d5_I2,589,4,14,897,0.012974500001291744,0.08140170000842772,0.14236909999453928,0.008301600013510324,0.24504690001776908,0.0,0.0
898,least_squares_d3_I1,259,6,9,898,0.009707599994726479,0.03939839999657124,0.13230259998817928,0.007990899990545586,0.1893994999700226,0.0,0.0
899,chebyshev_d3_I1,259,6,23,899,0.009479500004090369,0.03875970000808593,0.1309248000034131,0.00789170000643935,0.18705570002202876,0.0,0.0
900,least_squares_d5_I1,481,9,25,900,0.012672600001678802,0.0803194999898551,0.14197880000574514,0.007829900001524948,0.242800799998804,0.0,0.0
901,chebyshev_d5_I1,120,5,0,901,0.01272919999610167,0.08090980000270065,0.14401980000548065,0.008853099992848001,0.24651189999713097,0.0,0.0
902,chebyshev_d5_I1,481,9,7,902,0.012901199996122159,0.08251079999899957,0.14129030000185594,0.007918200004496612,0.24462050000147428,0.0,0.0
903,chebyshev_d3_I1,120,5,2,903,0.009396000008564442,0.03823609999381006,0.130086899996968,0.007905799997388385,0.18562479999673087,0.0,0.0
904,chebyshev_d5_I2,259,6,17,904,0.012553499997011386,0.08194459999504033,0.1417255000123987,0.007814500000677072,0.2440381000051275,0.0,0.0
905,chebyshev_d5_I1,112,3,6,905,0.013308100009453483,0.08101780001015868,0.14256639999803156,0.007779399995342828,0.24467170001298655,0.0,0.0
906,chebyshev_d5_I2,259,6,25,906,0.012498199997935444,0.08074560000386555,0.14177180000115186,0.007963600000948645,0.2429792000039015,0.0,0.0
907,least_squares_d3_I1,120,5,25,907,0.009797399994567968,0.03915989999950398,0.13061229999584612,0.008212700005969964,0.18778229999588802,0.0,0.0
908,least_squares_d5_I2,120,5,25,908,0.012786799998139031,0.08045429999765474,0.14127019999432378,0.007803600004990585,0.24231489999510814,0.0,0.0
909,least_squares_d5_I2,481,9,18,909,0.012889999998151325,0.08017939999990631,0.14135089999763295,0.007956699992064387,0.24237699998775497,0.0,0.0
910,chebyshev_d3_I1,633,2,28,910,0.009491399992839433,0.03992560000915546,0.13104150000435766,0.007709599987720139,0.1881680999940727,0.0,0.0
911,chebyshev_d3_I1,259,6,20,911,0.009598100004950538,0.038389099994674325,0.137589999998454,0.008459899996523745,0.1940370999946026,0.0,0.0
912,least_squares_d5_I1,481,9,5,912,0.012853200008976273,0.08122269999876153,0.1401276999968104,0.00781769999593962,0.24202130000048783,0.0,0.0
913,chebyshev_d5_I1,481,9,0,913,0.01252020000538323,0.08042610000120476,0.14043450000463054,0.008258200003183447,0.24163900001440197,0.0,0.0
914,least_squares_d3_I1,411,7,14,914,0.010155900003155693,0.03942780000215862,0.13335869999718852,0.007993799998075701,0.19093620000057854,0.0,0.0
915,chebyshev_d5_I2,112,3,0,915,0.013034599993261509,0.08233940000354778,0.14163689999259077,0.007932399996207096,0.24494329998560715,0.0,0.0
916,least_squares_d5_I2,481,9,17,916,0.012587899997015484,0.08021900001040194,0.14106619999802206,0.008014699997147545,0.24188780000258703,0.0,0.0
917,least_squares_d5_I1,603,8,28,917,0.012463699997169897,0.08003280000411905,0.14004759999806993,0.008156800002325326,0.2407009000016842,0.0,0.0
918,chebyshev_d5_I1,633,2,16,918,0.012798299998394214,0.08440799999516457,0.14860819999012165,0.009122000003117137,0.25493649998679757,0.0,0.0
919,least_squares_d5_I2,633,2,1,919,0.013686599995708093,0.08363209999515675,0.14907609998772386,0.00806739999097772,0.2544621999695664,0.0,0.0
920,least_squares_d3_I1,259,6,20,920,0.009518300008494407,0.040076600009342656,0.13911829999415204,0.011373299988918006,0.2000865000009071,0.0,0.0
921,chebyshev_d5_I2,949,1,17,921,0.014323000010335818,0.08417590000317432,0.15125239999906626,0.008023999995202757,0.25777530000777915,0.0,0.0
922,chebyshev_d3_I1,633,2,10,922,0.009793200006242841,0.04043680000177119,0.13751110000885092,0.008713499992154539,0.1964546000090195,0.0,0.0
923,least_squares_d3_I1,603,8,3,923,0.00976739999896381,0.039747600007103756,0.14500150000094436,0.009613499991246499,0.20412999999825843,0.0,0.0
924,chebyshev_d5_I1,586,0,21,924,0.01459370000520721,0.08401520000188611,0.1431384000024991,0.00794430001405999,0.24969160002365243,0.0,0.0
925,chebyshev_d5_I1,120,5,28,925,0.012850700004491955,0.08220620000793133,0.1425801000004867,0.008134700008668005,0.245771700021578,0.0,0.0
926,chebyshev_d3_I1,633,2,23,926,0.00963709999632556,0.03899079999246169,0.13209319999441504,0.0077859000011812896,0.18850699998438358,0.0,0.0
927,least_squares_d5_I2,603,8,14,927,0.01297750000958331,0.08182910000323318,0.14520949999860022,0.008318799998960458,0.24833490001037717,0.0,0.0
928,chebyshev_d3_I1,112,3,25,928,0.009719800000311807,0.03976820000389125,0.13155070001084823,0.007726099996943958,0.18876480001199525,0.0,0.0
929,chebyshev_d3_I1,259,6,1,929,0.009549399997922592,0.038204600001336075,0.12902929999108892,0.008102499996311963,0.18488579998665955,0.0,0.0
930,chebyshev_d5_I2,112,3,23,930,0.012467499997001141,0.08014669999829493,0.14474849999533035,0.008087199996225536,0.24544989998685196,0.0,0.0
931,chebyshev_d3_I1,949,1,13,931,0.009591800000634976,0.03884009999455884,0.1348842000006698,0.00809700001263991,0.19141310000850353,0.0,0.0
932,chebyshev_d5_I1,411,7,19,932,0.01283730000432115,0.08301060000667349,0.143179799997597,0.007942299998831004,0.24697000000742264,0.0,0.0
933,chebyshev_d5_I1,120,5,18,933,0.012525700003607199,0.08112089999485761,0.13996190000034403,0.007904099998995662,0.2415125999978045,0.0,0.0
934,chebyshev_d5_I2,481,9,16,934,0.012492599998950027,0.08003629998711403,0.14078790000348818,0.007879500000854023,0.24119629999040626,0.0,0.0
935,chebyshev_d5_I2,589,4,27,935,0.01234410000324715,0.08047120000992436,0.14027099999657366,0.007878000003984198,0.24096430001372937,0.0,0.0
936,least_squares_d5_I2,259,6,15,936,0.012675800011493266,0.08179149999341462,0.1410366000054637,0.007952999992994592,0.24345690000336617,0.0,0.0
937,chebyshev_d3_I1,633,2,20,937,0.009490800002822652,0.03888110000116285,0.13053369999397546,0.008018799999263138,0.1869243999972241,0.0,0.0
938,chebyshev_d5_I2,586,0,13,938,0.01275879998866003,0.08139010000741109,0.14162639999995008,0.008022699999855831,0.24379799999587703,0.0,0.0
939,chebyshev_d5_I1,586,0,2,939,0.012623600006918423,0.08009439999295864,0.1406235999893397,0.00785179999365937,0.24119339998287614,0.0,0.0
940,chebyshev_d5_I2,603,8,4,940,0.012671000004047528,0.08578049999778159,0.1450063000083901,0.007749199998215772,0.251207000008435,0.0,0.0
941,chebyshev_d3_I1,603,8,6,941,0.009572399998432957,0.03981509999721311,0.13087549999181647,0.00784800000838004,0.18811099999584258,0.0,0.0
942,least_squares_d5_I1,586,0,25,942,0.01318550000723917,0.08119919999444392,0.14349570000194944,0.007959099995787255,0.24583949999941979,0.0,0.0
943,chebyshev_d5_I2,112,3,14,943,0.012772599991876632,0.0812212000018917,0.14168039998912718,0.008274600011645816,0.24394879999454133,0.0,0.0
944,chebyshev_d5_I2,633,2,6,944,0.01281359999848064,0.08130099999834783,0.14298869999765884,0.008190300010028295,0.2452936000045156,0.0,0.0
945,chebyshev_d3_I1,586,0,23,945,0.009616299998015165,0.03897110000252724,0.13355119999323506,0.008055900005274452,0.1901944999990519,0.0,0.0
946,chebyshev_d5_I1,481,9,14,946,0.012695400000666268,0.08141539999633096,0.1399373000022024,0.007761100001516752,0.24180920000071637,0.0,0.0
947,chebyshev_d5_I2,120,5,27,947,0.012546600002679043,0.08006210000894498,0.13870049999968614,0.007932699998491444,0.2392419000098016,0.0,0.0
948,least_squares_d5_I1,411,7,9,948,0.012538199996924959,0.08117879999917932,0.14421860000584275,0.007996299988008104,0.24593189998995513,0.0,0.0
949,least_squares_d3_I1,589,4,19,949,0.00952970000798814,0.038896600002772175,0.13896129999193363,0.00783919999958016,0.1952268000022741,0.0,0.0
950,chebyshev_d3_I1,120,5,11,950,0.009970099999918602,0.03919129999121651,0.13312189999851398,0.007866700005251914,0.190149999994901,0.0,0.0
951,least_squares_d3_I1,586,0,16,951,0.00931200000923127,0.03864929999690503,0.13242609999724664,0.007907799998065457,0.1882952000014484,0.0,0.0
952,least_squares_d3_I1,411,7,27,952,0.009669200007920153,0.03933929999766406,0.13161330000730231,0.007786899994243868,0.1884087000071304,0.0,0.0
953,least_squares_d3_I1,120,5,6,953,0.009774000005563721,0.03862459999800194,0.1304491000046255,0.007753199999569915,0.18660090000776108,0.0,0.0
954,chebyshev_d5_I1,120,5,9,954,0.012938899992150255,0.08116699999663979,0.14220689999638125,0.0077822000021114945,0.2440949999872828,0.0,0.0
955,chebyshev_d5_I1,949,1,28,955,0.012642899993807077,0.08295529999304563,0.1401503000088269,0.008048300005611964,0.24379680000129156,0.0,0.0
956,least_squares_d5_I2,120,5,15,956,0.012488299995311536,0.0821651999867754,0.14303159998962656,0.007736300001852214,0.2454213999735657,0.0,0.0
957,chebyshev_d5_I2,411,7,20,957,0.012672400000155903,0.08083849999820814,0.14040340000065044,0.007857699994929135,0.2417719999939436,0.0,0.0
958,chebyshev_d5_I1,259,6,19,958,0.012956800012034364,0.08144179999362677,0.14191339998797048,0.008591599995270371,0.244903599988902,0.0,0.0
959,least_squares_d5_I1,112,3,1,959,0.012359300002572127,0.08126019999326672,0.14838749999762513,0.008054499994614162,0.25006149998807814,0.0,0.0
960,least_squares_d3_I1,586,0,18,960,0.009670100000221282,0.03925050000543706,0.13076949999958742,0.008316600011312403,0.18800670001655817,0.0,0.0
961,chebyshev_d5_I2,259,6,7,961,0.012700999999651685,0.08011330000590533,0.14083839999511838,0.007797199999913573,0.24144990000058897,0.0,0.0
962,least_squares_d5_I2,120,5,17,962,0.012409600007231347,0.0815844000026118,0.14284900001075584,0.007813899996108375,0.24465690001670737,0.0,0.0
963,least_squares_d5_I2,259,6,6,963,0.012877099987235852,0.08214080000470858,0.14102500000444707,0.007998000000952743,0.24404089999734424,0.0,0.0
964,least_squares_d5_I2,589,4,11,964,0.012952899996889755,0.08662599998933729,0.1499313000094844,0.007969800004502758,0.2574800000002142,0.0,0.0
965,least_squares_d5_I2,949,1,23,965,0.013603700004750863,0.08275339999818243,0.14139460001024418,0.007958500005770475,0.24571020001894794,0.0,0.0
966,least_squares_d3_I1,120,5,23,966,0.009525500005111098,0.03858169999148231,0.1308357999951113,0.007675300003029406,0.18661829999473412,0.0,0.0
967,least_squares_d3_I1,259,6,29,967,0.009736100008012727,0.04173000001173932,0.13186500000301749,0.007870599991292693,0.19120170001406223,0.0,0.0
968,least_squares_d5_I1,949,1,20,968,0.012363000001641922,0.08169130000169389,0.14483639999525622,0.007821999999578111,0.24671269999817014,0.0,0.0
969,chebyshev_d5_I1,481,9,26,969,0.015552600001683459,0.08618199999909848,0.14034290000563487,0.007725400006165728,0.24980290001258254,0.0,0.0
970,chebyshev_d5_I1,259,6,17,970,0.012490900000557303,0.0804877999908058,0.14181310001004022,0.00781989999813959,0.2426116999995429,0.0,0.0
971,least_squares_d5_I2,112,3,5,971,0.012787800005753525,0.0813579999958165,0.14306390000274405,0.008433399998466484,0.24564310000278056,0.0,0.0
972,least_squares_d5_I2,120,5,1,972,0.012549299994134344,0.08104580000508577,0.14100329999928363,0.007718699998804368,0.2423170999973081,0.0,0.0
973,chebyshev_d3_I1,120,5,6,973,0.009524900000542402,0.03815689998737071,0.12941259999934118,0.007744599992292933,0.18483899997954722,0.0,0.0
974,least_squares_d5_I2,411,7,16,974,0.012469099994632415,0.07970580000255723,0.14215229998808354,0.007894899987149984,0.24222209997242317,0.0,0.0
975,chebyshev_d5_I1,589,4,1,975,0.012608099990757182,0.08078099999693222,0.14126989999203943,0.0078031000011833385,0.24246209998091217,0.0,0.0
976,chebyshev_d5_I1,586,0,20,976,0.012874799998826347,0.08127409999724478,0.146935000011581,0.008437500000582077,0.2495214000082342,0.0,0.0
977,chebyshev_d3_I1,586,0,3,977,0.010755400013295002,0.04221729999699164,0.14435679999587592,0.008236200010287575,0.20556570001645014,0.0,0.0
978,least_squares_d5_I2,112,3,9,978,0.012623200003872626,0.08980929999961518,0.18362419999903068,0.012311600003158674,0.29836830000567716,0.0,0.0
979,chebyshev_d5_I1,112,3,23,979,0.014284099990618415,0.0963293000095291,0.18455660001200158,0.009056499999132939,0.30422650001128204,0.0,0.0
980,least_squares_d3_I1,481,9,5,980,0.010272200001054443,0.04812540000420995,0.14282969999476336,0.008193800007575192,0.20942110000760294,0.0,0.0
981,chebyshev_d3_I1,259,6,25,981,0.009689400001661852,0.040964700005133636,0.1351442000013776,0.008544600001187064,0.19434290000936016,0.0,0.0
982,chebyshev_d3_I1,112,3,17,982,0.010194899994530715,0.03930229999241419,0.18099069999880157,0.013689799990970641,0.24417769997671712,0.0,0.0
983,chebyshev_d3_I1,120,5,23,983,0.01080240000737831,0.04226539999945089,0.13720840000314638,0.008271200000308454,0.19854740001028404,0.0,0.0
984,chebyshev_d5_I1,481,9,9,984,0.01300989999435842,0.08357520001300145,0.14498420000018086,0.008300999994389713,0.24987030000193045,0.0,0.0
985,least_squares_d5_I1,586,0,12,985,0.01260109999566339,0.08244440000271425,0.14357299999392126,0.008031100005609915,0.2466495999979088,0.0,0.0
986,chebyshev_d3_I1,120,5,8,986,0.009732500009704381,0.040084699998260476,0.13014529999054503,0.008033400008571334,0.18799590000708122,0.0,0.0
987,chebyshev_d3_I1,633,2,13,987,0.009318899989011697,0.03959939999913331,0.14558260000194423,0.008925700007239357,0.2034265999973286,0.0,0.0
988,chebyshev_d3_I1,481,9,18,988,0.010223999997833744,0.042175399998086505,0.14381899998988956,0.007976299995789304,0.20419469998159911,0.0,0.0
989,chebyshev_d5_I2,949,1,6,989,0.013739100002567284,0.09967709999182262,0.1683298999996623,0.008272300008684397,0.2900184000027366,0.0,0.0
990,least_squares_d5_I1,120,5,16,990,0.012710800001514144,0.08530910000263248,0.1675515999959316,0.008113000003504567,0.2736845000035828,0.0,0.0
991,least_squares_d3_I1,633,2,8,991,0.011204499998711981,0.04061320000619162,0.1397928999940632,0.008098599995719269,0.19970919999468606,0.0,0.0
992,least_squares_d5_I1,603,8,20,992,0.013330199988558888,0.08638979999523144,0.1482042999996338,0.008054199992329814,0.25597849997575395,0.0,0.0
993,chebyshev_d5_I1,259,6,9,993,0.013504300004569814,0.08296179999888409,0.1448711999983061,0.007873499998822808,0.24921080000058282,0.0,0.0
994,least_squares_d3_I1,259,6,5,994,0.0097859000088647,0.03918310000153724,0.1332714999880409,0.009093700005905703,0.19133420000434853,0.0,0.0
995,chebyshev_d5_I1,120,5,11,995,0.0130329000094207,0.0831873999995878,0.13990349999221507,0.008012599995709024,0.2441363999969326,0.0,0.0
996,least_squares_d5_I2,112,3,16,996,0.012310799997067079,0.08313009999983478,0.15150200000789482,0.010221499993349425,0.2571643999981461,0.0,0.0
997,least_squares_d5_I1,411,7,2,997,0.01390569999057334,0.08753069999511354,0.14464110000699293,0.007762399996863678,0.2538398999895435,0.0,0.0
998,chebyshev_d3_I1,586,0,24,998,0.009913699992466718,0.03935500000079628,0.1333023999904981,0.008236699999542907,0.190807799983304,0.0,0.0
999,chebyshev_d5_I2,120,5,25,999,0.01248769999074284,0.0802626000076998,0.1446383999864338,0.007820999991963618,0.24520969997684006,0.0,0.0
1000,least_squares_d5_I2,603,8,15,1000,0.013385300000663847,0.08538740000221878,0.14344709999568295,0.009136799999396317,0.2513565999979619,0.0,0.0
1001,least_squares_d3_I1,120,5,26,1001,0.010168299995712005,0.039407799995387904,0.13319269999919925,0.007985100004589185,0.19075389999488834,0.0,0.0
1002,least_squares_d5_I1,411,7,20,1002,0.013051600006292574,0.08259019999240991,0.15165120000892784,0.009518299993942492,0.2568113000015728,0.0,0.0
1003,least_squares_d5_I2,259,6,5,1003,0.01413460000185296,0.08626430000003893,0.16139010000915732,0.013322200000402518,0.27511120001145173,0.0,0.0
1004,least_squares_d5_I2,633,2,23,1004,0.01855280000017956,0.09545079999952577,0.15032600000267848,0.007909799998742528,0.27223940000112634,0.0,0.0
1005,chebyshev_d5_I2,120,5,8,1005,0.013204299990320578,0.08263029999216087,0.15083379999850877,0.008736499992664903,0.2554048999736551,0.0,0.0
1006,chebyshev_d3_I1,586,0,18,1006,0.009575200005201623,0.040447000006679446,0.13585940000484698,0.00781549999373965,0.1936971000104677,0.0,0.0
1007,least_squares_d3_I1,603,8,27,1007,0.009618699987186119,0.03943029999209102,0.1328529000020353,0.008302499991259538,0.190204399972572,0.0,0.0
1008,least_squares_d5_I2,481,9,28,1008,0.012347600000794046,0.09088819999305997,0.15182699999422766,0.00800129999697674,0.2630640999850584,0.0,0.0
1009,chebyshev_d3_I1,481,9,9,1009,0.010147400011192076,0.04052220001176465,0.1383345000067493,0.007881900004576892,0.19688600003428292,0.0,0.0
1010,chebyshev_d5_I2,589,4,23,1010,0.012909600001876242,0.08320530000491999,0.1461669999989681,0.007817999998223968,0.2500999000039883,0.0,0.0
1011,chebyshev_d3_I1,589,4,12,1011,0.009903500002110377,0.0393884000077378,0.13707510000676848,0.008320500011905096,0.19468750002852175,0.0,0.0
1012,chebyshev_d5_I1,120,5,6,1012,0.012850800005253404,0.08182550000492483,0.14564030000474304,0.008104900000034831,0.2484215000149561,0.0,0.0
1013,chebyshev_d3_I1,949,1,7,1013,0.009372400003485382,0.03931659999943804,0.13330800000403542,0.007874300004914403,0.18987130001187325,0.0,0.0
1014,least_squares_d3_I1,481,9,14,1014,0.009601400000974536,0.039908699996885844,0.13545970000268426,0.00862220000999514,0.19359200001053978,0.0,0.0
1015,chebyshev_d5_I2,589,4,9,1015,0.01259889999346342,0.08237279999593738,0.14710880001075566,0.00929790000373032,0.2513784000038868,0.0,0.0
1016,chebyshev_d5_I2,481,9,20,1016,0.01435519999358803,0.08434589998796582,0.14236469999013934,0.007940299998153932,0.24900609996984713,0.0,0.0
1017,chebyshev_d5_I1,112,3,2,1017,0.012482299993280321,0.0798854000022402,0.1414494999917224,0.008302200003527105,0.24211939999077003,0.0,0.0
1018,chebyshev_d5_I2,120,5,14,1018,0.01318860000174027,0.08040609999443404,0.1437574999872595,0.007823899999493733,0.24517609998292755,0.0,0.0
1019,least_squares_d3_I1,949,1,27,1019,0.009637299997848459,0.039132700010668486,0.1296979999897303,0.008239700007834472,0.18670770000608172,0.0,0.0
1020,chebyshev_d5_I2,481,9,18,1020,0.012448999987100251,0.0804142000124557,0.1418924000026891,0.008051199998590164,0.2428068000008352,0.0,0.0
1021,least_squares_d5_I1,586,0,4,1021,0.012805899998056702,0.08038089999172371,0.14075859999866225,0.011071699991589412,0.24501709998003207,0.0,0.0
1022,chebyshev_d3_I1,633,2,8,1022,0.010537900001509115,0.0389009999926202,0.13176930000190623,0.0083740999980364,0.18958229999407195,0.0,0.0
1023,chebyshev_d5_I2,481,9,14,1023,0.012734599993564188,0.08216779999202117,0.14305820000299718,0.008342500004800968,0.2463030999933835,0.0,0.0
1024,least_squares_d3_I1,112,3,6,1024,0.009584200000972487,0.039204200002131984,0.132370199993602,0.007742300003883429,0.1889009000005899,0.0,0.0
1025,least_squares_d5_I2,586,0,29,1025,0.012663599991356023,0.08069329999852926,0.1462502000067616,0.007883700003731064,0.24749080000037793,0.0,0.0
1026,least_squares_d5_I2,586,0,8,1026,0.013232700002845377,0.08236500000930391,0.14148199999181088,0.009087200000067241,0.2461669000040274,0.0,0.0
1027,chebyshev_d5_I2,112,3,16,1027,0.012695800003712066,0.08072749999701045,0.14188939999439754,0.008196399998269044,0.2435090999933891,0.0,0.0
1028,least_squares_d5_I1,589,4,29,1028,0.012757600008626468,0.08201220000046305,0.1410092000005534,0.008115000004181638,0.24389400001382455,0.0,0.0
1029,chebyshev_d5_I2,586,0,1,1029,0.012536200010799803,0.08045570000831503,0.13984699999855366,0.007734600003459491,0.24057350002112798,0.0,0.0
1030,least_squares_d5_I2,586,0,16,1030,0.012505399994552135,0.0801157000096282,0.14212080001016147,0.008527099998900667,0.24326900001324248,0.0,0.0
1031,chebyshev_d3_I1,259,6,0,1031,0.00973859999794513,0.03959179999947082,0.13358619999780785,0.007708199991611764,0.19062479998683557,0.0,0.0
1032,chebyshev_d3_I1,112,3,1,1032,0.009890700006508268,0.03890130000945646,0.13171950000105426,0.007865599996875972,0.18837710001389496,0.0,0.0
1033,least_squares_d5_I2,411,7,2,1033,0.012590500002261251,0.08114359999308363,0.14094070000282954,0.0077855999988969415,0.24246039999707136,0.0,0.0
1034,chebyshev_d5_I2,112,3,20,1034,0.01289869999163784,0.08075939999253023,0.14936060000036377,0.008068199997069314,0.25108689998160116,0.0,0.0
1035,least_squares_d5_I2,411,7,5,1035,0.01253279999946244,0.07976180000696331,0.14099929999792948,0.008249599995906465,0.2415435000002617,0.0,0.0
1036,least_squares_d5_I2,589,4,6,1036,0.012655600003199652,0.08016320000751875,0.14336410000396427,0.00809609999123495,0.24427900000591762,0.0,0.0
1037,chebyshev_d5_I2,586,0,5,1037,0.012799800009815954,0.08178429999679793,0.14021490000595804,0.007735500010312535,0.24253450002288446,0.0,0.0
1038,least_squares_d3_I1,633,2,23,1038,0.010596199994324706,0.03901959999348037,0.13209820000338368,0.007877999989432283,0.18959199998062104,0.0,0.0
1039,least_squares_d5_I2,949,1,16,1039,0.012671100004808977,0.08080019999761134,0.1418586000072537,0.008038999993004836,0.24336890000267886,0.0,0.0
1040,chebyshev_d5_I1,112,3,17,1040,0.01294560001406353,0.08173640001041349,0.14411370000743773,0.007925700003397651,0.2467214000353124,0.0,0.0
1041,least_squares_d3_I1,259,6,11,1041,0.009379399998579174,0.03927770000882447,0.13331299999845214,0.008108299996820278,0.19007840000267606,0.0,0.0
1042,least_squares_d5_I2,586,0,0,1042,0.012730899994494393,0.08083570000599138,0.14154640000197105,0.00799620000179857,0.2431092000042554,0.0,0.0
1043,least_squares_d5_I1,603,8,23,1043,0.012660899999900721,0.0804401999921538,0.139645000002929,0.007855900010326877,0.2406020000053104,0.0,0.0
1044,chebyshev_d5_I2,586,0,21,1044,0.012740299993311055,0.08654899999964982,0.14381270000012591,0.007723300004727207,0.250825299997814,0.0,0.0
1045,least_squares_d3_I1,259,6,1,1045,0.009972500003641471,0.039726200004224665,0.13266699999803677,0.008205499994801357,0.19057120000070427,0.0,0.0
1046,chebyshev_d5_I2,586,0,12,1046,0.012987599999178201,0.08232200000202283,0.14186629999312572,0.008017999993171543,0.2451938999874983,0.0,0.0
1047,least_squares_d3_I1,259,6,3,1047,0.00936820000060834,0.038490499995532446,0.1304715999867767,0.00828949999413453,0.18661979997705203,0.0,0.0
1048,least_squares_d5_I1,633,2,22,1048,0.012469499997678213,0.08054009999614209,0.14449739998963196,0.00788730000203941,0.24539429998549167,0.0,0.0
1049,chebyshev_d5_I2,411,7,12,1049,0.012919899992994033,0.08188030000019353,0.1427045000018552,0.007962400006363168,0.24546710000140592,0.0,0.0
1050,least_squares_d5_I2,586,0,9,1050,0.012960899999598041,0.08142960000259336,0.14183320000302047,0.008280599999125116,0.24450430000433698,0.0,0.0
1051,least_squares_d3_I1,120,5,3,1051,0.009328700005426072,0.03927059999841731,0.13088209999841638,0.007906800005002879,0.18738820000726264,0.0,0.0
1052,chebyshev_d5_I1,411,7,7,1052,0.01290329999756068,0.08164040000701789,0.14123779999499675,0.008413600007770583,0.2441951000073459,0.0,0.0
1053,least_squares_d5_I2,586,0,10,1053,0.012296399989281781,0.08346659998642281,0.15718439999909606,0.007827499997802079,0.2607748999726027,0.0,0.0
1054,chebyshev_d5_I1,603,8,26,1054,0.013068000000203028,0.08498759999929462,0.14163559999724384,0.007881799989263527,0.24757299998600502,0.0,0.0
1055,chebyshev_d5_I2,603,8,19,1055,0.012588600002345629,0.07997469999827445,0.13852730000508018,0.007890599998063408,0.23898120000376366,0.0,0.0
1056,least_squares_d5_I2,603,8,1,1056,0.012470899993786588,0.07954159998917021,0.14172889999463223,0.007875900002545677,0.2416172999801347,0.0,0.0
1057,least_squares_d5_I1,949,1,28,1057,0.012589899997692555,0.08300990000134334,0.1435563999984879,0.008858999994117767,0.24801519999164157,0.0,0.0
1058,chebyshev_d5_I1,949,1,8,1058,0.013105399993946776,0.08123120000527706,0.14332329999888316,0.007995000007213093,0.2456549000053201,0.0,0.0
1059,chebyshev_d5_I1,259,6,26,1059,0.012551599997095764,0.08303449999948498,0.1418244000087725,0.00786060000245925,0.2452711000078125,0.0,0.0
1060,chebyshev_d5_I2,603,8,28,1060,0.01252399999066256,0.08103709999704733,0.14313299999048468,0.00786800000059884,0.2445620999787934,0.0,0.0
1061,chebyshev_d3_I1,589,4,3,1061,0.009731600002851337,0.03944940000656061,0.13237649999791756,0.00819029999547638,0.1897478000028059,0.0,0.0
1062,chebyshev_d5_I2,589,4,16,1062,0.012682300002779812,0.08095109999703709,0.14572380000026897,0.0076895999955013394,0.2470467999955872,0.0,0.0
1063,chebyshev_d3_I1,481,9,5,1063,0.00962450000224635,0.0389288000005763,0.13105490000452846,0.00847480000811629,0.1880830000154674,0.0,0.0
1064,chebyshev_d3_I1,589,4,2,1064,0.009439900008146651,0.03850149999198038,0.13004170000203885,0.007933299988508224,0.1859163999906741,0.0,0.0
1065,chebyshev_d5_I2,120,5,5,1065,0.012570099992444739,0.07924919998913538,0.13905870000598952,0.00778060000448022,0.23865859999204986,0.0,0.0
1066,chebyshev_d3_I1,589,4,19,1066,0.00954230000206735,0.03898040000058245,0.13017669999680948,0.007872899994254112,0.1865722999937134,0.0,0.0
1067,least_squares_d5_I2,633,2,11,1067,0.012645800001337193,0.08005499999853782,0.14102660000207834,0.008039699998334982,0.24176710000028834,0.0,0.0
1068,least_squares_d5_I2,411,7,21,1068,0.012635599996428937,0.08071010001003742,0.1422677999944426,0.00822520001383964,0.2438387000147486,0.0,0.0
1069,least_squares_d3_I1,586,0,12,1069,0.009487999996053986,0.038332700001774356,0.13198730000294745,0.00817030000325758,0.18797830000403337,0.0,0.0
1070,chebyshev_d5_I2,589,4,2,1070,0.012414800003170967,0.08089450000261422,0.14324459999625105,0.007814199998392724,0.24436810000042897,0.0,0.0
1071,chebyshev_d5_I1,603,8,15,1071,0.012579300004290417,0.0800052999984473,0.1387797000061255,0.008070199997746386,0.2394345000066096,0.0,0.0
1072,chebyshev_d5_I1,949,1,21,1072,0.012434500007657334,0.0868412999989232,0.14749040000606328,0.00788509999983944,0.25465130001248326,0.0,0.0
1073,chebyshev_d3_I1,949,1,23,1073,0.009704900003271177,0.04056660000060219,0.13583260000450537,0.008072900003753603,0.19417700001213234,0.0,0.0
1074,chebyshev_d3_I1,411,7,29,1074,0.01004300000204239,0.03953490000276361,0.13360860000830144,0.007729999997536652,0.19091650001064409,0.0,0.0
1075,least_squares_d3_I1,586,0,23,1075,0.010168799999519251,0.03939330000139307,0.15370059999986552,0.00800590000289958,0.21126860000367742,0.0,0.0
1076,least_squares_d5_I1,633,2,10,1076,0.01321819999429863,0.08422519998566713,0.14334690000396222,0.008347700000740588,0.24913799998466857,0.0,0.0
1077,least_squares_d5_I1,603,8,14,1077,0.01262559999304358,0.08012250000319909,0.13902990000497084,0.00766950000252109,0.2394475000037346,0.0,0.0
1078,least_squares_d5_I2,259,6,4,1078,0.01283819999662228,0.07984289999876637,0.14273080001294147,0.008122699990053661,0.24353459999838378,0.0,0.0
1079,chebyshev_d3_I1,586,0,11,1079,0.009483899993938394,0.03976610000245273,0.1325082000112161,0.008088300004601479,0.1898465000122087,0.0,0.0
1080,chebyshev_d5_I1,586,0,6,1080,0.0128773999895202,0.08143140000174753,0.1417278000008082,0.007966400007717311,0.24400299999979325,0.0,0.0
1081,chebyshev_d5_I2,481,9,1,1081,0.012565299999550916,0.08126340000308119,0.14214369999535847,0.007914900008472614,0.2438873000064632,0.0,0.0
1082,least_squares_d5_I1,589,4,25,1082,0.01301439999951981,0.08626830000139307,0.14287939999485388,0.00900599999295082,0.2511680999887176,0.0,0.0
1083,chebyshev_d5_I2,411,7,8,1083,0.014415399986319244,0.09534870000788942,0.14166549999208655,0.008313800004543737,0.25974339999083895,0.0,0.0
1084,least_squares_d5_I1,633,2,19,1084,0.012755700008710846,0.0813415000011446,0.14224749999993946,0.008193300003767945,0.24453800001356285,0.0,0.0
1085,chebyshev_d5_I1,589,4,4,1085,0.012491900008171797,0.08175710000796244,0.13966129999607801,0.007898199997725897,0.24180850000993814,0.0,0.0
1086,least_squares_d3_I1,411,7,24,1086,0.00978449999820441,0.038499999995110556,0.13538249999692198,0.007860699988668784,0.19152769997890573,0.0,0.0
1087,least_squares_d5_I2,411,7,3,1087,0.0126136999897426,0.0881301000044914,0.14184019999811426,0.007944299999508075,0.25052829999185633,0.0,0.0
1088,chebyshev_d5_I2,120,5,29,1088,0.012942100001964718,0.08169550000457093,0.1404943999950774,0.007902500001364388,0.24303450000297744,0.0,0.0
1089,chebyshev_d3_I1,411,7,7,1089,0.009482900000875816,0.03905629999644589,0.1295077999966452,0.007900199998402968,0.18594719999236986,0.0,0.0
1090,least_squares_d5_I2,112,3,3,1090,0.012463599996408448,0.08202439999149647,0.1434815999964485,0.007775899997795932,0.24574549998214934,0.0,0.0
1091,chebyshev_d3_I1,112,3,3,1091,0.009877899996354245,0.0394590999931097,0.13888589999987744,0.00819029999547638,0.19641319998481777,0.0,0.0
1092,chebyshev_d3_I1,120,5,0,1092,0.0096044000092661,0.0389524999918649,0.13254989999404643,0.007755800004815683,0.1888625999999931,0.0,0.0
1093,chebyshev_d5_I1,120,5,14,1093,0.012755299991113134,0.08293520000006538,0.14208550000330433,0.007718199994997121,0.24549419998947997,0.0,0.0
1094,least_squares_d5_I2,120,5,3,1094,0.01273290000972338,0.0809404000028735,0.14290839999739546,0.008182600009604357,0.2447643000195967,0.0,0.0
1095,chebyshev_d3_I1,259,6,13,1095,0.009420499991392717,0.03872860000410583,0.131319700012682,0.007687300007091835,0.1871561000152724,0.0,0.0
1096,least_squares_d5_I1,633,2,21,1096,0.012621200003195554,0.08049739999114536,0.14328419999219477,0.008458800002699718,0.2448615999892354,0.0,0.0
1097,least_squares_d5_I2,633,2,21,1097,0.012937899999087676,0.08308160000888165,0.1413239999965299,0.008176499992259778,0.245519999996759,0.0,0.0
1098,least_squares_d5_I2,603,8,19,1098,0.0125426000013249,0.08497160000842996,0.14838220000092406,0.008743300000787713,0.25463970001146663,0.0,0.0
1099,least_squares_d3_I1,589,4,14,1099,0.009446099997148849,0.0404636000021128,0.13215620000846684,0.00781260000076145,0.18987850000848994,0.0,0.0
1100,least_squares_d5_I1,633,2,1,1100,0.013381600001594052,0.08090119999542367,0.14051119999203365,0.008124699990730733,0.2429186999797821,0.0,0.0
1101,least_squares_d5_I2,120,5,4,1101,0.012597599998116493,0.082788999992772,0.14644209999823943,0.008783000012044795,0.2506117000011727,0.0,0.0
1102,chebyshev_d3_I1,603,8,2,1102,0.009292100003222004,0.03939990000799298,0.13696270000946242,0.007961499999510124,0.19361620002018753,0.0,0.0
1103,least_squares_d3_I1,120,5,29,1103,0.009556100005283952,0.038424600003054366,0.13460930000292137,0.007933700006105937,0.19052370001736563,0.0,0.0
1104,chebyshev_d5_I2,586,0,0,1104,0.012826899997889996,0.08080509999126662,0.14167860000452492,0.00803979999909643,0.24335039999277797,0.0,0.0
1105,least_squares_d3_I1,633,2,12,1105,0.009674799992353655,0.03840570000465959,0.1300044999952661,0.008367400005226955,0.1864523999975063,0.0,0.0
1106,least_squares_d5_I1,120,5,2,1106,0.012480899997171946,0.0808464999863645,0.14324949998990633,0.007897399991634302,0.24447429996507708,0.0,0.0
1107,chebyshev_d3_I1,949,1,3,1107,0.009523400003672577,0.0389601000060793,0.1297367000079248,0.007916699993074872,0.18613690001075156,0.0,0.0
1108,chebyshev_d5_I1,589,4,14,1108,0.012311800004681572,0.08066409999446478,0.14033770000969525,0.007860099998652004,0.2411737000074936,0.0,0.0
1109,least_squares_d5_I2,481,9,10,1109,0.012575899992953055,0.0808266999956686,0.1394397999974899,0.007874399991123937,0.2407167999772355,0.0,0.0
1110,least_squares_d5_I2,589,4,26,1110,0.012795299990102649,0.08067350000783335,0.14151299999502953,0.007899599993834272,0.2428813999867998,0.0,0.0
1111,least_squares_d3_I1,603,8,6,1111,0.009629899999708869,0.042096900011529215,0.13272769999457523,0.00802280000061728,0.1924773000064306,0.0,0.0
1112,least_squares_d5_I2,949,1,1,1112,0.012381799999275245,0.08027560000482481,0.14164529999834485,0.007765299989841878,0.2420679999922868,0.0,0.0
1113,least_squares_d5_I1,120,5,25,1113,0.012757100004819222,0.09839650000503752,0.1514457000012044,0.008020399996894412,0.27061970000795554,0.0,0.0
1114,least_squares_d3_I1,589,4,5,1114,0.009679099995992146,0.039615100002265535,0.13332680000166874,0.00807840000197757,0.190699400001904,0.0,0.0
1115,least_squares_d5_I2,411,7,18,1115,0.012539899995317683,0.08107190000009723,0.1402774999878602,0.007723799993982539,0.24161309997725766,0.0,0.0
1116,chebyshev_d5_I1,949,1,12,1116,0.012678300001425669,0.08058019999589305,0.13965840000309981,0.008402500010561198,0.24131940001097973,0.0,0.0
1117,chebyshev_d5_I2,586,0,16,1117,0.01281139999628067,0.07977430000028107,0.13982370001031086,0.007724900002358481,0.24013430000923108,0.0,0.0
1118,chebyshev_d5_I2,112,3,6,1118,0.012660899999900721,0.08076919999439269,0.14216809999197721,0.007899399992311373,0.243497599978582,0.0,0.0
1119,least_squares_d5_I1,120,5,21,1119,0.01247719999810215,0.08050500000535976,0.14116079999075737,0.007860300000174902,0.24200329999439418,0.0,0.0
1120,chebyshev_d3_I1,120,5,29,1120,0.009821200001169927,0.03857439999410417,0.13697759999195114,0.007995100007974543,0.19336829999519978,0.0,0.0
1121,chebyshev_d5_I1,120,5,19,1121,0.01259589999972377,0.08146729999862146,0.14011999999638647,0.007755099999485537,0.24193829999421723,0.0,0.0
1122,chebyshev_d5_I2,120,5,3,1122,0.01252690001274459,0.08038030000170693,0.1419432999973651,0.007750699995085597,0.24260120000690222,0.0,0.0
1123,chebyshev_d3_I1,481,9,11,1123,0.009678100002929568,0.03885430000082124,0.12999230000423267,0.00797479999891948,0.18649950000690296,0.0,0.0
1124,chebyshev_d3_I1,633,2,26,1124,0.009566399996401742,0.039143899994087406,0.13070140000490937,0.007833000010577962,0.18724470000597648,0.0,0.0
1125,least_squares_d3_I1,603,8,4,1125,0.009516800011624582,0.038461899996036664,0.12954410001111683,0.008001100010005757,0.18552390002878383,0.0,0.0
1126,least_squares_d5_I2,603,8,7,1126,0.012568799997097813,0.0809475999994902,0.1404230999905849,0.007848299996112473,0.24178779998328537,0.0,0.0
1127,chebyshev_d5_I1,949,1,10,1127,0.012620599998626858,0.08045740000670776,0.15612689999397844,0.013219800006481819,0.2624247000057949,0.0,0.0
1128,least_squares_d3_I1,949,1,5,1128,0.012103300003218465,0.06494050000037532,0.18286030000308529,0.010951500007649884,0.27085560001432896,0.0,0.0
1129,least_squares_d3_I1,949,1,23,1129,0.011691699997754768,0.04564500000560656,0.14257840000209399,0.008475100010400638,0.20839020001585595,0.0,0.0
1130,least_squares_d5_I1,586,0,24,1130,0.013109699997585267,0.09534610000264365,0.16935969999758527,0.011632099995040335,0.2894475999928545,0.0,0.0
1131,least_squares_d5_I2,949,1,3,1131,0.01621970000269357,0.08498689999396447,0.15457890000834595,0.009069499996257946,0.26485500000126194,0.0,0.0
1132,least_squares_d5_I2,586,0,23,1132,0.012781400000676513,0.08421760000055656,0.1457990999915637,0.008686200002557598,0.2514842999953544,0.0,0.0
1133,least_squares_d3_I1,120,5,9,1133,0.009757699997862801,0.039472999997087754,0.13060129999939818,0.007863199993153103,0.18769519998750184,0.0,0.0
1134,chebyshev_d5_I2,633,2,11,1134,0.012553599997772835,0.08188490000611637,0.1408132999931695,0.008100300008663908,0.2433521000057226,0.0,0.0
1135,least_squares_d5_I2,481,9,21,1135,0.012583599993376993,0.08296799998788629,0.14075599999341648,0.00800280000839848,0.24431039998307824,0.0,0.0
1136,least_squares_d3_I1,586,0,15,1136,0.010065700000268407,0.03922219999367371,0.13208699999086093,0.008345900001586415,0.18972079998638947,0.0,0.0
1137,chebyshev_d3_I1,112,3,26,1137,0.009309100001701154,0.03926309999951627,0.1320077999989735,0.007714899998973124,0.18829489999916404,0.0,0.0
1138,chebyshev_d5_I2,589,4,10,1138,0.01272630000312347,0.08006960000784602,0.1444638999964809,0.009232800002791919,0.2464926000102423,0.0,0.0
1139,chebyshev_d3_I1,259,6,15,1139,0.009718200002680533,0.03947999999218155,0.1400302000110969,0.00872140000865329,0.19794980001461226,0.0,0.0
1140,least_squares_d5_I2,633,2,13,1140,0.013022400002228096,0.0813862000068184,0.14333009999245405,0.008102699997834861,0.2458413999993354,0.0,0.0
1141,chebyshev_d5_I1,112,3,12,1141,0.01236540000536479,0.08146679999481421,0.1495961000036914,0.008352099990588613,0.251780399994459,0.0,0.0
1142,least_squares_d3_I1,633,2,7,1142,0.009330000000772998,0.05110319999221247,0.17064499999105465,0.011592299997573718,0.24267049998161383,0.0,0.0
1143,chebyshev_d3_I1,633,2,0,1143,0.012051700003212318,0.04825999999593478,0.1731519000022672,0.01083199999993667,0.24429560000135098,0.0,0.0
1144,chebyshev_d5_I2,411,7,23,1144,0.017061399994418025,0.10548270000435878,0.17408559999603312,0.007890599998063408,0.30452029999287333,0.0,0.0
1145,chebyshev_d3_I1,259,6,27,1145,0.00962519999302458,0.03858760000730399,0.1304727999959141,0.007769500007270835,0.1864551000035135,0.0,0.0
1146,least_squares_d5_I2,112,3,17,1146,0.012872700011939742,0.08063150000816677,0.1415701999940211,0.008041199995204806,0.2431156000093324,0.0,0.0
1147,least_squares_d5_I1,633,2,18,1147,0.012493200003518723,0.08096940000541508,0.14061349999974482,0.008278499997686595,0.24235460000636522,0.0,0.0
1148,least_squares_d5_I2,589,4,29,1148,0.01232029999664519,0.08154939999803901,0.14894889999413863,0.008245999997598119,0.25106459998642094,0.0,0.0
1149,chebyshev_d5_I1,603,8,11,1149,0.012594599989824928,0.08044170000357553,0.1410226000007242,0.007818699989002198,0.24187759998312686,0.0,0.0
1150,chebyshev_d3_I1,411,7,10,1150,0.00993709999602288,0.03899210000236053,0.13094709999859333,0.007715999992797151,0.1875922999897739,0.0,0.0
1151,chebyshev_d5_I2,112,3,15,1151,0.012693600001512095,0.08049639999808278,0.14124929999525193,0.00803470000391826,0.24247399999876507,0.0,0.0
1152,least_squares_d5_I2,603,8,13,1152,0.012634200000320561,0.08049290000053588,0.14161060001060832,0.00806959999317769,0.24280730000464246,0.0,0.0
1153,least_squares_d3_I1,633,2,13,1153,0.010283199997502379,0.039829800007282756,0.1331274999974994,0.008392999996431172,0.1916334999987157,0.0,0.0
1154,least_squares_d5_I2,112,3,23,1154,0.012872599996626377,0.08181220000551548,0.14234020000731107,0.00832079999963753,0.24534580000909045,0.0,0.0
1155,least_squares_d3_I1,586,0,19,1155,0.009439900008146651,0.0392808999895351,0.13137889999779873,0.008721699996385723,0.1888213999918662,0.0,0.0
1156,least_squares_d5_I2,589,4,18,1156,0.013057200005277991,0.08220049999363255,0.14373270000214688,0.00838669999211561,0.24737709999317303,0.0,0.0
1157,least_squares_d3_I1,603,8,0,1157,0.00954289999208413,0.038933599993470125,0.13154479999502655,0.007858699987991713,0.18787999996857252,0.0,0.0
1158,chebyshev_d3_I1,633,2,27,1158,0.009655100002419204,0.03867220001120586,0.13962679999531247,0.007936399997561239,0.19589050000649877,0.0,0.0
1159,chebyshev_d3_I1,112,3,14,1159,0.009666800004197285,0.03969859999779146,0.13011589999950957,0.007694999992963858,0.18717629999446217,0.0,0.0
1160,chebyshev_d3_I1,112,3,10,1160,0.00947640000958927,0.03893240001343656,0.1309215000073891,0.007896800001617521,0.18722710003203247,0.0,0.0
1161,chebyshev_d3_I1,603,8,16,1161,0.009483100002398714,0.03888579999329522,0.13009200000669807,0.008230799998273142,0.18669170000066515,0.0,0.0
1162,chebyshev_d5_I2,411,7,17,1162,0.012533600005554035,0.08149690000573173,0.14169250000850298,0.007914399990113452,0.2436374000099022,0.0,0.0
1163,least_squares_d3_I1,120,5,10,1163,0.009679700000560842,0.038403899990953505,0.13364359999832232,0.008320300010382198,0.19004750000021886,0.0,0.0
1164,chebyshev_d5_I1,589,4,15,1164,0.012379199994029477,0.08089760001166724,0.14110490000166465,0.007896700000856072,0.24227840000821743,0.0,0.0
1165,chebyshev_d5_I1,112,3,28,1165,0.012555499997688457,0.08013960000243969,0.14080850000027567,0.008163400008925237,0.24166700000932906,0.0,0.0
1166,least_squares_d5_I2,481,9,23,1166,0.012435500000719912,0.08178440001211129,0.14896659999794792,0.008115500007988885,0.251302000018768,0.0,0.0
1167,least_squares_d5_I1,120,5,8,1167,0.012837100002798252,0.08714150000014342,0.14198609998857137,0.008825199998682365,0.2507898999901954,0.0,0.0
1168,chebyshev_d3_I1,411,7,14,1168,0.009526900001219474,0.040403600010904483,0.13897250000445638,0.00829909999447409,0.19720210001105443,0.0,0.0
1169,chebyshev_d3_I1,949,1,28,1169,0.009461200010264292,0.0392102000041632,0.1316826999973273,0.007851700007449836,0.18820580001920462,0.0,0.0
1170,least_squares_d5_I1,120,5,9,1170,0.01270769999246113,0.08154339999600779,0.14326910000818316,0.008022299996810034,0.24554249999346212,0.0,0.0
1171,least_squares_d5_I1,586,0,0,1171,0.012449200003175065,0.08244070000364445,0.1412932999955956,0.007746599992970005,0.2439297999953851,0.0,0.0
1172,chebyshev_d5_I1,112,3,26,1172,0.012617100001079962,0.08161169999220874,0.14142470000660978,0.008017100000870414,0.2436706000007689,0.0,0.0
1173,least_squares_d3_I1,112,3,19,1173,0.00979919999372214,0.039063799995346926,0.1301802000089083,0.007838599995011464,0.18688179999298882,0.0,0.0
1174,least_squares_d5_I1,112,3,14,1174,0.012652000004891306,0.08287169999675825,0.1425197000062326,0.007841700004064478,0.24588510001194663,0.0,0.0
1175,chebyshev_d5_I1,411,7,16,1175,0.012651200013351627,0.08041870000306517,0.14045210000767838,0.007780800006003119,0.2413028000300983,0.0,0.0
1176,least_squares_d5_I1,949,1,12,1176,0.013180999987525865,0.0803204999974696,0.14213599999493454,0.007958400005009025,0.24359589998493902,0.0,0.0
1177,least_squares_d5_I2,411,7,9,1177,0.013040700010606088,0.08093830000143498,0.14238289999775589,0.011836899997433648,0.2481988000072306,0.0,0.0
1178,chebyshev_d3_I1,586,0,26,1178,0.011612999995122664,0.04192669999611098,0.1306765000044834,0.0078064999979687855,0.19202269999368582,0.0,0.0
1179,chebyshev_d3_I1,481,9,27,1179,0.009567800007062033,0.03851830000348855,0.13037769999937154,0.007989399993675761,0.18645320000359789,0.0,0.0
1180,chebyshev_d3_I1,259,6,10,1180,0.009303200000431389,0.03881559999717865,0.13381430000299588,0.008125799999106675,0.1900588999997126,0.0,0.0
1181,least_squares_d3_I1,949,1,11,1181,0.009514100005617365,0.039020299998810515,0.1351563000062015,0.007865400009904988,0.19155610002053436,0.0,0.0
1182,least_squares_d5_I1,112,3,27,1182,0.01252780000504572,0.08042189999832772,0.14276499999687076,0.007925400001113303,0.2436401000013575,0.0,0.0
1183,chebyshev_d5_I1,259,6,5,1183,0.013400099996943027,0.08213740000792313,0.14135770000575576,0.008007500000530854,0.24490270001115277,0.0,0.0
1184,least_squares_d3_I1,589,4,2,1184,0.009388899998157285,0.039767599999322556,0.13227470000856556,0.007821299994247966,0.18925250000029337,0.0,0.0
1185,chebyshev_d5_I1,259,6,10,1185,0.012559100010548718,0.0806284999998752,0.140064600011101,0.00804289999359753,0.24129510001512244,0.0,0.0
1186,chebyshev_d5_I2,112,3,8,1186,0.012261299998499453,0.0803648000000976,0.14342339998984244,0.007741399997030385,0.24379089998546988,0.0,0.0
1187,chebyshev_d3_I1,259,6,12,1187,0.009527899994282052,0.03938509999716189,0.1301170000078855,0.008013600003323518,0.18704360000265297,0.0,0.0
1188,least_squares_d5_I1,949,1,0,1188,0.01253740000538528,0.08586619999550749,0.14445370000612456,0.007943299991893582,0.2508005999989109,0.0,0.0
1189,chebyshev_d5_I2,589,4,1,1189,0.01256180000200402,0.08097280000220053,0.14937080000527203,0.008848299999954179,0.25175370000943076,0.0,0.0
1190,chebyshev_d5_I1,586,0,29,1190,0.0135009999939939,0.08552870000130497,0.14462199999252334,0.00802280000061728,0.2516744999884395,0.0,0.0
1191,chebyshev_d3_I1,120,5,20,1191,0.00941709999460727,0.03957970000919886,0.1301448000012897,0.007779299994581379,0.1869208999996772,0.0,0.0
1192,least_squares_d5_I2,112,3,7,1192,0.01286039999104105,0.08174429999780841,0.1424278000049526,0.00818730000173673,0.24521979999553878,0.0,0.0
1193,least_squares_d3_I1,633,2,16,1193,0.009434599996893667,0.038778899994213134,0.13036209999700077,0.008198499999707565,0.18677409998781513,0.0,0.0
1194,chebyshev_d5_I2,589,4,18,1194,0.012843700009398162,0.08215909999853466,0.14405220000480767,0.00821179999911692,0.2472668000118574,0.0,0.0
1195,chebyshev_d3_I1,481,9,4,1195,0.009497500010184012,0.03946670000732411,0.13168830001086462,0.00789039999654051,0.18854290002491325,0.0,0.0
1196,least_squares_d5_I1,112,3,19,1196,0.012795600006938912,0.08118670000112616,0.14171989999886137,0.008186899998690933,0.24388910000561737,0.0,0.0
1197,chebyshev_d5_I2,633,2,4,1197,0.012538900002255104,0.08123090000299271,0.14769820000219624,0.0083881000027759,0.24985610001021996,0.0,0.0
1198,chebyshev_d5_I1,589,4,19,1198,0.012784599995939061,0.0814702999923611,0.1430506000033347,0.007916799993836321,0.24522229998547118,0.0,0.0
1199,chebyshev_d5_I1,481,9,5,1199,0.012887799995951355,0.08135320000292268,0.14163699999335222,0.007912500004749745,0.243790499996976,0.0,0.0
1200,chebyshev_d5_I2,589,4,19,1200,0.013146299999789335,0.08102479999070056,0.14181149999785703,0.007910899992566556,0.24389349998091348,0.0,0.0
1201,chebyshev_d5_I2,120,5,19,1201,0.012273400003323331,0.08046079998894129,0.14273569999204483,0.007832100003724918,0.24330199998803437,0.0,0.0
1202,chebyshev_d3_I1,481,9,15,1202,0.00963850000698585,0.038926099994569086,0.1307329999981448,0.008047800001804717,0.18734540000150446,0.0,0.0
1203,chebyshev_d5_I2,949,1,14,1203,0.012430200004018843,0.08197529999597464,0.1431567000108771,0.007916099988506176,0.24547829999937676,0.0,0.0
1204,chebyshev_d3_I1,481,9,1,1204,0.00963269999192562,0.03912050000508316,0.13263370000640862,0.008267600002000108,0.1896545000054175,0.0,0.0
1205,least_squares_d5_I2,589,4,0,1205,0.012647600000491366,0.08151139999972656,0.14091790000384208,0.007862300000851974,0.24293920000491198,0.0,0.0
1206,least_squares_d5_I1,633,2,3,1206,0.01286919999984093,0.08018429999356158,0.14181869999447372,0.00839480001013726,0.2432669999980135,0.0,0.0
1207,least_squares_d5_I2,259,6,16,1207,0.01323670000419952,0.08842439998988993,0.14103349999641068,0.008106200009933673,0.2508008000004338,0.0,0.0
1208,least_squares_d5_I1,481,9,2,1208,0.013106600003084168,0.07961480000813026,0.14245109999319538,0.008042300003580749,0.24321480000799056,0.0,0.0
1209,chebyshev_d5_I1,586,0,24,1209,0.012448099994799122,0.08042030000069644,0.13976829999592155,0.008140299993101507,0.24077699998451862,0.0,0.0
1210,least_squares_d3_I1,411,7,9,1210,0.009543699998175725,0.03907739999704063,0.13511980000475887,0.008249800011981279,0.1919907000119565,0.0,0.0
1211,least_squares_d3_I1,112,3,5,1211,0.009402800002135336,0.03987750000669621,0.13089309999486431,0.008231400002841838,0.1884048000065377,0.0,0.0
1212,chebyshev_d3_I1,481,9,3,1212,0.009469299999182113,0.03966819999914151,0.1322234999970533,0.00781920000736136,0.18918020000273827,0.0,0.0
1213,chebyshev_d3_I1,120,5,17,1213,0.009709100006148219,0.03907550001167692,0.13275760000396986,0.008081599997240119,0.18962380001903512,0.0,0.0
1214,least_squares_d5_I1,586,0,7,1214,0.01235060000908561,0.08149989999947138,0.14349360000051092,0.008151200003339909,0.24549530001240782,0.0,0.0
1215,chebyshev_d5_I2,481,9,3,1215,0.013079099997412413,0.081868499997654,0.1393171999952756,0.007828600006178021,0.24209339999652002,0.0,0.0
1216,least_squares_d5_I2,949,1,6,1216,0.012544199998956174,0.0829066000005696,0.1482322999945609,0.010339600004954264,0.2540226999990409,0.0,0.0
1217,chebyshev_d3_I1,112,3,29,1217,0.010269999998854473,0.03890780000074301,0.13273230000049807,0.008155899995472282,0.19006599999556784,0.0,0.0
1218,least_squares_d5_I1,411,7,19,1218,0.012584299998707138,0.0807972000038717,0.14282350000576116,0.007940499999676831,0.24414550000801682,0.0,0.0
1219,chebyshev_d5_I2,481,9,8,1219,0.012721099992631935,0.08132589999877382,0.14125880000938196,0.00841249999939464,0.24371830000018235,0.0,0.0
1220,least_squares_d5_I1,633,2,0,1220,0.01312250000773929,0.08167510000930633,0.1539275999966776,0.00790130000677891,0.25662650002050214,0.0,0.0
1221,least_squares_d3_I1,586,0,20,1221,0.009861200000159442,0.03867540000646841,0.1303667000029236,0.007774600002449006,0.18667790001200046,0.0,0.0
1222,chebyshev_d5_I2,633,2,18,1222,0.012578499998198822,0.08097019999695476,0.1427278000046499,0.00798959999519866,0.24426609999500215,0.0,0.0
1223,chebyshev_d5_I1,259,6,22,1223,0.013238599989563227,0.08140900000580586,0.1418761000095401,0.008491700005833991,0.24501540001074318,0.0,0.0
1224,least_squares_d3_I1,586,0,3,1224,0.00932450000254903,0.039621600008103997,0.13253619999159127,0.00837040001351852,0.18985270001576282,0.0,0.0
1225,least_squares_d3_I1,120,5,21,1225,0.009498200000962242,0.04771230000187643,0.13134579999314155,0.008084100001724437,0.19664039999770466,0.0,0.0
1226,chebyshev_d3_I1,120,5,9,1226,0.009485899994615465,0.039179500003228895,0.13468709999870043,0.007980599999427795,0.1913330999959726,0.0,0.0
1227,least_squares_d5_I1,411,7,24,1227,0.013019000005442649,0.08158030000049621,0.15343640001083259,0.008130999995046295,0.25616670001181774,0.0,0.0
1228,chebyshev_d3_I1,586,0,16,1228,0.011648599989712238,0.03976590000092983,0.13239250000333413,0.007903899997472763,0.19171089999144897,0.0,0.0
1229,least_squares_d5_I2,112,3,20,1229,0.013342299993382767,0.08098900000914,0.14180830000259448,0.008553699997719377,0.24469330000283662,0.0,0.0
1230,chebyshev_d5_I2,411,7,14,1230,0.012645200011320412,0.08077690000936855,0.14211749999958556,0.007922299992060289,0.2434619000123348,0.0,0.0
1231,chebyshev_d5_I2,633,2,20,1231,0.012476099989726208,0.08134469999640714,0.13909009999770205,0.00786579999839887,0.24077669998223428,0.0,0.0
1232,chebyshev_d3_I1,112,3,23,1232,0.009568599998601712,0.03965079999761656,0.12983130000066012,0.007986800002981909,0.1870374999998603,0.0,0.0
1233,least_squares_d5_I2,112,3,1,1233,0.012596400003531016,0.08164859999669716,0.14138899999670684,0.008163700011209585,0.2437977000081446,0.0,0.0
1234,least_squares_d5_I1,586,0,3,1234,0.012834599998313934,0.08083049999549985,0.14191079999727663,0.007864900006097741,0.24344079999718815,0.0,0.0
1235,chebyshev_d5_I2,112,3,27,1235,0.012607200013007969,0.0890207000047667,0.14489860000321642,0.008396999997785315,0.2549235000187764,0.0,0.0
1236,chebyshev_d3_I1,949,1,22,1236,0.0098372000065865,0.04332020001311321,0.1337916999909794,0.008195100002922118,0.19514420001360122,0.0,0.0
1237,chebyshev_d5_I2,949,1,4,1237,0.012549400009447709,0.08074039999337401,0.1426216999971075,0.007877199997892603,0.24378869999782182,0.0,0.0
1238,chebyshev_d3_I1,411,7,4,1238,0.009560899998177774,0.03929210000205785,0.13207769999280572,0.007789400013280101,0.18872010000632145,0.0,0.0
1239,chebyshev_d3_I1,481,9,24,1239,0.009980499991797842,0.03883700000005774,0.1311314000049606,0.008086300003924407,0.1880352000007406,0.0,0.0
1240,least_squares_d5_I1,259,6,21,1240,0.012821299998904578,0.08035459999518935,0.14393789999303408,0.007758599997032434,0.24487239998416044,0.0,0.0
1241,chebyshev_d5_I1,586,0,0,1241,0.01256190000276547,0.0805841999972472,0.142234400002053,0.007876200004830025,0.2432567000068957,0.0,0.0
1242,least_squares_d5_I2,112,3,4,1242,0.012821800002711825,0.08478180000383873,0.14199099999677856,0.008355400001164526,0.24795000000449363,0.0,0.0
1243,chebyshev_d5_I2,589,4,25,1243,0.012602300004800782,0.08166789999813773,0.14039990000310354,0.007982999988598749,0.2426530999946408,0.0,0.0
1244,least_squares_d5_I1,259,6,22,1244,0.012683599998126738,0.08179409999866039,0.1407723000011174,0.007812299998477101,0.24306229999638163,0.0,0.0
1245,chebyshev_d5_I2,112,3,26,1245,0.012658299994654953,0.08335620000434574,0.14753519999794662,0.007938099995953962,0.2514877999929013,0.0,0.0
1246,chebyshev_d3_I1,589,4,18,1246,0.009577899996656924,0.03919399999722373,0.13268319999042433,0.007939999995869584,0.18939509998017456,0.0,0.0
1247,chebyshev_d5_I1,481,9,22,1247,0.012521500000730157,0.08044669999799225,0.13956159999361262,0.009292199989431538,0.24182199998176657,0.0,0.0
1248,least_squares_d5_I1,586,0,21,1248,0.012607500000740401,0.08139700000174344,0.1407342000020435,0.007854899988160469,0.24259359999268781,0.0,0.0
1249,least_squares_d5_I2,949,1,8,1249,0.012703800006420352,0.07959730000584386,0.1398683000006713,0.007800499995937571,0.23996990000887308,0.0,0.0
1250,chebyshev_d5_I2,633,2,29,1250,0.01258100000268314,0.08106430000043474,0.14226380000764038,0.008092199990642257,0.24400130000140052,0.0,0.0
1251,chebyshev_d5_I1,949,1,7,1251,0.01295140000001993,0.08182289999967907,0.14354859999730252,0.007847499990020879,0.2461703999870224,0.0,0.0
1252,chebyshev_d5_I1,259,6,24,1252,0.012893399994936772,0.08127530000638217,0.15611640000133775,0.007992300001205876,0.25827740000386257,0.0,0.0
1253,least_squares_d5_I2,603,8,6,1253,0.012704800014034845,0.08110869998927228,0.13942800000950228,0.007705500000156462,0.24094700001296587,0.0,0.0
1254,chebyshev_d3_I1,949,1,12,1254,0.009708800003863871,0.038314099991112016,0.13394879999395926,0.010508699997444637,0.19248039998637978,0.0,0.0
1255,least_squares_d5_I2,481,9,19,1255,0.015050699992571026,0.08191600001009647,0.1410699999978533,0.008085499997832812,0.2461221999983536,0.0,0.0
1256,least_squares_d5_I2,603,8,8,1256,0.012637300009373575,0.08218399999896064,0.1429578999959631,0.007780100000672974,0.24555930000497028,0.0,0.0
1257,least_squares_d5_I1,633,2,17,1257,0.012629499993636273,0.08048590000544209,0.14019620000908617,0.008378800004720688,0.24169040001288522,0.0,0.0
1258,least_squares_d5_I2,586,0,7,1258,0.012962300010258332,0.08315519998723175,0.14161269999749493,0.008165399995050393,0.2458955999900354,0.0,0.0
1259,least_squares_d3_I1,481,9,7,1259,0.009400700000696816,0.03912089999357704,0.13168880000011995,0.007961900002555922,0.18817229999694973,0.0,0.0
1260,least_squares_d5_I2,120,5,24,1260,0.012766600004397333,0.08243500000389758,0.14861050000763498,0.0077563999948324636,0.25156850001076236,0.0,0.0
1261,least_squares_d5_I1,259,6,3,1261,0.012608799996087328,0.08106329999282025,0.14112989998830017,0.008210100000724196,0.24301209997793194,0.0,0.0
1262,least_squares_d5_I1,120,5,0,1262,0.01247739999962505,0.08111419998749625,0.14224699999613222,0.008026199997402728,0.24386479998065624,0.0,0.0
1263,chebyshev_d5_I1,633,2,13,1263,0.012633699996513315,0.08348949998617172,0.14270669998950325,0.007999399997061118,0.2468292999692494,0.0,0.0
1264,least_squares_d5_I2,259,6,23,1264,0.014304399999673478,0.10738610000407789,0.1492353999929037,0.008561299997381866,0.27948719999403693,0.0,0.0
1265,least_squares_d3_I1,112,3,26,1265,0.009724400006234646,0.038926399996853434,0.13245289999758825,0.00795040000230074,0.18905410000297707,0.0,0.0
1266,chebyshev_d3_I1,586,0,14,1266,0.009673300010035746,0.038769099992350675,0.13308780000079423,0.008236699999542907,0.18976690000272356,0.0,0.0
1267,least_squares_d5_I1,633,2,24,1267,0.012567900004796684,0.0807992999907583,0.14071899998816662,0.007906099999672733,0.24199229998339433,0.0,0.0
1268,least_squares_d5_I1,112,3,0,1268,0.012659700005315244,0.08105069999874104,0.14225819999410305,0.008555099993827753,0.2445236999919871,0.0,0.0
1269,chebyshev_d5_I1,633,2,8,1269,0.012632900004973635,0.08042189999832772,0.1419752000074368,0.007855100004235283,0.24288510001497343,0.0,0.0
1270,least_squares_d5_I1,112,3,18,1270,0.012829699990106747,0.08152130000235047,0.1446211000002222,0.0077698999957647175,0.24674199998844415,0.0,0.0
1271,chebyshev_d5_I1,112,3,13,1271,0.012737400000332855,0.08091350000177044,0.14100669999606907,0.008067000002483837,0.2427246000006562,0.0,0.0
1272,chebyshev_d5_I1,112,3,18,1272,0.012460600002668798,0.07990050000080373,0.1409462000010535,0.007795000012265518,0.24110230001679156,0.0,0.0
1273,chebyshev_d3_I1,120,5,19,1273,0.009700599999632686,0.03860139999596868,0.1377472000021953,0.008118400000967085,0.19416759999876376,0.0,0.0
1274,least_squares_d3_I1,949,1,21,1274,0.009743199989316054,0.039100499998312443,0.13138539998908527,0.007802400010405108,0.18803149998711888,0.0,0.0
1275,least_squares_d5_I1,112,3,13,1275,0.012491900008171797,0.08085959999880288,0.13945059999241494,0.00812289999157656,0.24092499999096617,0.0,0.0
1276,chebyshev_d5_I2,949,1,7,1276,0.012655300000915304,0.08232200000202283,0.1434473999979673,0.007827800000086427,0.24625250000099186,0.0,0.0
1277,chebyshev_d5_I2,120,5,7,1277,0.01258169999346137,0.080906800008961,0.1410916000022553,0.008033499994780868,0.24261359999945853,0.0,0.0
1278,least_squares_d3_I1,603,8,7,1278,0.00952760000654962,0.03867179999360815,0.1322035000048345,0.007903400008217432,0.1883063000132097,0.0,0.0
1279,least_squares_d3_I1,481,9,19,1279,0.009735300001921132,0.03921610000543296,0.13937330000044312,0.008277400003862567,0.19660210001165979,0.0,0.0
1280,chebyshev_d5_I2,120,5,6,1280,0.013111300009768456,0.08330169999680948,0.14611460000742227,0.007787599999574013,0.2503152000135742,0.0,0.0
1281,chebyshev_d5_I2,603,8,25,1281,0.012753099988913164,0.08109639999747742,0.1437493999983417,0.00834519999625627,0.24594409998098854,0.0,0.0
1282,least_squares_d5_I2,120,5,2,1282,0.01266040001064539,0.08353499999793712,0.14303589999326505,0.008366199996089563,0.24759749999793712,0.0,0.0
1283,least_squares_d3_I1,949,1,6,1283,0.009334900008980185,0.04236160000436939,0.13405090000014752,0.008041599998250604,0.1937890000117477,0.0,0.0
1284,least_squares_d3_I1,949,1,15,1284,0.009682299991254695,0.03833509999094531,0.1314663999946788,0.007861500009312294,0.1873452999861911,0.0,0.0
1285,least_squares_d5_I2,120,5,5,1285,0.012618499997188337,0.08002310000301804,0.14166300000215415,0.0077923000062583014,0.24209690000861883,0.0,0.0
1286,least_squares_d5_I2,259,6,29,1286,0.013351299989153631,0.0823104000010062,0.14259750000201166,0.008056199993006885,0.24631539998517837,0.0,0.0
1287,chebyshev_d5_I2,481,9,28,1287,0.012583100004121661,0.0804717000137316,0.1403073000110453,0.007994600004167296,0.24135670003306586,0.0,0.0
1288,chebyshev_d5_I1,481,9,25,1288,0.012570400009281002,0.08227210000040941,0.142070000001695,0.0077160999935586005,0.24462860000494402,0.0,0.0
1289,chebyshev_d3_I1,589,4,14,1289,0.010235499998088926,0.03990989999147132,0.13100209999538492,0.007807500005583279,0.18895499999052845,0.0,0.0
1290,chebyshev_d3_I1,120,5,14,1290,0.0094600000011269,0.03866500000003725,0.1316521999979159,0.00849710000329651,0.18827430000237655,0.0,0.0
1291,chebyshev_d5_I2,481,9,21,1291,0.01255650000530295,0.08120580000104383,0.1430790999875171,0.007859399993321858,0.24470079998718575,0.0,0.0
1292,chebyshev_d5_I1,481,9,29,1292,0.012741700003971346,0.08101360000728164,0.14246560000174213,0.009669999999459833,0.24589090001245495,0.0,0.0
1293,least_squares_d3_I1,633,2,2,1293,0.010383400003775023,0.0399500000057742,0.13017210000543855,0.007815100005245768,0.18832060002023354,0.0,0.0
1294,chebyshev_d5_I1,259,6,28,1294,0.012591899998369627,0.08094490000803489,0.14308129998971708,0.008069400006206706,0.2446875000023283,0.0,0.0
1295,least_squares_d5_I2,112,3,13,1295,0.012970299998414703,0.08211279999522958,0.14044380000268575,0.008001900001545437,0.24352879999787547,0.0,0.0
1296,chebyshev_d5_I2,120,5,28,1296,0.012565099998028018,0.07936220000556204,0.14008610000018962,0.007699299996602349,0.23971270000038203,0.0,0.0
1297,least_squares_d5_I1,589,4,13,1297,0.012782199992216192,0.07998870000301395,0.14220950000162702,0.009014099996420555,0.2439944999932777,0.0,0.0
1298,least_squares_d5_I1,112,3,10,1298,0.013188700002501719,0.0806006999919191,0.14165039999352302,0.007854600000428036,0.24329439998837188,0.0,0.0
1299,chebyshev_d5_I1,120,5,17,1299,0.012843999997130595,0.08187069999985397,0.14124680000531953,0.007759599990095012,0.2437210999923991,0.0,0.0
1300,chebyshev_d3_I1,603,8,24,1300,0.009893599999486469,0.03947570000309497,0.13263249999727122,0.007922399992821738,0.1899241999926744,0.0,0.0
1301,chebyshev_d5_I2,586,0,27,1301,0.012730299989925697,0.08154149999609217,0.13899879998643883,0.008120600003167056,0.24139119997562375,0.0,0.0
1302,chebyshev_d3_I1,589,4,26,1302,0.00923940000939183,0.038499999995110556,0.13778609999280889,0.007972699997480959,0.19349819999479223,0.0,0.0
1303,chebyshev_d5_I1,112,3,25,1303,0.012396999998600222,0.08059050000156276,0.14282449999882374,0.007859300007112324,0.24367130000609905,0.0,0.0
1304,least_squares_d5_I1,112,3,28,1304,0.012538400012999773,0.0818827000039164,0.1426480999944033,0.008163800011971034,0.24523300002329051,0.0,0.0
1305,least_squares_d5_I1,411,7,7,1305,0.012468599990825169,0.08059720000892412,0.13931159999629017,0.007801899992045946,0.2401792999880854,0.0,0.0
1306,least_squares_d5_I1,586,0,17,1306,0.01271949999500066,0.08072350001020823,0.14101110000046901,0.007963199997902848,0.24241730000358075,0.0,0.0
1307,chebyshev_d3_I1,949,1,24,1307,0.009458600005018525,0.03975729999365285,0.13199660000100266,0.007779300009133294,0.18899180000880733,0.0,0.0
1308,chebyshev_d5_I1,949,1,14,1308,0.0126958999899216,0.08245989998977166,0.14386240000021644,0.008109599992167205,0.2471277999720769,0.0,0.0
1309,least_squares_d5_I1,949,1,25,1309,0.01261579999118112,0.08116539999900851,0.14223380001203623,0.008606400006101467,0.24462140000832733,0.0,0.0
1310,least_squares_d3_I1,259,6,28,1310,0.00967040000250563,0.04061870000441559,0.1309908999974141,0.007771900010993704,0.189051900015329,0.0,0.0
1311,chebyshev_d3_I1,949,1,6,1311,0.009416899993084371,0.038439500000094995,0.13040270000055898,0.00815330000477843,0.18641239999851678,0.0,0.0
1312,least_squares_d5_I2,112,3,18,1312,0.013374899994232692,0.08550219998869579,0.1422173000028124,0.007785099995089695,0.2488794999808306,0.0,0.0
1313,least_squares_d3_I1,259,6,8,1313,0.00965870000072755,0.038717500006896444,0.1301266999944346,0.007793700002366677,0.18629660000442527,0.0,0.0
1314,least_squares_d5_I2,949,1,26,1314,0.012565900004119612,0.08006550000573043,0.14368730000569485,0.007838700010324828,0.24415740002586972,0.0,0.0
1315,chebyshev_d3_I1,603,8,11,1315,0.009515999990981072,0.03917419999197591,0.13119580000056885,0.007934900000691414,0.18782089998421725,0.0,0.0
1316,chebyshev_d5_I1,259,6,7,1316,0.01264469999296125,0.08100689999992028,0.14261949999490753,0.00825490000715945,0.2445259999949485,0.0,0.0
1317,least_squares_d5_I1,481,9,27,1317,0.012870099992142059,0.0813581999973394,0.14227900000696536,0.008065599991823547,0.24457289998827036,0.0,0.0
1318,least_squares_d3_I1,411,7,26,1318,0.009480599997914396,0.03864310000790283,0.13159459999587853,0.007812399999238551,0.1875307000009343,0.0,0.0
1319,chebyshev_d5_I1,586,0,26,1319,0.012586799988639541,0.08026089999475516,0.14062920000287704,0.007858600001782179,0.24133549998805393,0.0,0.0
1320,least_squares_d5_I1,586,0,15,1320,0.012650000004214235,0.08185800000501331,0.14008739999553654,0.008084700006293133,0.24268010001105722,0.0,0.0
1321,least_squares_d5_I1,120,5,19,1321,0.012684500004979782,0.08058660000097007,0.14451870000630151,0.008706599997822195,0.24649640001007356,0.0,0.0
1322,least_squares_d3_I1,633,2,3,1322,0.009589699999196455,0.03956370000378229,0.13155469999765046,0.007776400001603179,0.18848450000223238,0.0,0.0
1323,least_squares_d3_I1,481,9,6,1323,0.009628100000554696,0.038774199987528846,0.13118320000648964,0.007874599992646836,0.18746009998722002,0.0,0.0
1324,chebyshev_d5_I1,633,2,17,1324,0.012507199993706308,0.08019130000320729,0.14048899999761488,0.008051299999351613,0.2412387999938801,0.0,0.0
1325,chebyshev_d3_I1,112,3,5,1325,0.009327099993242882,0.041351500010932796,0.13780229999974836,0.008409900008700788,0.19689080001262482,0.0,0.0
1326,chebyshev_d3_I1,589,4,6,1326,0.010060700005851686,0.04126269998960197,0.1349971000017831,0.00791390000085812,0.1942343999980949,0.0,0.0
1327,least_squares_d3_I1,589,4,16,1327,0.009729900004458614,0.03847410000162199,0.1303353999974206,0.007732400001259521,0.18627180000476073,0.0,0.0
1328,least_squares_d3_I1,633,2,14,1328,0.009591900001396425,0.038741900003515184,0.1309114000032423,0.008229899991420098,0.187475099999574,0.0,0.0
1329,chebyshev_d5_I1,411,7,9,1329,0.012369200005196035,0.08018730000185315,0.1401244000007864,0.007943999997223727,0.24062490000505932,0.0,0.0
1330,chebyshev_d3_I1,411,7,16,1330,0.009382700009155087,0.03889379999600351,0.13191039999946952,0.007845000000088476,0.1880319000047166,0.0,0.0
1331,least_squares_d5_I1,120,5,27,1331,0.012603499999386258,0.07987230000435375,0.1416530000133207,0.008111699993605725,0.24224050001066644,0.0,0.0
1332,least_squares_d5_I2,112,3,0,1332,0.012849399994593114,0.08514499999000691,0.1447721000004094,0.007714500010479242,0.2504809999954887,0.0,0.0
1333,least_squares_d5_I1,633,2,29,1333,0.012846099998569116,0.08132169999589678,0.1403052999958163,0.008346000002347864,0.24281909999263007,0.0,0.0
1334,chebyshev_d5_I1,120,5,27,1334,0.0126416999992216,0.0808580000011716,0.14047300000675023,0.007925999991130084,0.24189869999827351,0.0,0.0
1335,chebyshev_d3_I1,949,1,20,1335,0.010311199992429465,0.03881689999252558,0.1313667000067653,0.007840499994927086,0.18833529998664744,0.0,0.0
1336,chebyshev_d5_I2,259,6,5,1336,0.012805699996533804,0.08165600000938866,0.1450219999969704,0.007842299994081259,0.24732599999697413,0.0,0.0
1337,least_squares_d3_I1,949,1,12,1337,0.009451000005356036,0.03856110000924673,0.12982869999541435,0.007835200012777932,0.18567600002279505,0.0,0.0
1338,chebyshev_d5_I1,120,5,21,1338,0.012580399998114444,0.08198649999394547,0.14321349999227095,0.007859799996367656,0.24564019998069853,0.0,0.0
1339,least_squares_d5_I2,481,9,25,1339,0.01268690000870265,0.08324780000839382,0.14198630000464618,0.008541599992895499,0.24646260001463816,0.0,0.0
1340,least_squares_d5_I1,589,4,12,1340,0.012792100009392016,0.08139340000343509,0.1434387999906903,0.007946200013975613,0.24557050001749303,0.0,0.0
1341,chebyshev_d5_I1,411,7,10,1341,0.012928600001032464,0.08140199999616016,0.14679240000259597,0.007911500011687167,0.24903450001147576,0.0,0.0
1342,least_squares_d5_I1,949,1,16,1342,0.012491999994381331,0.08221990001038648,0.14245630000368692,0.008104599997750483,0.24527280000620522,0.0,0.0
1343,least_squares_d5_I2,259,6,28,1343,0.012590699989232235,0.08084569999482483,0.14051670000480954,0.007950800005346537,0.24190389999421313,0.0,0.0
1344,least_squares_d3_I1,949,1,3,1344,0.010235399997327477,0.03978429999551736,0.1320838000101503,0.007840399994165637,0.18994389999716077,0.0,0.0
1345,least_squares_d5_I1,120,5,14,1345,0.012719199992716312,0.08201119999284856,0.13926250000076834,0.008712800001376309,0.24270569998770952,0.0,0.0
1346,least_squares_d5_I1,411,7,11,1346,0.01256840000860393,0.08129170000029262,0.1421185999934096,0.00775910000083968,0.24373780000314582,0.0,0.0
1347,least_squares_d5_I2,112,3,10,1347,0.012760899990098551,0.08517919998848811,0.1422836000128882,0.008552899991627783,0.24877659998310264,0.0,0.0
1348,chebyshev_d3_I1,633,2,4,1348,0.010078099992824718,0.03926119999960065,0.13183149999531452,0.008730600005947053,0.18990139999368694,0.0,0.0
1349,least_squares_d5_I1,633,2,5,1349,0.01246769999852404,0.08066999999573454,0.1399210000090534,0.00785619999805931,0.24091490000137128,0.0,0.0
1350,chebyshev_d5_I1,112,3,15,1350,0.012491699992096983,0.07995489999302663,0.14182570000411943,0.008211399996071123,0.24248369998531416,0.0,0.0
1351,least_squares_d5_I1,586,0,19,1351,0.015437900001415983,0.08248549999552779,0.13982720000785775,0.007924699995783158,0.24567530000058468,0.0,0.0
1352,least_squares_d5_I2,112,3,26,1352,0.012512500004959293,0.08148369999253191,0.14440719998674467,0.007796699996106327,0.2462000999803422,0.0,0.0
1353,least_squares_d5_I2,949,1,14,1353,0.012787200001184829,0.08083589999296237,0.14444960000400897,0.008133999988785945,0.2462066999869421,0.0,0.0
1354,chebyshev_d5_I2,112,3,24,1354,0.012686400004895404,0.08128430000215303,0.1406589999969583,0.00812210000003688,0.24275180000404362,0.0,0.0
1355,chebyshev_d3_I1,949,1,5,1355,0.009680399991339073,0.038849099990329705,0.1302607999969041,0.008033699996303767,0.18682399997487664,0.0,0.0
1356,least_squares_d5_I1,481,9,21,1356,0.012577599991345778,0.08117760000459384,0.1440697999933036,0.009039900003699586,0.2468648999929428,0.0,0.0
1357,least_squares_d5_I2,112,3,2,1357,0.016318099995260127,0.08822640001017135,0.14084259999799542,0.007898399999248795,0.2532855000026757,0.0,0.0
1358,least_squares_d5_I1,411,7,18,1358,0.012770300003467128,0.08063320000655949,0.14098789999843575,0.007904800004325807,0.24229620001278818,0.0,0.0
1359,chebyshev_d5_I1,259,6,6,1359,0.012732500006677583,0.0797251000039978,0.14046520000556484,0.008509899998898618,0.24143270001513883,0.0,0.0
1360,least_squares_d5_I1,259,6,29,1360,0.012692500007688068,0.08723679999820888,0.14345160000084434,0.00841710000531748,0.25179800001205876,0.0,0.0
1361,chebyshev_d5_I2,603,8,14,1361,0.013074799993773922,0.09238130001176614,0.1415314999903785,0.007744700007606298,0.25473230000352487,0.0,0.0
1362,chebyshev_d5_I2,120,5,11,1362,0.01259800000116229,0.08043080000788905,0.14216069999383762,0.00828580000961665,0.2434753000125056,0.0,0.0
1363,least_squares_d5_I2,586,0,27,1363,0.012999800004763529,0.08068959999945946,0.13994029999594204,0.007716699998127297,0.24134639999829233,0.0,0.0
1364,chebyshev_d3_I1,603,8,19,1364,0.009713399995234795,0.03973119999864139,0.13259480000124313,0.007977200002642348,0.19001659999776166,0.0,0.0
1365,chebyshev_d5_I1,259,6,25,1365,0.012599199995747767,0.08209209999768063,0.14179279998643324,0.007865099993068725,0.24434919997293036,0.0,0.0
1366,least_squares_d5_I2,112,3,6,1366,0.012569600003189407,0.08210569999937434,0.1428585999965435,0.00788720000127796,0.2454211000003852,0.0,0.0
1367,chebyshev_d3_I1,633,2,19,1367,0.009611899993615225,0.039090799997211434,0.13207479999982752,0.007836400007363409,0.1886138999980176,0.0,0.0
1368,least_squares_d3_I1,120,5,1,1368,0.009519100000034086,0.03936359999352135,0.13257689999591094,0.008309500000905246,0.18976909999037161,0.0,0.0
1369,chebyshev_d5_I1,259,6,16,1369,0.01265580000472255,0.08027829999628011,0.1458652000001166,0.008469899999909103,0.24726920000102837,0.0,0.0
1370,least_squares_d5_I2,586,0,20,1370,0.012341399997239932,0.09053220000350848,0.1484474000026239,0.008015899991733022,0.25933689999510534,0.0,0.0
1371,chebyshev_d5_I1,586,0,11,1371,0.013248499992187135,0.08329379999486264,0.14069549999840092,0.00781309999001678,0.24505089997546747,0.0,0.0
1372,chebyshev_d5_I2,586,0,26,1372,0.012473499999032356,0.08162359999550972,0.14319519999844488,0.00841039999795612,0.24570269999094307,0.0,0.0
1373,chebyshev_d5_I1,112,3,11,1373,0.012811400010832585,0.08321129999239929,0.1425533000001451,0.0080761999997776,0.24665220000315458,0.0,0.0
1374,least_squares_d5_I1,949,1,17,1374,0.012736799995764159,0.08158169999660458,0.14219370001228526,0.007729200005996972,0.24424140001065098,0.0,0.0
1375,chebyshev_d3_I1,411,7,11,1375,0.009509000010439195,0.03874250000808388,0.1297939999931259,0.007895100003224798,0.18594060001487378,0.0,0.0
1376,chebyshev_d5_I2,603,8,3,1376,0.012917100000777282,0.0802830000029644,0.14121390000218526,0.008010499994270504,0.24242450000019744,0.0,0.0
1377,chebyshev_d3_I1,586,0,29,1377,0.009402099996805191,0.03873310000926722,0.1292671999981394,0.007855200004996732,0.18525760000920855,0.0,0.0
1378,least_squares_d5_I1,120,5,7,1378,0.012739099998725578,0.08272000000579283,0.1469063999975333,0.008533000000170432,0.25089850000222214,0.0,0.0
1379,chebyshev_d5_I1,589,4,22,1379,0.013053499991656281,0.08162709999305662,0.1415771999891149,0.008128000001306646,0.24438579997513443,0.0,0.0
1380,chebyshev_d5_I2,949,1,20,1380,0.012723099993309006,0.08339469999191351,0.14122170000337064,0.007852599999750964,0.24519209998834413,0.0,0.0
1381,chebyshev_d5_I2,586,0,4,1381,0.012672700002440251,0.08000499999616295,0.14151980000315234,0.00798219999705907,0.2421796999988146,0.0,0.0
1382,least_squares_d5_I1,481,9,3,1382,0.013202599991927855,0.08292430000437889,0.1437517000013031,0.0083738999965135,0.24825249999412335,0.0,0.0
1383,least_squares_d3_I1,259,6,17,1383,0.009320899989688769,0.039196500001708046,0.13059420000354294,0.007835299998987466,0.18694689999392722,0.0,0.0
1384,chebyshev_d5_I1,411,7,17,1384,0.012747000000672415,0.08270749999792315,0.14011010000831448,0.008010599995031953,0.243575200001942,0.0,0.0
1385,chebyshev_d5_I1,633,2,1,1385,0.012486599996918812,0.07926790000055917,0.13928620000660885,0.007935199988423847,0.23897589999251068,0.0,0.0
1386,least_squares_d3_I1,259,6,24,1386,0.009558100005961023,0.03833329999179114,0.13018530000408646,0.007706699994741939,0.18578339999658056,0.0,0.0
1387,least_squares_d3_I1,633,2,6,1387,0.010022100002970546,0.03949549999379087,0.13211730000330135,0.008419499994488433,0.1900543999945512,0.0,0.0
1388,least_squares_d5_I1,120,5,23,1388,0.012340799992671236,0.07997780000732746,0.14606389999971725,0.007821699997293763,0.2462041999970097,0.0,0.0
1389,chebyshev_d5_I1,481,9,20,1389,0.012943100009579211,0.08214309999311808,0.14363269999739714,0.0079598000011174,0.24667870000121184,0.0,0.0
1390,chebyshev_d3_I1,259,6,29,1390,0.009450199999264441,0.0390449999977136,0.13158159999875352,0.008025499992072582,0.18810229998780414,0.0,0.0
1391,chebyshev_d5_I2,120,5,17,1391,0.012470999994548038,0.08164679999754298,0.14342730000498705,0.007838799996534362,0.24538389999361243,0.0,0.0
1392,least_squares_d5_I2,949,1,9,1392,0.013126200006809086,0.08169200000702403,0.1417585000017425,0.00828499998897314,0.24486170000454877,0.0,0.0
1393,least_squares_d5_I2,633,2,26,1393,0.012519800002337433,0.09096980000322219,0.1496495000028517,0.008203000004868954,0.2613421000132803,0.0,0.0
1394,chebyshev_d5_I2,603,8,29,1394,0.012422200001310557,0.0816969000006793,0.14387369999894872,0.008097300000372343,0.24609010000131093,0.0,0.0
1395,chebyshev_d5_I1,120,5,3,1395,0.012914599996292964,0.08262490000925027,0.14334670000243932,0.008062699998845346,0.2469489000068279,0.0,0.0
1396,chebyshev_d5_I2,586,0,29,1396,0.012831900006858632,0.08102329999383073,0.1412185000081081,0.00818220000655856,0.24325590001535602,0.0,0.0
1397,least_squares_d5_I1,603,8,13,1397,0.013112000000546686,0.08103129999653902,0.14694570000574458,0.00816300000587944,0.24925200000870973,0.0,0.0
1398,least_squares_d5_I1,112,3,9,1398,0.012668800001847558,0.08069869999599177,0.1414876000053482,0.008177199997589923,0.24303230000077747,0.0,0.0
1399,chebyshev_d5_I1,259,6,18,1399,0.013216599996667355,0.08193739999842364,0.1410656999942148,0.008536399996955879,0.2447560999862617,0.0,0.0
1400,chebyshev_d5_I1,633,2,18,1400,0.013030200003413484,0.08193909999681637,0.14123860000108834,0.008154100010870025,0.24436200001218822,0.0,0.0
1401,least_squares_d5_I2,589,4,19,1401,0.01253520000318531,0.08127510000485927,0.14309070000308566,0.007939799994346686,0.24484080000547692,0.0,0.0
1402,chebyshev_d5_I2,120,5,4,1402,0.012584199997945689,0.08136529999319464,0.1432316999998875,0.00784209999255836,0.24502329998358618,0.0,0.0
1403,least_squares_d5_I1,120,5,28,1403,0.01272850000532344,0.0815361999993911,0.1423409000126412,0.008071599993854761,0.24467720001121052,0.0,0.0
1404,least_squares_d5_I1,112,3,15,1404,0.01269519999914337,0.08104999999341089,0.14218799999798648,0.007995399995706975,0.24392859998624772,0.0,0.0
1405,least_squares_d3_I1,112,3,2,1405,0.010948600000119768,0.04058320001058746,0.13028310000663623,0.007925400001113303,0.18974030001845676,0.0,0.0
1406,chebyshev_d3_I1,603,8,10,1406,0.009431400001631118,0.03935049999563489,0.13679260000935756,0.008026299998164177,0.19360080000478774,0.0,0.0
1407,chebyshev_d3_I1,586,0,5,1407,0.009507000009762123,0.03961370000615716,0.14583660000062082,0.008652299991808832,0.20360960000834893,0.0,0.0
1408,chebyshev_d5_I2,603,8,6,1408,0.01314769999589771,0.08424630000081379,0.14372370000637602,0.008241700008511543,0.24935940001159906,0.0,0.0
1409,least_squares_d5_I2,259,6,12,1409,0.012450800000806339,0.08023629999661352,0.13984889999846928,0.00792139999975916,0.2404573999956483,0.0,0.0
1410,chebyshev_d5_I2,112,3,25,1410,0.012928900003316812,0.080337999999756,0.14137329999357462,0.008722500002477318,0.24336269999912474,0.0,0.0
1411,chebyshev_d5_I1,112,3,1,1411,0.01231129998632241,0.08052480001060758,0.1395092000020668,0.007785199995851144,0.24013049999484792,0.0,0.0
1412,least_squares_d5_I2,481,9,3,1412,0.012787700004992075,0.08122629999706987,0.14123770000878721,0.008343199995579198,0.24359490000642836,0.0,0.0
1413,least_squares_d5_I2,586,0,14,1413,0.012581399991177022,0.0808238000026904,0.1428402999881655,0.007951899999170564,0.2441973999812035,0.0,0.0
1414,chebyshev_d5_I1,949,1,23,1414,0.013538600003812462,0.08744779998960439,0.1455399000114994,0.009202899993397295,0.25572919999831356,0.0,0.0
1415,least_squares_d5_I1,633,2,4,1415,0.01294850000704173,0.08030659999349155,0.14301240000349935,0.00992289998976048,0.2461903999937931,0.0,0.0
1416,chebyshev_d5_I2,589,4,12,1416,0.013329699999303557,0.08177309999882709,0.14464070000394713,0.008005099996807985,0.24774859999888577,0.0,0.0
1417,chebyshev_d3_I1,259,6,16,1417,0.009708500001579523,0.04012510000029579,0.13129450000997167,0.008342699991771951,0.18947080000361893,0.0,0.0
1418,chebyshev_d5_I1,949,1,26,1418,0.012678300001425669,0.08177879999857396,0.14348930001142435,0.007964099990203977,0.24591050000162795,0.0,0.0
1419,least_squares_d5_I1,586,0,20,1419,0.01260629999160301,0.08557260000088718,0.14126580000447575,0.007728500000666827,0.24717319999763276,0.0,0.0
1420,least_squares_d3_I1,633,2,26,1420,0.009585500010871328,0.03877340001054108,0.13212360000761691,0.007964000003994443,0.18844650003302377,0.0,0.0
1421,least_squares_d3_I1,259,6,0,1421,0.009618600000976585,0.03946230000292417,0.13099980000697542,0.00809470000967849,0.18817540002055466,0.0,0.0
1422,chebyshev_d5_I2,120,5,12,1422,0.012547500009532087,0.08014750000438653,0.1411093000060646,0.007878300006268546,0.24168260002625175,0.0,0.0
1423,chebyshev_d3_I1,586,0,2,1423,0.009461399997235276,0.039547499996842816,0.1322230999940075,0.007949799997732043,0.18918179998581763,0.0,0.0
1424,least_squares_d3_I1,259,6,6,1424,0.009362999990116805,0.038983799997367896,0.1311442000005627,0.007984099996974692,0.1874750999850221,0.0,0.0
1425,least_squares_d5_I1,120,5,11,1425,0.012508899992099032,0.07950219999474939,0.1433478999970248,0.010259000002406538,0.24561799998627976,0.0,0.0
1426,chebyshev_d5_I2,633,2,22,1426,0.013316799988388084,0.08126449999690522,0.1443758999957936,0.00855990000127349,0.24751709998236038,0.0,0.0
1427,chebyshev_d3_I1,411,7,25,1427,0.009787999995751306,0.03931810001085978,0.1323400999972364,0.007898500000010245,0.18934470000385772,0.0,0.0
1428,least_squares_d3_I1,411,7,8,1428,0.009509499999694526,0.038851399993291125,0.1355755999975372,0.008001199996215291,0.19193769998673815,0.0,0.0
1429,least_squares_d5_I1,589,4,20,1429,0.012831400003051385,0.08159319999685977,0.14157880000129808,0.007799800005159341,0.24380320000636857,0.0,0.0
1430,least_squares_d5_I1,411,7,15,1430,0.012908000004244968,0.08255429999553598,0.1434791000065161,0.008678900005179457,0.2476203000114765,0.0,0.0
1431,chebyshev_d5_I1,120,5,12,1431,0.012762099999235943,0.08291969999845605,0.13966260000597686,0.008086800007731654,0.2434312000114005,0.0,0.0
1432,chebyshev_d5_I2,481,9,13,1432,0.01245059999928344,0.08013060000666883,0.1443157999892719,0.0077523999934783205,0.2446493999887025,0.0,0.0
1433,least_squares_d3_I1,112,3,21,1433,0.01192159998754505,0.049087899998994544,0.1293716000072891,0.007807899994077161,0.19818899998790585,0.0,0.0
1434,least_squares_d5_I2,481,9,14,1434,0.012519900003098883,0.08018990000709891,0.14056159999745432,0.007987599994521588,0.2412590000021737,0.0,0.0
1435,least_squares_d5_I2,120,5,13,1435,0.012377699997159652,0.08145859999058302,0.1451773000007961,0.0077849999943282455,0.24679859998286702,0.0,0.0
1436,least_squares_d5_I2,586,0,26,1436,0.012616399995749816,0.08099279999441933,0.1416987000120571,0.007955500012030825,0.24326340001425706,0.0,0.0
1437,chebyshev_d3_I1,633,2,11,1437,0.009470400007558055,0.03916630000458099,0.13179800000216346,0.00804950000019744,0.18848420001449995,0.0,0.0
1438,least_squares_d3_I1,589,4,20,1438,0.009774699996341951,0.038863499998115,0.1328980000107549,0.00834220000251662,0.1898784000077285,0.0,0.0
1439,chebyshev_d5_I2,586,0,19,1439,0.012840200011851266,0.08212130000174511,0.14145140000618994,0.00778800000261981,0.24420090002240613,0.0,0.0
1440,least_squares_d5_I2,633,2,8,1440,0.012731100010569207,0.07968529999197926,0.1405184999894118,0.008166200001141988,0.24110109999310225,0.0,0.0
1441,chebyshev_d5_I2,112,3,12,1441,0.012589499994646758,0.08183949999511242,0.14141620000009425,0.008559800000512041,0.24440499999036547,0.0,0.0
1442,chebyshev_d5_I2,411,7,21,1442,0.013014700001804158,0.08129570000164676,0.14134539999940898,0.007773799996357411,0.24342959999921732,0.0,0.0
1443,least_squares_d5_I1,481,9,28,1443,0.013060900004347786,0.08098389999940991,0.14296999998623505,0.008173399997758679,0.24518819998775143,0.0,0.0
1444,least_squares_d3_I1,633,2,28,1444,0.009556199991493486,0.03945419999945443,0.13399020000360906,0.007790399991790764,0.19079099998634774,0.0,0.0
1445,chebyshev_d5_I1,586,0,23,1445,0.012436799996066839,0.08471700000518467,0.13939229999959935,0.007796100006089546,0.2443422000069404,0.0,0.0
1446,chebyshev_d5_I1,112,3,7,1446,0.01265580000472255,0.08091040000726935,0.14204049999534618,0.008064099994953722,0.2436708000022918,0.0,0.0
1447,least_squares_d5_I1,120,5,17,1447,0.012571100000059232,0.0815532999986317,0.14222310000332072,0.007826899993233383,0.24417439999524504,0.0,0.0
1448,least_squares_d5_I2,633,2,17,1448,0.013543399996706285,0.08308989999932237,0.14269480000075419,0.007768499999656342,0.24709659999643918,0.0,0.0
1449,least_squares_d5_I1,589,4,18,1449,0.012888100012787618,0.08092779999424238,0.14296179999655578,0.008250099999713711,0.2450278000032995,0.0,0.0
1450,least_squares_d3_I1,949,1,19,1450,0.00947720000112895,0.039496500001405366,0.1308422000001883,0.007917499999166466,0.1877334000018891,0.0,0.0
1451,least_squares_d3_I1,603,8,20,1451,0.009672099986346439,0.038701199999195524,0.13134940000600182,0.007922100005089305,0.18764479999663308,0.0,0.0
1452,least_squares_d3_I1,949,1,24,1452,0.009463099995628,0.0386858999991091,0.13304339999740478,0.008489699990605004,0.18968209998274688,0.0,0.0
1453,least_squares_d5_I1,603,8,19,1453,0.012393400000291876,0.07977339999342803,0.14234310000028927,0.0076689999987138435,0.24217889999272302,0.0,0.0
1454,least_squares_d5_I1,949,1,27,1454,0.012889599995105527,0.0797141999937594,0.14538329999777488,0.007843200000934303,0.2458302999875741,0.0,0.0
1455,chebyshev_d5_I1,633,2,12,1455,0.012639300010050647,0.08063310000579804,0.13893119999556802,0.007973300002049655,0.24017690001346637,0.0,0.0
1456,least_squares_d5_I1,411,7,25,1456,0.012860100003308617,0.08262259999173693,0.14305300000705756,0.007844899999327026,0.24638060000143014,0.0,0.0
1457,chebyshev_d5_I1,411,7,2,1457,0.013159900001483038,0.08121860001119785,0.13993249999475665,0.008116799988783896,0.24242779999622144,0.0,0.0
1458,chebyshev_d5_I1,949,1,1,1458,0.013220800014096312,0.0812593000009656,0.14101110000046901,0.007872000001952983,0.2433632000174839,0.0,0.0
1459,chebyshev_d3_I1,120,5,12,1459,0.0094288999971468,0.03919260000111535,0.1402187000057893,0.007782400003634393,0.19662260000768583,0.0,0.0
1460,chebyshev_d3_I1,120,5,22,1460,0.009565000000293367,0.0411378999997396,0.13491439999779686,0.0081384000077378,0.19375570000556763,0.0,0.0
1461,least_squares_d3_I1,481,9,27,1461,0.009403600008226931,0.039615300003788434,0.13310389999242034,0.007908299987320788,0.1900310999917565,0.0,0.0
1462,chebyshev_d5_I1,633,2,19,1462,0.012581500006490387,0.08143740000377875,0.14128599999821745,0.007952300002216361,0.24325720001070295,0.0,0.0
1463,least_squares_d5_I2,120,5,20,1463,0.012628800002858043,0.08342320000519976,0.13970469999185298,0.008375299992621876,0.24413199999253266,0.0,0.0
1464,least_squares_d3_I1,633,2,9,1464,0.009533199990983121,0.04000340000493452,0.1370396999991499,0.00870809999469202,0.19528439998975955,0.0,0.0
1465,chebyshev_d5_I1,481,9,18,1465,0.013230700002168305,0.08261320000747219,0.14141500000550877,0.009334700007457286,0.24659360002260655,0.0,0.0
1466,least_squares_d3_I1,589,4,23,1466,0.009688699996331707,0.03863239999918733,0.13124160000006668,0.007825399996363558,0.18738809999194928,0.0,0.0
1467,chebyshev_d3_I1,411,7,3,1467,0.009558100005961023,0.038901399995666,0.1300218000105815,0.00790499999129679,0.1863863000035053,0.0,0.0
1468,chebyshev_d5_I2,603,8,2,1468,0.01266399999440182,0.08143269999709446,0.14183849999972153,0.008420300000580028,0.24435549999179784,0.0,0.0
1469,chebyshev_d5_I2,589,4,20,1469,0.013269100003526546,0.08091100001183804,0.14267149999795947,0.008169699998688884,0.24502130001201294,0.0,0.0
1470,chebyshev_d3_I1,120,5,27,1470,0.0093295999977272,0.039857399999164045,0.1309729999920819,0.007850699999835342,0.18801069998880848,0.0,0.0
1471,least_squares_d3_I1,411,7,0,1471,0.009602799997082911,0.039089700003387406,0.13002520000736695,0.00783469999441877,0.18655240000225604,0.0,0.0
1472,chebyshev_d3_I1,949,1,4,1472,0.00956669999868609,0.03858860000036657,0.13040639999962877,0.007914900008472614,0.18647660000715405,0.0,0.0
1473,chebyshev_d3_I1,112,3,20,1473,0.00964899999962654,0.03876329999184236,0.12997350000659935,0.008194099995307624,0.18657989999337588,0.0,0.0
1474,least_squares_d5_I2,120,5,14,1474,0.012379200008581392,0.08205469998938497,0.15056819999881554,0.008080400002654642,0.25308249999943655,0.0,0.0
1475,chebyshev_d5_I2,633,2,21,1475,0.012734599993564188,0.0817624000046635,0.14176089999091346,0.007745199996861629,0.24400309998600278,0.0,0.0
1476,least_squares_d3_I1,112,3,7,1476,0.009577699995134026,0.03898060000210535,0.13225719999172725,0.007899399992311373,0.188714899981278,0.0,0.0
1477,chebyshev_d5_I2,411,7,6,1477,0.012664899986702949,0.08044180000433698,0.1393930000049295,0.007693799998378381,0.2401934999943478,0.0,0.0
1478,chebyshev_d3_I1,112,3,28,1478,0.009526699999696575,0.03817030000209343,0.132587500003865,0.008020799999940209,0.1883053000055952,0.0,0.0
1479,least_squares_d5_I2,411,7,8,1479,0.012304100004257634,0.08057689999986906,0.1419166999985464,0.008042000001296401,0.24283970000396948,0.0,0.0
1480,least_squares_d3_I1,949,1,2,1480,0.009835100005147979,0.04002210000180639,0.13514550001127645,0.008011600002646446,0.19301430002087727,0.0,0.0
1481,least_squares_d3_I1,586,0,25,1481,0.00929550000000745,0.03915959999721963,0.1304400000080932,0.008089199996902607,0.18698430000222288,0.0,0.0
1482,least_squares_d5_I2,259,6,27,1482,0.012566599994897842,0.08266519999597222,0.14041079999879003,0.008043000008910894,0.24368559999857098,0.0,0.0
1483,chebyshev_d5_I1,586,0,17,1483,0.012537599992356263,0.08093899999221321,0.1398542999959318,0.008100099992589094,0.24143099997309037,0.0,0.0
1484,least_squares_d3_I1,259,6,23,1484,0.009797499995329417,0.03913509999983944,0.13661519999732263,0.008152399997925386,0.19370019999041688,0.0,0.0
1485,least_squares_d5_I1,259,6,27,1485,0.012507599996752106,0.08079279999947175,0.1398332999960985,0.00775920000160113,0.2408928999939235,0.0,0.0
1486,chebyshev_d5_I1,603,8,4,1486,0.01274849999754224,0.08231149999483023,0.14299350000510458,0.009318900003563613,0.24737240000104066,0.0,0.0
1487,least_squares_d3_I1,586,0,10,1487,0.00965110000106506,0.03897910000523552,0.12982539999939036,0.007844699997804128,0.18630030000349507,0.0,0.0
1488,least_squares_d3_I1,120,5,18,1488,0.009485400005360134,0.03860519999579992,0.13142330000118818,0.008013500002562068,0.1875274000049103,0.0,0.0
1489,chebyshev_d5_I2,120,5,1,1489,0.012840900002629496,0.08279809998930432,0.14155840000603348,0.007869599998230115,0.2450669999961974,0.0,0.0
1490,least_squares_d5_I1,949,1,1,1490,0.012770400004228577,0.08115420000103768,0.1425835999980336,0.008412199997110292,0.24492040000041015,0.0,0.0
1491,chebyshev_d3_I1,603,8,20,1491,0.009322600002633408,0.03927280000061728,0.13201000000117347,0.007807600006344728,0.18841300001076888,0.0,0.0
1492,least_squares_d5_I2,589,4,20,1492,0.01290490000974387,0.0815063000045484,0.14366069999232423,0.008209100007661618,0.2462810000142781,0.0,0.0
1493,least_squares_d5_I1,589,4,19,1493,0.012831300002289936,0.08128339999529999,0.14827239999431185,0.009740399997099303,0.2521274999890011,0.0,0.0
1494,least_squares_d5_I1,481,9,10,1494,0.014016400004038587,0.08412740001222119,0.1464241000066977,0.008197499992093071,0.25276540001505055,0.0,0.0
1495,chebyshev_d5_I2,259,6,8,1495,0.014085200004046783,0.07980720000341535,0.1423992000054568,0.008394699994823895,0.24468630000774283,0.0,0.0
1496,chebyshev_d5_I1,633,2,5,1496,0.012735399999655783,0.08084320000489242,0.14333209999313112,0.008246099998359568,0.2451567999960389,0.0,0.0
1497,least_squares_d5_I2,589,4,9,1497,0.012247200007550418,0.08149769999727141,0.15020129999902565,0.012608700009877793,0.2565549000137253,0.0,0.0
1498,least_squares_d5_I2,411,7,0,1498,0.013433800006168894,0.0836665999959223,0.14471629999752622,0.008071499993093312,0.24988819999271072,0.0,0.0
1499,least_squares_d5_I2,120,5,23,1499,0.012787899991963059,0.08140169999387581,0.14132280000194442,0.008301599998958409,0.2438139999867417,0.0,0.0
1500,least_squares_d5_I1,949,1,24,1500,0.01270910000312142,0.0807172999921022,0.14189379999879748,0.007876600007875822,0.24319680000189692,0.0,0.0
1501,chebyshev_d5_I2,589,4,7,1501,0.013381600001594052,0.0820324999949662,0.14386989999911748,0.007893800007877871,0.2471778000035556,0.0,0.0
1502,chebyshev_d3_I1,586,0,4,1502,0.009628100000554696,0.03900299999804702,0.13248440000461414,0.007994500003405847,0.1891100000066217,0.0,0.0
1503,least_squares_d5_I1,481,9,0,1503,0.012718899990431964,0.08321989999967627,0.14678450000064913,0.007914600006188266,0.25063789999694563,0.0,0.0
1504,least_squares_d5_I1,589,4,27,1504,0.01280169999517966,0.08105249999789521,0.14111650000268128,0.007930399995530024,0.24290109999128617,0.0,0.0
1505,least_squares_d5_I2,259,6,21,1505,0.012691199997789226,0.08083370000531431,0.14960710000013933,0.008311199999297969,0.25144320000254083,0.0,0.0
1506,chebyshev_d5_I1,949,1,6,1506,0.013012699986575171,0.08544029999757186,0.14379689999623224,0.008036400002310984,0.25028629998269025,0.0,0.0
1507,least_squares_d5_I2,112,3,29,1507,0.012707500005490147,0.08071270000073127,0.14265680000244174,0.008080100000370294,0.24415710000903346,0.0,0.0
1508,least_squares_d3_I1,633,2,29,1508,0.009405100005096756,0.03891269999439828,0.13078010000754148,0.007815000004484318,0.18691290001152083,0.0,0.0
1509,chebyshev_d3_I1,259,6,17,1509,0.009427700002561323,0.03850650000094902,0.13232600000628736,0.007817400008207187,0.1880776000180049,0.0,0.0
1510,least_squares_d5_I1,589,4,16,1510,0.012754600000334904,0.08232220000354573,0.1433324000099674,0.007991500009666197,0.24640070002351422,0.0,0.0
1511,least_squares_d3_I1,481,9,1,1511,0.0097408000001451,0.03944390000833664,0.13144640000246,0.007901999997557141,0.18853310000849888,0.0,0.0
1512,least_squares_d5_I1,633,2,7,1512,0.012957500002812594,0.08168540000042412,0.1463789999979781,0.007992900005774572,0.2490148000069894,0.0,0.0
1513,chebyshev_d5_I2,633,2,25,1513,0.01270759999169968,0.07995179999852553,0.14147570000204723,0.008178200005204417,0.24231329999747686,0.0,0.0
1514,least_squares_d5_I1,586,0,29,1514,0.012518600007751957,0.0808446000010008,0.14256640001258347,0.008579900008044206,0.24450950002938043,0.0,0.0
1515,least_squares_d5_I1,112,3,5,1515,0.012945099995704368,0.08164190000388771,0.14169699999911245,0.007848499997635372,0.2441324999963399,0.0,0.0
1516,chebyshev_d3_I1,633,2,6,1516,0.009671700012404472,0.03863140000612475,0.13291290000779554,0.008272799997939728,0.1894888000242645,0.0,0.0
1517,chebyshev_d3_I1,112,3,2,1517,0.009480699998675846,0.038835600003949367,0.13091899998835288,0.008261499999207444,0.18749679999018554,0.0,0.0
1518,chebyshev_d5_I2,259,6,0,1518,0.012732599992887117,0.08111359999747947,0.14592320000519976,0.008464099999400787,0.24823349999496713,0.0,0.0
1519,chebyshev_d5_I1,589,4,10,1519,0.012580599999637343,0.08241190000262577,0.14276750000135507,0.007747900002868846,0.24550790000648703,0.0,0.0
1520,least_squares_d5_I1,633,2,14,1520,0.01278860001184512,0.08053469999867957,0.14150150000932626,0.008075300007476471,0.24290010002732743,0.0,0.0
1521,least_squares_d3_I1,589,4,29,1521,0.010464000006322749,0.03920559999824036,0.13185150000208523,0.008001599999261089,0.18952270000590943,0.0,0.0
1522,chebyshev_d3_I1,603,8,8,1522,0.009545100008836016,0.0387843999924371,0.13636469999619294,0.007855799995013513,0.19254999999247957,0.0,0.0
1523,chebyshev_d5_I2,633,2,13,1523,0.012798999989172444,0.08129239999107085,0.14089890000468586,0.008776200003921986,0.24376649998885114,0.0,0.0
1524,least_squares_d5_I2,411,7,11,1524,0.01332840000395663,0.08107929999823682,0.14065169999958016,0.007757799990940839,0.24281719999271445,0.0,0.0
1525,least_squares_d3_I1,120,5,15,1525,0.009548300004098564,0.0381574999919394,0.13030609999259468,0.007715599989751354,0.185727499978384,0.0,0.0
1526,chebyshev_d5_I2,481,9,25,1526,0.012893200007965788,0.08033260000229347,0.1439027000014903,0.007875899987993762,0.24500439999974333,0.0,0.0
1527,chebyshev_d5_I1,589,4,0,1527,0.01271670000278391,0.08138940000208095,0.14239229999657255,0.008407899993471801,0.2449062999949092,0.0,0.0
1528,least_squares_d3_I1,949,1,13,1528,0.009265200002118945,0.03976750001311302,0.13368240000272635,0.007978499997989275,0.1906936000159476,0.0,0.0
1529,least_squares_d5_I2,481,9,15,1529,0.012856300003477372,0.08081559999845922,0.13971269999456126,0.008007600001292303,0.24139219999779016,0.0,0.0
1530,least_squares_d5_I2,949,1,7,1530,0.01250609999988228,0.08037569999578409,0.14070770000398625,0.007854800001950935,0.24144430000160355,0.0,0.0
1531,chebyshev_d5_I2,586,0,23,1531,0.01269369998772163,0.08026100001006853,0.14244789999793284,0.008449600005405955,0.24385220000112895,0.0,0.0
1532,chebyshev_d5_I1,481,9,3,1532,0.01529819999996107,0.08505069999955595,0.14339909999398515,0.008146899999701418,0.2518948999932036,0.0,0.0
1533,chebyshev_d5_I1,949,1,2,1533,0.012801300006685778,0.0814949999912642,0.14211700001033023,0.007873500013374723,0.24428680002165493,0.0,0.0
1534,chebyshev_d5_I2,589,4,15,1534,0.012730400005239062,0.0820160000002943,0.1427928999910364,0.00777469998865854,0.2453139999852283,0.0,0.0
1535,chebyshev_d3_I1,949,1,11,1535,0.010251599989715032,0.038855799997691065,0.13120430000708438,0.008034400001633912,0.1883460999961244,0.0,0.0
1536,chebyshev_d5_I1,949,1,15,1536,0.012743599989335053,0.08060499999555759,0.1418578000011621,0.007800499995937571,0.24300689998199232,0.0,0.0
1537,chebyshev_d3_I1,411,7,28,1537,0.00996830000076443,0.039466900008847006,0.13193699999828823,0.008065000001806766,0.18943720000970643,0.0,0.0
1538,chebyshev_d5_I1,603,8,28,1538,0.012617100001079962,0.08078369998838753,0.14463709999108687,0.007786299989675172,0.24582419997022953,0.0,0.0
1539,chebyshev_d3_I1,112,3,4,1539,0.009814899996854365,0.038532700011273846,0.12938410000060685,0.007738900007097982,0.18547060001583304,0.0,0.0
1540,least_squares_d5_I2,603,8,27,1540,0.012794800000847317,0.08103529999789316,0.14489110000431538,0.0078466999984812,0.24656790000153705,0.0,0.0
1541,least_squares_d5_I1,481,9,16,1541,0.01260260000708513,0.08105710000381805,0.145076999993762,0.007768299998133443,0.24650500000279862,0.0,0.0
1542,least_squares_d5_I2,411,7,4,1542,0.012761999998474494,0.08012510000844486,0.14137979999941308,0.008019500004593283,0.24228640001092572,0.0,0.0
1543,chebyshev_d5_I2,259,6,14,1543,0.012579999995068647,0.08119240000087302,0.14292610000120476,0.007907999999588355,0.24460649999673478,0.0,0.0
1544,least_squares_d5_I1,949,1,11,1544,0.012371599994366989,0.08067909999226686,0.1409645000094315,0.008010299992747605,0.24202549998881295,0.0,0.0
1545,least_squares_d5_I2,411,7,29,1545,0.012456099997507408,0.0822321000014199,0.14181859999371227,0.008179899989045225,0.2446866999816848,0.0,0.0
1546,least_squares_d5_I1,589,4,11,1546,0.012835900008212775,0.0827148000098532,0.142869300005259,0.008001900001545437,0.2464219000248704,0.0,0.0
1547,chebyshev_d3_I1,112,3,24,1547,0.00963630000478588,0.0394739000039408,0.13137190000270493,0.008121100006974302,0.18860320001840591,0.0,0.0
1548,least_squares_d3_I1,481,9,2,1548,0.009739100001752377,0.038925999993807636,0.13453090000257362,0.007867799999075942,0.19106379999720957,0.0,0.0
1549,least_squares_d5_I1,259,6,19,1549,0.012711800009128638,0.08142719999887049,0.14146179999806918,0.008079699997324497,0.2436805000033928,0.0,0.0
1550,chebyshev_d3_I1,259,6,19,1550,0.009316700001363643,0.039257299999007955,0.13531320000765845,0.010190100001636893,0.19407730000966694,0.0,0.0
1551,least_squares_d3_I1,586,0,27,1551,0.009971599996788427,0.04545309999957681,0.13536990000284277,0.009107899997616187,0.1999024999968242,0.0,0.0
1552,least_squares_d5_I2,259,6,24,1552,0.01308479999715928,0.08125980000477284,0.14348790000076406,0.00802500000281725,0.24585750000551343,0.0,0.0
1553,least_squares_d5_I2,259,6,17,1553,0.012676600003032945,0.0820324999949662,0.14219809998758137,0.008190699998522177,0.2450978999841027,0.0,0.0
1554,chebyshev_d5_I1,949,1,0,1554,0.012604299990925938,0.08230169999296777,0.14330640000116546,0.008161199992173351,0.24637359997723252,0.0,0.0
1555,least_squares_d5_I1,949,1,29,1555,0.013136499997926876,0.08062589999462944,0.1424193999991985,0.007924999998067506,0.24410679998982232,0.0,0.0
1556,least_squares_d5_I1,949,1,19,1556,0.01325580000411719,0.08082190000277478,0.14241509999556,0.00824359999387525,0.24473639999632724,0.0,0.0
1557,chebyshev_d5_I2,589,4,3,1557,0.012619099987205118,0.08049649999884423,0.14419410000846256,0.008498499999404885,0.2458081999939168,0.0,0.0
1558,least_squares_d5_I2,120,5,21,1558,0.013004299995373003,0.08249489999434445,0.14294660001178272,0.007854499999666587,0.24630030000116676,0.0,0.0
1559,chebyshev_d5_I1,949,1,24,1559,0.012807899998733774,0.08240159999695607,0.14137939999636728,0.007786600006511435,0.24437549999856856,0.0,0.0
1560,chebyshev_d5_I1,259,6,3,1560,0.012965400004759431,0.0876084999908926,0.14460310000868049,0.007964099990203977,0.2531410999945365,0.0,0.0
1561,chebyshev_d3_I1,633,2,25,1561,0.009496200000285171,0.03873209998710081,0.12958459999936167,0.007696800006669946,0.1855096999934176,0.0,0.0
1562,chebyshev_d3_I1,633,2,17,1562,0.009775400001672097,0.038583299989113584,0.13237599999411032,0.007929600003990345,0.18866429998888634,0.0,0.0
1563,least_squares_d5_I2,120,5,8,1563,0.012524899997515604,0.0827523000043584,0.14003340000635944,0.0079317999916384,0.24324239999987185,0.0,0.0
1564,chebyshev_d5_I1,259,6,0,1564,0.013067499996395782,0.08044520000112243,0.14261009999609087,0.008577600005082786,0.24470039999869186,0.0,0.0
1565,least_squares_d3_I1,586,0,17,1565,0.009653600005549379,0.038868199990247376,0.13094719999935478,0.007949999999254942,0.18741899999440648,0.0,0.0
1566,chebyshev_d3_I1,949,1,16,1566,0.00967639998998493,0.03879999999480788,0.13236329999926966,0.008109899994451553,0.18894959997851402,0.0,0.0
1567,least_squares_d3_I1,633,2,20,1567,0.009432799997739494,0.03879140000208281,0.13135650000185706,0.009112700005061924,0.18869340000674129,0.0,0.0
1568,chebyshev_d5_I2,411,7,18,1568,0.0126276999944821,0.07977759999630507,0.14114709998830222,0.007817899997462519,0.2413702999765519,0.0,0.0
1569,least_squares_d3_I1,586,0,11,1569,0.009649900006479584,0.03988339999341406,0.13229799999680836,0.00801849999697879,0.1898497999936808,0.0,0.0
1570,least_squares_d5_I2,481,9,16,1570,0.012872300008893944,0.08299710000574123,0.14704680000431836,0.007912799992482178,0.2508290000114357,0.0,0.0
1571,chebyshev_d5_I2,603,8,10,1571,0.012841899995692074,0.07991410000249743,0.14221450001059566,0.007954400003654882,0.24292490001244005,0.0,0.0
1572,chebyshev_d3_I1,589,4,27,1572,0.00951859999622684,0.039569400003529154,0.1319112000055611,0.008158199998433702,0.1891574000037508,0.0,0.0
1573,chebyshev_d5_I1,589,4,7,1573,0.012668700001086108,0.08004929999879096,0.14031729999987874,0.007950100000016391,0.2409853999997722,0.0,0.0
1574,least_squares_d3_I1,589,4,3,1574,0.00958810000156518,0.03902080000261776,0.1325241000013193,0.008027800009585917,0.18916080001508817,0.0,0.0
1575,chebyshev_d5_I2,112,3,28,1575,0.012761999998474494,0.0806789999915054,0.14398619999701623,0.007961800001794472,0.2453889999887906,0.0,0.0
1576,least_squares_d5_I1,112,3,26,1576,0.013414100001682527,0.08160039999347646,0.1420557999954326,0.008070800002315082,0.24514109999290667,0.0,0.0
1577,least_squares_d5_I1,481,9,9,1577,0.012543200005893596,0.08082489999651443,0.14116540001123212,0.008004599993000738,0.2425381000066409,0.0,0.0
1578,least_squares_d3_I1,411,7,17,1578,0.009701699993456714,0.03867239999817684,0.13107010000385344,0.008153100003255531,0.18759729999874253,0.0,0.0
1579,least_squares_d3_I1,603,8,21,1579,0.009353900008136407,0.03881379999802448,0.129891000004136,0.007738000000244938,0.18579670001054183,0.0,0.0
1580,least_squares_d5_I2,259,6,2,1580,0.012819299998227507,0.08541060000425205,0.14502740000898484,0.00802349999139551,0.2512808000028599,0.0,0.0
1581,least_squares_d5_I2,259,6,18,1581,0.01269519999914337,0.09409130000858568,0.14449639999656938,0.008082499989541247,0.2593653999938397,0.0,0.0
1582,least_squares_d5_I2,259,6,11,1582,0.012405900008161552,0.08013640000717714,0.14030450000427663,0.007846900000004098,0.24069370001961943,0.0,0.0
1583,least_squares_d5_I2,112,3,12,1583,0.013878000012482516,0.08077799998864066,0.1396085000014864,0.008093500000541098,0.24235800000315066,0.0,0.0
1584,least_squares_d5_I1,259,6,0,1584,0.012902100002975203,0.08105530000466388,0.14133620000211522,0.00786800000059884,0.24316160001035314,0.0,0.0
1585,least_squares_d5_I2,586,0,3,1585,0.012519600000814535,0.08030830000643618,0.13944179999816697,0.008130999995046295,0.24040070000046398,0.0,0.0
1586,chebyshev_d5_I2,949,1,13,1586,0.012341899986495264,0.08108019999053795,0.14316239999607205,0.008060499996645376,0.24464499996975064,0.0,0.0
1587,least_squares_d3_I1,120,5,2,1587,0.009884300001431257,0.038746699996409006,0.13081699999747798,0.007972699997480959,0.1874206999927992,0.0,0.0
1588,chebyshev_d5_I1,949,1,25,1588,0.01283809999586083,0.08051489999343175,0.14096640000934713,0.007884499995270744,0.24220389999391045,0.0,0.0
1589,chebyshev_d5_I1,411,7,13,1589,0.012770899993483908,0.08345180000469554,0.14179930000682361,0.009090199993806891,0.24711219999880996,0.0,0.0
1590,chebyshev_d3_I1,259,6,4,1590,0.009560799997416325,0.03898719999415334,0.13259560000733472,0.007862400001613423,0.18900600000051782,0.0,0.0
1591,least_squares_d3_I1,120,5,16,1591,0.00976150001224596,0.03889329999219626,0.13072509999619797,0.008009600001969375,0.18738950000260957,0.0,0.0
1592,chebyshev_d5_I2,949,1,22,1592,0.012349900003755465,0.0813685000030091,0.14326259998779278,0.007753600002615713,0.24473459999717306,0.0,0.0
1593,least_squares_d5_I2,259,6,25,1593,0.012621899993973784,0.08094189999974333,0.14172929999767803,0.008536099994671531,0.24382919998606667,0.0,0.0
1594,least_squares_d5_I2,949,1,15,1594,0.01253059999726247,0.08045760000823066,0.14261969999643043,0.007808100010151975,0.24341600001207553,0.0,0.0
1595,least_squares_d3_I1,411,7,6,1595,0.009662900003604591,0.03872909999336116,0.1315420000028098,0.008160099998349324,0.18809409999812488,0.0,0.0
1596,chebyshev_d5_I2,120,5,21,1596,0.013193099992349744,0.08458760000939947,0.1494269999966491,0.007849999994505197,0.2550576999929035,0.0,0.0
1597,least_squares_d3_I1,112,3,15,1597,0.01004090000060387,0.040452899993397295,0.1348736999934772,0.008317200001329184,0.19368469998880755,0.0,0.0
1598,chebyshev_d3_I1,949,1,29,1598,0.009389100014232099,0.03980050000245683,0.13280760000634473,0.007893600006354973,0.18989080002938863,0.0,0.0
1599,chebyshev_d5_I1,589,4,2,1599,0.013349899993045256,0.08443990000523627,0.14258869999321178,0.008042299989028834,0.24842079998052213,0.0,0.0
1600,least_squares_d5_I1,112,3,7,1600,0.013326499989489093,0.08162159999483265,0.14153009999427013,0.00841170000785496,0.24488989998644684,0.0,0.0
1601,chebyshev_d3_I1,586,0,0,1601,0.009294999996200204,0.03852450000704266,0.13180329999886453,0.009120599992456846,0.18874339999456424,0.0,0.0
1602,chebyshev_d3_I1,120,5,16,1602,0.011137900000903755,0.039704900002107024,0.13202230000752024,0.008737000011024065,0.1916021000215551,0.0,0.0
1603,chebyshev_d5_I1,120,5,13,1603,0.01250479998998344,0.08252850000280887,0.1407030999980634,0.0077855999988969415,0.24352199998975266,0.0,0.0
1604,chebyshev_d5_I2,586,0,11,1604,0.012680399988312274,0.0805982000019867,0.14135929998883512,0.00820450000173878,0.24284239998087287,0.0,0.0
1605,least_squares_d5_I2,633,2,4,1605,0.012461799997254275,0.08445389999542385,0.14041989999532234,0.007920899995951913,0.24525649998395238,0.0,0.0
1606,chebyshev_d5_I1,411,7,1,1606,0.012622199996258132,0.08098459999018814,0.13993189999018796,0.007955100008985028,0.24149379998561926,0.0,0.0
1607,least_squares_d5_I1,112,3,3,1607,0.012708099995506927,0.07998979999683797,0.14348600000084843,0.008136099990224466,0.2443199999834178,0.0,0.0
1608,chebyshev_d5_I2,949,1,9,1608,0.01254470000276342,0.08106320000661071,0.1467798999947263,0.0077264999999897555,0.24811430000409018,0.0,0.0
1609,chebyshev_d5_I2,603,8,1,1609,0.012472299989894964,0.08041870000306517,0.1397205999965081,0.007913499997812323,0.24052509998728056,0.0,0.0
1610,chebyshev_d3_I1,481,9,25,1610,0.009799800012842752,0.03981230000499636,0.13256310000724625,0.007960299990372732,0.1901355000154581,0.0,0.0
1611,chebyshev_d3_I1,949,1,17,1611,0.009906499995850027,0.0397711999976309,0.13361109999823384,0.00872660000459291,0.19201539999630768,0.0,0.0
1612,least_squares_d5_I1,633,2,2,1612,0.013027799999690615,0.08152820001123473,0.14205580000998452,0.008059500003582798,0.24467130002449267,0.0,0.0
1613,chebyshev_d5_I1,586,0,16,1613,0.012759499993990175,0.08172400000330526,0.14339339999423828,0.00792360000195913,0.24580049999349285,0.0,0.0
1614,least_squares_d5_I2,411,7,7,1614,0.012563700001919642,0.08059969999885652,0.14162239999859594,0.008166700004949234,0.24295250000432134,0.0,0.0
1615,least_squares_d5_I1,603,8,6,1615,0.013203499998780899,0.08043519999773707,0.141772699993453,0.007801799991284497,0.24321319998125546,0.0,0.0
1616,chebyshev_d5_I2,411,7,15,1616,0.012633299993467517,0.08211390000360552,0.14084779999393504,0.00789239999721758,0.24348739998822566,0.0,0.0
1617,chebyshev_d5_I2,949,1,8,1617,0.012710100010735914,0.0814678000024287,0.1439335999893956,0.008022199996048585,0.2461336999986088,0.0,0.0
1618,chebyshev_d5_I1,120,5,26,1618,0.013717499998165295,0.08543199999257922,0.14207909999822732,0.008106499997666106,0.24933509998663794,0.0,0.0
1619,least_squares_d3_I1,603,8,18,1619,0.00944159999198746,0.03847440000390634,0.1306624999997439,0.00783919999958016,0.18641769999521784,0.0,0.0
1620,least_squares_d3_I1,586,0,26,1620,0.010018000000854954,0.03966529999161139,0.1343131000030553,0.008135399999446236,0.19213179999496788,0.0,0.0
1621,least_squares_d5_I2,633,2,2,1621,0.012619100001757033,0.08059569999750238,0.14116830000421032,0.007998499990208074,0.2423815999936778,0.0,0.0
1622,least_squares_d3_I1,949,1,29,1622,0.00959119999606628,0.03915329999290407,0.1324051999981748,0.007884000006015413,0.18903369999316055,0.0,0.0
1623,chebyshev_d5_I2,481,9,15,1623,0.01293949999671895,0.08231179999711458,0.14423079999687616,0.008288099998026155,0.24777019998873584,0.0,0.0
1624,least_squares_d5_I1,603,8,29,1624,0.01570960000390187,0.0814090999920154,0.14899650000734255,0.008152399997925386,0.2542676000011852,0.0,0.0
1625,least_squares_d5_I1,259,6,24,1625,0.013487200005329214,0.08698510000249371,0.14230500000121538,0.007921700002043508,0.2506990000110818,0.0,0.0
1626,least_squares_d5_I2,633,2,16,1626,0.012470400004531257,0.08074780000606552,0.14190740000049118,0.008114199998090044,0.243239800009178,0.0,0.0
1627,chebyshev_d3_I1,949,1,27,1627,0.009502000000793487,0.03873470000689849,0.13683499999751803,0.008029199991142377,0.19310089999635238,0.0,0.0
1628,chebyshev_d5_I1,259,6,11,1628,0.013211199999204837,0.08136670000385493,0.14518449999741279,0.008134600007906556,0.2478970000083791,0.0,0.0
1629,chebyshev_d5_I2,586,0,6,1629,0.012409399991156533,0.08101409999653697,0.16031579999253154,0.007820900005754083,0.2615601999859791,0.0,0.0
1630,chebyshev_d5_I2,603,8,9,1630,0.012650400007260032,0.0804746000067098,0.14163889999326784,0.007896399998571724,0.2426603000058094,0.0,0.0
1631,chebyshev_d5_I2,589,4,5,1631,0.012865199998486787,0.08026149999932386,0.14247989999421407,0.007876500007114373,0.24348309999913909,0.0,0.0
1632,chebyshev_d5_I1,633,2,27,1632,0.012582299998030066,0.08187110000289977,0.14340390000143088,0.007909500011010095,0.2457668000133708,0.0,0.0
1633,least_squares_d3_I1,603,8,17,1633,0.009548400004860014,0.038616000005276874,0.13290359999518842,0.008300200002850033,0.18936820000817534,0.0,0.0
1634,least_squares_d3_I1,586,0,9,1634,0.00935340000432916,0.03878889999759849,0.1303005999943707,0.008174299990059808,0.18661719998635817,0.0,0.0
1635,chebyshev_d5_I2,481,9,23,1635,0.013161400012904778,0.08151570000336505,0.13892219999979716,0.007787000009557232,0.24138630002562422,0.0,0.0
1636,least_squares_d3_I1,589,4,7,1636,0.009608699998352677,0.03984670000500046,0.1368648000061512,0.007926899997983128,0.19424710000748746,0.0,0.0
1637,chebyshev_d5_I2,589,4,14,1637,0.012979599996469915,0.08869319999939762,0.14631500000541564,0.009032899994053878,0.25702069999533705,0.0,0.0
1638,chebyshev_d5_I2,603,8,26,1638,0.0133847999968566,0.08621239999774843,0.14399900000717025,0.007808299997122958,0.25140449999889825,0.0,0.0
1639,least_squares_d5_I1,603,8,22,1639,0.012875499989604577,0.08057579999149311,0.14188549999380484,0.007893500005593523,0.24323029998049606,0.0,0.0
1640,chebyshev_d5_I2,259,6,24,1640,0.012766100000590086,0.081125400000019,0.1441297000128543,0.008940500003518537,0.24696170001698192,0.0,0.0
1641,chebyshev_d5_I1,411,7,14,1641,0.01307809998979792,0.0864506999932928,0.14991659999941476,0.008796699999948032,0.2582420999824535,0.0,0.0
1642,chebyshev_d3_I1,259,6,9,1642,0.010302499998942949,0.03976200000033714,0.1323223999934271,0.007954600005177781,0.19034149999788497,0.0,0.0
1643,least_squares_d5_I2,603,8,21,1643,0.012682200002018362,0.08086739999998827,0.14312570000765845,0.007952800006023608,0.2446281000156887,0.0,0.0
1644,chebyshev_d5_I2,481,9,10,1644,0.01240249999682419,0.08042280000518076,0.14126910000049975,0.00795030000153929,0.242044700004044,0.0,0.0
1645,least_squares_d5_I2,112,3,21,1645,0.012403200002154335,0.08001350000267848,0.14436740000382997,0.008643699999083765,0.24542780000774655,0.0,0.0
1646,least_squares_d3_I1,112,3,8,1646,0.009376200003316626,0.03918470001372043,0.13745779999590013,0.007846200009225868,0.19386490002216306,0.0,0.0
1647,least_squares_d5_I2,589,4,25,1647,0.012782300007529557,0.08154229998763185,0.14146259998960886,0.008097999991150573,0.24388519997592084,0.0,0.0
1648,least_squares_d5_I1,411,7,26,1648,0.012673899997025728,0.08160330000100657,0.14433340000687167,0.008131799986585975,0.24674239999148995,0.0,0.0
1649,chebyshev_d5_I1,481,9,13,1649,0.0129536000022199,0.08106120000593364,0.1410258999967482,0.007761299988487735,0.24280199999338947,0.0,0.0
1650,chebyshev_d5_I1,633,2,15,1650,0.012626099996850826,0.08156549998966511,0.1426326000073459,0.007998799992492422,0.24482299998635426,0.0,0.0
1651,chebyshev_d5_I2,120,5,0,1651,0.012544900004286319,0.08173299999907613,0.14077260000340175,0.008094499993603677,0.24314500000036787,0.0,0.0
1652,chebyshev_d5_I2,120,5,15,1652,0.012534299996332265,0.0831529999995837,0.14251470001181588,0.007844899999327026,0.24604690000705887,0.0,0.0
1653,chebyshev_d3_I1,589,4,1,1653,0.009614300011890009,0.03947869999683462,0.14199329999973997,0.009819500002777204,0.2009058000112418,0.0,0.0
1654,least_squares_d5_I1,603,8,10,1654,0.013846700006979518,0.08437490000505932,0.15102910000132397,0.008181699988199398,0.2574324000015622,0.0,0.0
1655,chebyshev_d5_I1,603,8,6,1655,0.012653800004045479,0.08018660001107492,0.14984199999889825,0.007831599999917671,0.2505140000139363,0.0,0.0
1656,chebyshev_d5_I1,949,1,29,1656,0.012760099998558871,0.08302019999246113,0.14124060000176542,0.008056700011366047,0.24507760000415146,0.0,0.0
1657,least_squares_d3_I1,603,8,13,1657,0.009379199997056276,0.03875510000216309,0.13051560000167228,0.008048299991060048,0.1866981999919517,0.0,0.0
1658,least_squares_d3_I1,633,2,19,1658,0.00944809999782592,0.03892890000133775,0.13269850000506267,0.007897900009993464,0.1889734000142198,0.0,0.0
1659,least_squares_d5_I2,589,4,28,1659,0.012834799999836832,0.08324190000712406,0.14254169999912847,0.008069999996223487,0.24668840000231285,0.0,0.0
1660,chebyshev_d5_I1,603,8,17,1660,0.012732500006677583,0.08764099999098107,0.1628357000008691,0.012688200004049577,0.27589740000257734,0.0,0.0
1661,chebyshev_d5_I1,259,6,15,1661,0.01679189999413211,0.08255650001228787,0.1415944999898784,0.007863099992391653,0.24880599998869002,0.0,0.0
1662,chebyshev_d5_I2,411,7,24,1662,0.012363799993181601,0.0806466000067303,0.1417139999975916,0.008087800000794232,0.24281219999829773,0.0,0.0
1663,least_squares_d3_I1,481,9,16,1663,0.009788299998035654,0.03877230000216514,0.13146240000787657,0.008099500002572313,0.18812250001064967,0.0,0.0
1664,least_squares_d5_I1,589,4,28,1664,0.012683200009632856,0.08061679999809712,0.14269290000083856,0.010754799994174391,0.24674770000274293,0.0,0.0
1665,least_squares_d5_I1,120,5,4,1665,0.014046700001927093,0.08284879999700934,0.1417515000066487,0.007920999996713363,0.2465680000022985,0.0,0.0
1666,least_squares_d5_I1,949,1,7,1666,0.012629199991351925,0.08108899999933783,0.14250400000310037,0.008028000011108816,0.24425020000489894,0.0,0.0
1667,chebyshev_d3_I1,949,1,18,1667,0.009443300004932098,0.039518000005045906,0.13252339999598917,0.008036400002310984,0.18952110000827815,0.0,0.0
1668,chebyshev_d3_I1,259,6,21,1668,0.009610900000552647,0.0397685000061756,0.13524559998768382,0.009445599993341602,0.19407059998775367,0.0,0.0
1669,chebyshev_d3_I1,589,4,24,1669,0.009519900006125681,0.0388502999994671,0.1301032000046689,0.008366899986867793,0.18684029999712948,0.0,0.0
1670,least_squares_d5_I1,589,4,3,1670,0.012867500001448207,0.08088899998983834,0.141728200003854,0.008232399995904416,0.24371709999104496,0.0,0.0
1671,least_squares_d5_I1,603,8,8,1671,0.012403500004438683,0.08021659999212716,0.14132740000786725,0.007841499987989664,0.24178899999242276,0.0,0.0
1672,chebyshev_d5_I2,633,2,27,1672,0.013102600001730025,0.08139370000571944,0.14355520000390243,0.00805860001128167,0.24611010002263356,0.0,0.0
1673,least_squares_d3_I1,633,2,17,1673,0.009314499999163672,0.03905620001023635,0.13247779999801423,0.007917100010672584,0.18876560001808684,0.0,0.0
1674,chebyshev_d5_I1,120,5,22,1674,0.012576399996760301,0.08026270000846125,0.1470398999954341,0.00813400000333786,0.2480130000039935,0.0,0.0
1675,chebyshev_d5_I1,411,7,6,1675,0.01272189999872353,0.08075390000885818,0.14048500001081266,0.008096599995042197,0.24205740001343656,0.0,0.0
1676,least_squares_d3_I1,949,1,22,1676,0.009392799998749979,0.03830640000523999,0.13277260000177193,0.008082700005616061,0.18855450001137797,0.0,0.0
1677,least_squares_d5_I1,633,2,28,1677,0.013008499998250045,0.08138390000385698,0.14122330000100192,0.008000000001629815,0.24361570000473876,0.0,0.0
1678,least_squares_d3_I1,586,0,4,1678,0.009742599999299273,0.03887319999921601,0.132907699997304,0.008082200001808815,0.1896056999976281,0.0,0.0
1679,chebyshev_d5_I2,259,6,2,1679,0.012607399999978952,0.0811074999946868,0.14010390000476036,0.008871499987435527,0.24269029998686165,0.0,0.0
1680,least_squares_d5_I2,603,8,28,1680,0.012512999994214624,0.08355540000775363,0.14461299999675248,0.008193700006813742,0.24887510000553448,0.0,0.0
1681,chebyshev_d5_I2,120,5,2,1681,0.012497200004872866,0.08660579999559559,0.14267129999643657,0.007861199992476031,0.24963549998938106,0.0,0.0
1682,least_squares_d5_I2,633,2,29,1682,0.012711000003037043,0.07997449999675155,0.17000699999334756,0.007927400001790375,0.2706198999949265,0.0,0.0
1683,least_squares_d5_I2,603,8,10,1683,0.0123810999939451,0.08064200000080746,0.14318649999040645,0.009526600013487041,0.24573619999864604,0.0,0.0
1684,least_squares_d5_I1,633,2,12,1684,0.013964099998702295,0.08192060000146739,0.14160219999030232,0.007950600003823638,0.24543749999429565,0.0,0.0
1685,chebyshev_d3_I1,481,9,23,1685,0.009463700000196695,0.03862469999876339,0.14188920000742655,0.008380100000067614,0.19835770000645425,0.0,0.0
1686,chebyshev_d5_I2,603,8,15,1686,0.012954699996043928,0.08452470001066104,0.14358899999933783,0.007947399994009174,0.24901580000005197,0.0,0.0
1687,chebyshev_d5_I1,589,4,25,1687,0.013250799995148554,0.08148300000175368,0.1414774999866495,0.00804499999503605,0.24425629997858778,0.0,0.0
1688,least_squares_d5_I2,603,8,23,1688,0.012644599992199801,0.08037890000559855,0.14241739999852143,0.008057800005190074,0.24349870000150986,0.0,0.0
1689,least_squares_d5_I1,589,4,2,1689,0.012715500008198433,0.08222979999845847,0.14150869999139104,0.00791929999832064,0.2443732999963686,0.0,0.0
1690,least_squares_d5_I1,259,6,16,1690,0.012707500005490147,0.08505399999557994,0.14234050000959542,0.008028999989619479,0.24813100000028498,0.0,0.0
1691,chebyshev_d3_I1,120,5,26,1691,0.009431400001631118,0.0395898999995552,0.1315799000003608,0.007830399990780279,0.1884315999923274,0.0,0.0
1692,chebyshev_d5_I2,586,0,3,1692,0.012541299991426058,0.08028179999382701,0.14021949999732897,0.008408500012592413,0.24145109999517445,0.0,0.0
1693,least_squares_d5_I2,481,9,5,1693,0.012471800000639632,0.086399399995571,0.14079920000222046,0.00770659999398049,0.24737699999241158,0.0,0.0
1694,least_squares_d5_I2,589,4,22,1694,0.012737299999571405,0.08095909999974538,0.14267169999948237,0.008016500010853633,0.24438460000965279,0.0,0.0
1695,chebyshev_d5_I1,411,7,5,1695,0.012849100006860681,0.08166850000270642,0.14085239999985788,0.008018000007723458,0.24338800001714844,0.0,0.0
1696,least_squares_d5_I1,120,5,24,1696,0.012455999996745959,0.08043159999942873,0.14081219999934547,0.007760899999993853,0.241460699995514,0.0,0.0
1697,chebyshev_d3_I1,589,4,22,1697,0.009655900008510798,0.03915229999984149,0.1312966000114102,0.007928599996375851,0.18803340001613833,0.0,0.0
1698,chebyshev_d5_I1,481,9,8,1698,0.012880900001619011,0.08159649999288376,0.14326799999980722,0.007895400005509146,0.24564079999981914,0.0,0.0
1699,chebyshev_d5_I1,411,7,20,1699,0.012740299993311055,0.08093419999931939,0.14466439999523573,0.009087699989322573,0.24742659997718874,0.0,0.0
1700,chebyshev_d5_I1,633,2,14,1700,0.014157199999317527,0.08272479999868665,0.1473303999955533,0.008719499994185753,0.25293189998774324,0.0,0.0
1701,least_squares_d5_I2,603,8,24,1701,0.013649900007294491,0.08711399999447167,0.14925030000449624,0.008044900008826517,0.2580591000150889,0.0,0.0
1702,chebyshev_d5_I2,112,3,1,1702,0.012310999998589978,0.08569100000022445,0.14347640000050887,0.00792060000821948,0.24939900000754278,0.0,0.0
1703,chebyshev_d5_I1,411,7,29,1703,0.01256190000276547,0.08058899999014102,0.14542359999904875,0.009572499999194406,0.24814699999114964,0.0,0.0
1704,least_squares_d5_I1,481,9,11,1704,0.014496600007987581,0.09015350000117905,0.1433227999950759,0.008199099989724346,0.2561719999939669,0.0,0.0
1705,least_squares_d3_I1,411,7,7,1705,0.00943109999934677,0.03881840000394732,0.13272789999609813,0.007841200000257231,0.18881859999964945,0.0,0.0
1706,chebyshev_d5_I2,586,0,2,1706,0.013284600005135871,0.08202760000131093,0.1425596999906702,0.008093700002063997,0.245965599999181,0.0,0.0
1707,least_squares_d5_I1,589,4,23,1707,0.012726000000839122,0.08233419999305625,0.14285889999882784,0.008145000014337711,0.24606410000706092,0.0,0.0
1708,chebyshev_d5_I1,411,7,25,1708,0.012986100002308376,0.081141699993168,0.1428742999996757,0.008038699990720488,0.24504079998587258,0.0,0.0
1709,chebyshev_d5_I2,586,0,24,1709,0.012710700000752695,0.08134630000859033,0.1425625999982003,0.008183099998859689,0.24480270000640303,0.0,0.0
1710,chebyshev_d5_I2,633,2,16,1710,0.012641099994652905,0.08105580000847112,0.14342029999534134,0.008354899997357279,0.24547209999582265,0.0,0.0
1711,least_squares_d5_I1,603,8,21,1711,0.012692599993897602,0.08313759999873582,0.14402369999152143,0.008242099997005425,0.24809599998116028,0.0,0.0
1712,least_squares_d3_I1,481,9,12,1712,0.009325899998657405,0.03911410000000615,0.13108099999953993,0.007768699986627325,0.1872896999848308,0.0,0.0
1713,least_squares_d5_I1,411,7,5,1713,0.012704900000244379,0.08110080000187736,0.14209579999442212,0.008861199996317737,0.2447626999928616,0.0,0.0
1714,chebyshev_d5_I1,112,3,20,1714,0.012832099993829615,0.08155429999169428,0.14305810000223573,0.008138499993947335,0.24558299998170696,0.0,0.0
1715,least_squares_d3_I1,603,8,19,1715,0.009377599999425001,0.03853520000120625,0.1316480999958003,0.007934599998407066,0.1874954999948386,0.0,0.0
1716,chebyshev_d3_I1,411,7,6,1716,0.009362199998577125,0.038790000005974434,0.13149819998943713,0.008215000008931383,0.18786540000292007,0.0,0.0
1717,least_squares_d5_I2,633,2,22,1717,0.012642000001505949,0.08266189999994822,0.14156210000510328,0.008413700008532032,0.24527970001508947,0.0,0.0
1718,least_squares_d3_I1,481,9,10,1718,0.009332700006780215,0.039079500013031065,0.13194459999795072,0.00798360000771936,0.18834040002548136,0.0,0.0
1719,least_squares_d3_I1,120,5,24,1719,0.009436499996809289,0.039022700002533384,0.12988120000227354,0.008274399995571002,0.18661479999718722,0.0,0.0
1720,least_squares_d3_I1,603,8,16,1720,0.00965780000842642,0.03862200000730809,0.13167740000062622,0.008462499987217598,0.18841970000357833,0.0,0.0
1721,chebyshev_d5_I1,949,1,5,1721,0.01246470000478439,0.07993279999936931,0.14701030000287574,0.007868500004406087,0.24727630001143552,0.0,0.0
1722,chebyshev_d5_I1,481,9,27,1722,0.012668000010307878,0.08182630001101643,0.1404202000121586,0.007903499994426966,0.24281800002790987,0.0,0.0
1723,chebyshev_d3_I1,603,8,18,1723,0.009552600007737055,0.03961969999363646,0.1314354999922216,0.007853299990529194,0.1884610999841243,0.0,0.0
1724,least_squares_d5_I1,411,7,13,1724,0.012879200003226288,0.08196250000037253,0.14195499999914318,0.00798959999519866,0.24478629999794066,0.0,0.0
1725,least_squares_d5_I2,120,5,22,1725,0.012740099991788156,0.08343929999682587,0.14097670000046492,0.0084731999959331,0.24562929998501204,0.0,0.0
1726,least_squares_d5_I1,586,0,5,1726,0.012350999997579493,0.07919560000300407,0.14421020000008866,0.007830600006855093,0.24358740000752732,0.0,0.0
1727,least_squares_d5_I2,603,8,16,1727,0.01251060000504367,0.08247089998621959,0.1450594999914756,0.007921600001282059,0.24796259998402093,0.0,0.0
1728,chebyshev_d5_I2,603,8,27,1728,0.013231599994469434,0.08194980000553187,0.14214690000517294,0.008341599997947924,0.24566990000312217,0.0,0.0
1729,least_squares_d5_I1,411,7,8,1729,0.012617200001841411,0.0820155999972485,0.1508519999915734,0.008919300002162345,0.25440409999282565,0.0,0.0
1730,chebyshev_d5_I1,481,9,4,1730,0.01334179998957552,0.08329470000171568,0.15107910000369884,0.007964200005517341,0.2556798000005074,0.0,0.0
1731,least_squares_d5_I1,411,7,22,1731,0.012387399998260662,0.07987030000367668,0.14176749999751337,0.007935399989946745,0.24196059998939745,0.0,0.0
1732,chebyshev_d3_I1,633,2,29,1732,0.009665699995821342,0.03952259999641683,0.1338605000055395,0.00811559999419842,0.1911643999919761,0.0,0.0
1733,least_squares_d3_I1,481,9,4,1733,0.009328800006187521,0.039090799997211434,0.13138310000067577,0.010059199994429946,0.18986189999850467,0.0,0.0
1734,chebyshev_d3_I1,481,9,10,1734,0.009552300005452707,0.038820800007670186,0.13151700000162236,0.012858999994932674,0.19274910000967793,0.0,0.0
1735,chebyshev_d5_I2,633,2,2,1735,0.013240900007076561,0.08038810000289232,0.14070200000423938,0.008082200001808815,0.24241320001601707,0.0,0.0
1736,chebyshev_d5_I1,589,4,27,1736,0.012621400004718453,0.08117779999156483,0.14329849999921862,0.008710499998414889,0.2458081999939168,0.0,0.0
1737,chebyshev_d3_I1,112,3,18,1737,0.00937639999028761,0.0401622000063071,0.13080490000720602,0.007857100004912354,0.18820060000871308,0.0,0.0
1738,chebyshev_d5_I1,589,4,23,1738,0.012659299987717532,0.08061630000884179,0.1429286999918986,0.008392199990339577,0.2445964999787975,0.0,0.0
1739,chebyshev_d3_I1,259,6,8,1739,0.009717699998873286,0.03914989999611862,0.13144840000313707,0.007764900001347996,0.18808089999947697,0.0,0.0
1740,chebyshev_d3_I1,112,3,19,1740,0.0096925999969244,0.03878960000292864,0.13692140000057407,0.008632899989606813,0.19403649999003392,0.0,0.0
1741,chebyshev_d3_I1,603,8,27,1741,0.009621899997000583,0.03932179999537766,0.13220839999848977,0.007994999992661178,0.1891470999835292,0.0,0.0
1742,least_squares_d3_I1,586,0,22,1742,0.009858800010988489,0.039927100006025285,0.13106929999776185,0.007997199994861148,0.18885240000963677,0.0,0.0
1743,chebyshev_d3_I1,949,1,1,1743,0.009452699989196844,0.03865539999969769,0.13188119999540504,0.008107500005280599,0.18809679998958018,0.0,0.0
1744,least_squares_d5_I2,603,8,25,1744,0.013496100000338629,0.0811290999990888,0.14078040000458714,0.007909000007202849,0.2433146000112174,0.0,0.0
1745,chebyshev_d3_I1,589,4,9,1745,0.009473500002059154,0.03881040000123903,0.13123139999515843,0.008626700000604615,0.18814199999906123,0.0,0.0
1746,least_squares_d5_I1,259,6,1,1746,0.013150500002666377,0.08265269998810254,0.143028399994364,0.007797599988407455,0.24662919997354038,0.0,0.0
1747,chebyshev_d3_I1,949,1,14,1747,0.009453799997572787,0.038511999999172986,0.1303005999943707,0.008111499992082827,0.1863778999831993,0.0,0.0
1748,chebyshev_d5_I2,259,6,22,1748,0.012664599998970516,0.08062700000300538,0.14104659999429714,0.007924799996544607,0.24226299999281764,0.0,0.0
1749,least_squares_d5_I2,603,8,29,1749,0.012634900005650707,0.08164560000295751,0.14242319999902975,0.008608900010585785,0.24531260001822375,0.0,0.0
1750,least_squares_d5_I2,586,0,22,1750,0.012852599989855662,0.08201030000054743,0.14708199999586213,0.008812799991574138,0.25075769997783937,0.0,0.0
1751,chebyshev_d3_I1,411,7,24,1751,0.01003570000466425,0.039612200009287335,0.13089440000476316,0.007892299996456131,0.18843460001517087,0.0,0.0
1752,chebyshev_d3_I1,586,0,15,1752,0.00953339999250602,0.0383503000048222,0.1317957999999635,0.007748400006676093,0.1874279000039678,0.0,0.0
1753,chebyshev_d5_I1,481,9,28,1753,0.012860999995609745,0.0808141000015894,0.14039829999092035,0.00812739999673795,0.24220079998485744,0.0,0.0
1754,chebyshev_d5_I1,112,3,21,1754,0.012623700007679872,0.08183650000137277,0.14332960000319872,0.008470000000670552,0.24625980001292191,0.0,0.0
1755,least_squares_d5_I2,603,8,20,1755,0.013289099995745346,0.08220720000099391,0.1401824999920791,0.007828399990103208,0.24350719997892156,0.0,0.0
1756,chebyshev_d3_I1,603,8,1,1756,0.00981849999516271,0.038403899990953505,0.13176659999589901,0.008024299997487105,0.18801329997950234,0.0,0.0
1757,least_squares_d3_I1,481,9,11,1757,0.009351800006697886,0.03862500000104774,0.1297571000031894,0.008536699999240227,0.18627060001017526,0.0,0.0
1758,least_squares_d3_I1,586,0,29,1758,0.009543299995129928,0.039409000004525296,0.13234970001212787,0.007873599999584258,0.18917560001136735,0.0,0.0
1759,least_squares_d5_I1,259,6,7,1759,0.012681299995165318,0.0808404999988852,0.14008800000010524,0.008125399996060878,0.24173519999021664,0.0,0.0
1760,chebyshev_d5_I1,120,5,5,1760,0.012406899986672215,0.0803351000067778,0.14593569999851752,0.009159399996860884,0.2478370999888284,0.0,0.0
1761,least_squares_d3_I1,112,3,4,1761,0.010081200001877733,0.04036179999820888,0.12995139999839012,0.009270399998058565,0.1896647999965353,0.0,0.0
1762,least_squares_d5_I2,633,2,20,1762,0.013061799996648915,0.08114920000662096,0.14021679999132175,0.008334500002092682,0.2427622999966843,0.0,0.0
1763,chebyshev_d5_I1,586,0,25,1763,0.012745300002279691,0.08177099999738857,0.14201979999779724,0.00831319999997504,0.24484929999744054,0.0,0.0
1764,least_squares_d5_I1,589,4,8,1764,0.012752000009641051,0.08054100000299513,0.14110149999032728,0.008000900008482859,0.24239540001144633,0.0,0.0
1765,least_squares_d3_I1,949,1,26,1765,0.009308599997893907,0.038583099987590685,0.13888359999691602,0.009274500000174157,0.19604979998257477,0.0,0.0
1766,chebyshev_d3_I1,259,6,7,1766,0.010504599995329045,0.04431940001086332,0.13379260001238436,0.00799840000399854,0.19661500002257526,0.0,0.0
1767,least_squares_d5_I1,481,9,29,1767,0.012666499998886138,0.08097570000973064,0.1426249999931315,0.007942799988086335,0.24420999998983461,0.0,0.0
1768,chebyshev_d3_I1,589,4,28,1768,0.009527100002742372,0.03931029999512248,0.13394400000106543,0.00785850000102073,0.190639899999951,0.0,0.0
1769,least_squares_d5_I2,411,7,12,1769,0.012703200001851656,0.08155600000463892,0.14146150001033675,0.008050099990214221,0.24377080000704154,0.0,0.0
1770,least_squares_d5_I2,633,2,6,1770,0.012780700009898283,0.08086629999161232,0.15279029999510385,0.007945399993332103,0.25438269998994656,0.0,0.0
1771,chebyshev_d5_I2,603,8,5,1771,0.012784800012013875,0.07992740000190679,0.1391124000074342,0.008282700000563636,0.2401073000219185,0.0,0.0
1772,chebyshev_d5_I1,120,5,7,1772,0.012446300010196865,0.08018750000337604,0.14036020000639837,0.008198200011975132,0.2411922000319464,0.0,0.0
1773,chebyshev_d5_I2,633,2,26,1773,0.01249670000106562,0.08152999999583699,0.14112010000098962,0.007902600002125837,0.24304940000001807,0.0,0.0
1774,chebyshev_d3_I1,112,3,8,1774,0.009415699998498894,0.03864280000561848,0.13144009999814443,0.007903199992142618,0.18740179999440443,0.0,0.0
1775,chebyshev_d5_I2,949,1,15,1775,0.012497999996412545,0.08212269999785349,0.1426523999980418,0.008118899990222417,0.24539199998253025,0.0,0.0
1776,least_squares_d5_I1,586,0,14,1776,0.012662399996770546,0.08278529999370221,0.15126480000617448,0.008658699996885844,0.2553711999935331,0.0,0.0
1777,chebyshev_d3_I1,589,4,4,1777,0.010217499991995282,0.040183899996918626,0.13352609999128617,0.008529600003384985,0.19245709998358507,0.0,0.0
1778,chebyshev_d5_I2,112,3,11,1778,0.01246990000072401,0.08102900000812951,0.142610999988392,0.00838669999211561,0.24449659998936113,0.0,0.0
1779,least_squares_d5_I2,589,4,27,1779,0.012810100000933744,0.08134900000004563,0.14168919999792706,0.010622400004649535,0.24647070000355598,0.0,0.0
1780,least_squares_d3_I1,112,3,1,1780,0.010693099990021437,0.039205400011269376,0.13174149999395013,0.008160200013662688,0.18980020000890363,0.0,0.0
1781,least_squares_d5_I1,586,0,28,1781,0.01244919998862315,0.07982490000722464,0.14154929999494925,0.007918399991467595,0.24174179998226464,0.0,0.0
1782,least_squares_d3_I1,949,1,0,1782,0.009875400006421842,0.040870100012398325,0.15059399999154266,0.008375099991098978,0.2097146000014618,0.0,0.0
1783,chebyshev_d5_I1,586,0,14,1783,0.012379499996313825,0.08030620000499766,0.1405986000027042,0.007822599989594892,0.24110689999361057,0.0,0.0
1784,least_squares_d5_I1,112,3,8,1784,0.01276250000228174,0.0803135000023758,0.14465390000259504,0.00816280000435654,0.24589270001160912,0.0,0.0
1785,chebyshev_d5_I1,633,2,21,1785,0.012638300002436154,0.08049619999655988,0.1414820000063628,0.007921600001282059,0.2425381000066409,0.0,0.0
1786,chebyshev_d5_I1,633,2,9,1786,0.01244409999344498,0.08203920000232756,0.1473963000025833,0.008096599995042197,0.24997619999339804,0.0,0.0
1787,chebyshev_d3_I1,586,0,7,1787,0.009642100005294196,0.03895349999947939,0.13148500000534113,0.008082500004093163,0.18816310001420788,0.0,0.0
1788,chebyshev_d3_I1,112,3,27,1788,0.00946900001144968,0.03870410000672564,0.13131510000675917,0.00811769999563694,0.18760590002057143,0.0,0.0
1789,chebyshev_d5_I2,259,6,1,1789,0.012867299999925308,0.08110419999866281,0.1671825999947032,0.010816100009833463,0.2719702000031248,0.0,0.0
1790,chebyshev_d5_I1,589,4,24,1790,0.014846400008536875,0.08617570000933483,0.14201440000033472,0.00785850000102073,0.25089500001922715,0.0,0.0
1791,least_squares_d5_I1,603,8,3,1791,0.012687499998719431,0.08037909999256954,0.14135869999881834,0.008119500009343028,0.24254479999945033,0.0,0.0
1792,least_squares_d5_I2,481,9,9,1792,0.01265140000032261,0.08187300000281539,0.14355510000314098,0.008253699998022057,0.24633320000430103,0.0,0.0
1793,least_squares_d3_I1,481,9,24,1793,0.009436300009838305,0.039235000003827736,0.13111519999802113,0.008004999996046536,0.1877915000077337,0.0,0.0
1794,least_squares_d5_I2,633,2,27,1794,0.01367809998919256,0.0809445000049891,0.14231939999444876,0.008715500007383525,0.24565749999601394,0.0,0.0
1795,least_squares_d3_I1,120,5,27,1795,0.00957110000308603,0.038877500002854504,0.1326758999930462,0.007908300001872703,0.18903280000085942,0.0,0.0
1796,least_squares_d5_I1,589,4,5,1796,0.012860999995609745,0.08131359999242704,0.14195590000599623,0.008263999989139847,0.24439449998317286,0.0,0.0
1797,chebyshev_d3_I1,586,0,28,1797,0.009481799992499873,0.03979399999661837,0.13093279999156948,0.00827029999345541,0.18847889997414313,0.0,0.0
1798,least_squares_d3_I1,603,8,26,1798,0.009515199999441393,0.03922140000213403,0.13177290000021458,0.007858700002543628,0.18836820000433363,0.0,0.0
1799,chebyshev_d5_I2,112,3,21,1799,0.012670399999478832,0.0806429000076605,0.14507119999325369,0.008195600006729364,0.24658010000712238,0.0,0.0
