run_id,configuration_id,dataset_index,true_label,repetition,execution_order,encrypt_seconds,act3_fc2_seconds,decrypt_seconds,online_total_seconds
0,least_squares_d5_I1,589,4,7,0,0.01252629999362398,0.21921919999294914,0.007758200008538552,0.23950369999511167
1,least_squares_d3_I1,411,7,2,1,0.009544200001982972,0.16633660001389217,0.007724099996266887,0.18360490001214202
2,chebyshev_d3_I1,589,4,17,2,0.009363300006953068,0.16725279999081977,0.007793700002366677,0.1844098000001395
3,chebyshev_d5_I1,586,0,10,3,0.012441800005035475,0.21794970000337344,0.007711400001426227,0.23810290000983514
4,least_squares_d5_I1,481,9,7,4,0.012430900009348989,0.21775199999683537,0.007647799997357652,0.237830700003542
5,least_squares_d3_I1,481,9,23,5,0.009335699985967949,0.16714189999038354,0.007654999993974343,0.18413259997032583
6,least_squares_d5_I1,949,1,8,6,0.012486199993873015,0.21882120000373106,0.007793600001605228,0.2391009999992093
7,chebyshev_d3_I1,411,7,13,7,0.00931039999704808,0.1680762999894796,0.007613500012666918,0.1850001999991946
8,least_squares_d5_I2,411,7,25,8,0.012731700000585988,0.21960830000170972,0.008067700007813983,0.2404077000101097
9,least_squares_d5_I1,633,2,25,9,0.012580800001160242,0.21801110000524204,0.007709199999226257,0.23830110000562854
10,least_squares_d5_I2,120,5,7,10,0.012527200000477023,0.2180201000010129,0.007750100005068816,0.23829740000655875
11,least_squares_d3_I1,112,3,23,11,0.009413000007043593,0.16695339999569114,0.007685999997192994,0.18405239999992773
12,chebyshev_d3_I1,411,7,12,12,0.009752099998877384,0.1690046000003349,0.00790880000567995,0.18666550000489224
13,chebyshev_d5_I2,586,0,9,13,0.012392000004183501,0.2191236999933608,0.0077132000005804,0.2392288999981247
14,chebyshev_d5_I1,589,4,18,14,0.012409900009515695,0.21841630000562873,0.007787800001096912,0.23861400001624133
15,least_squares_d5_I1,481,9,8,15,0.012436300006811507,0.21972419999656267,0.007663199998205528,0.2398237000015797
16,least_squares_d5_I2,481,9,6,16,0.012458400000468828,0.21887100000458304,0.007718099994235672,0.23904749999928754
17,least_squares_d3_I1,603,8,28,17,0.009331699999165721,0.1668298999866238,0.00768580001022201,0.18384739999601152
18,chebyshev_d5_I2,949,1,21,18,0.01262109998788219,0.22327230000519194,0.007992099999682978,0.2438854999927571
19,least_squares_d5_I2,259,6,9,19,0.012987499998416752,0.22158060000219848,0.007852900002035312,0.24242100000265054
20,chebyshev_d5_I1,120,5,2,20,0.01262109998788219,0.22130390000529587,0.007768299998133443,0.2416932999913115
21,chebyshev_d5_I1,589,4,5,21,0.012548600003356114,0.22039529999892693,0.007898800002294593,0.24084270000457764
22,least_squares_d5_I1,481,9,24,22,0.012613200000487268,0.22104059999401215,0.007655200010049157,0.24130900000454858
23,chebyshev_d3_I1,603,8,23,23,0.009576199998264201,0.16859360001399182,0.007659399998374283,0.1858292000106303
24,least_squares_d5_I1,603,8,15,24,0.012477900003432296,0.21808449999662116,0.007680700000491925,0.23824310000054538
25,chebyshev_d5_I1,259,6,14,25,0.01258629999938421,0.21875169999839272,0.0077154999889899045,0.23905349998676684
26,chebyshev_d3_I1,603,8,9,26,0.009531200004857965,0.17019180000352208,0.007674499996937811,0.18739750000531785
27,least_squares_d5_I1,481,9,18,27,0.012467900000046939,0.22045490000164136,0.007840899997972883,0.24076369999966118
28,chebyshev_d5_I1,112,3,22,28,0.01272909999534022,0.2224104999913834,0.0077335999958449975,0.24287319998256862
29,chebyshev_d3_I1,603,8,25,29,0.009330799992312677,0.16633910000382457,0.0076788999867858365,0.18334879998292308
30,chebyshev_d5_I2,633,2,17,30,0.012472599992179312,0.2168114000087371,0.007682600000407547,0.23696660000132397
31,least_squares_d5_I1,589,4,17,31,0.012274199994863011,0.21672519999265205,0.007636599999386817,0.23663599998690188
32,least_squares_d5_I2,589,4,8,32,0.012620800000149757,0.217558000003919,0.007656899993889965,0.23783569999795873
33,chebyshev_d3_I1,411,7,18,33,0.009378900009323843,0.165658900004928,0.007629700005054474,0.18266750001930632
34,chebyshev_d5_I2,120,5,26,34,0.012434800009941682,0.21918599998753052,0.00770659999398049,0.2393273999914527
35,chebyshev_d5_I2,633,2,0,35,0.01230319999740459,0.21921609999844804,0.007635200003278442,0.23915449999913108
36,least_squares_d3_I1,589,4,10,36,0.00942879999638535,0.16706300000078045,0.007761100001516752,0.18425289999868255
37,chebyshev_d5_I1,259,6,23,37,0.012418300000717863,0.21755960000155028,0.00767019999329932,0.23764809999556746
38,chebyshev_d3_I1,586,0,21,38,0.009374200002639554,0.16785700000764336,0.007632499997271225,0.18486370000755414
39,chebyshev_d5_I1,411,7,28,39,0.01247450000664685,0.21873219999542926,0.007748200005153194,0.2389549000072293
40,chebyshev_d5_I1,603,8,27,40,0.012352299992926419,0.21804030000930652,0.007778599989251234,0.23817119999148417
41,least_squares_d5_I1,259,6,2,41,0.012674999990849756,0.21784349999506958,0.007767000002786517,0.23828549998870585
42,chebyshev_d5_I2,411,7,27,42,0.012396900012390688,0.22078430000692606,0.007732900005066767,0.24091410002438352
43,least_squares_d5_I1,259,6,17,43,0.012252399988938123,0.219085399992764,0.007707999990088865,0.23904579997179098
44,chebyshev_d5_I2,120,5,22,44,0.012554200002341531,0.21762389999639709,0.0077277000091271475,0.23790580000786576
45,least_squares_d5_I1,112,3,17,45,0.012492800000472926,0.21734319999814034,0.007710799996857531,0.2375467999954708
46,least_squares_d5_I1,589,4,21,46,0.012586799988639541,0.21873839999898337,0.007694899992202409,0.23902009997982532
47,chebyshev_d3_I1,481,9,22,47,0.009518299993942492,0.16673330000776332,0.00766289999592118,0.183914499997627
48,chebyshev_d5_I1,112,3,10,48,0.012690600007772446,0.21898829999554437,0.007680499998969026,0.23935940000228584
49,least_squares_d5_I1,481,9,15,49,0.012514799993368797,0.22038949999841861,0.007720499997958541,0.24062479998974595
50,least_squares_d5_I2,411,7,15,50,0.012335399995208718,0.21805640000093263,0.007699800000409596,0.23809159999655094
51,least_squares_d3_I1,481,9,21,51,0.009443500006454997,0.16579519999504555,0.007683999996515922,0.18292269999801647
52,least_squares_d3_I1,259,6,13,52,0.009354399997391738,0.1664599000068847,0.007807000001776032,0.18362130000605248
53,least_squares_d3_I1,633,2,4,53,0.009425600001122802,0.1655070999986492,0.00771540000278037,0.18264810000255238
54,chebyshev_d5_I1,589,4,3,54,0.012500000011641532,0.21962150000035763,0.007688199999392964,0.23980970001139212
55,least_squares_d3_I1,633,2,0,55,0.00949120000586845,0.1695631000038702,0.007646799989743158,0.1867010999994818
56,chebyshev_d5_I2,411,7,29,56,0.012376500002574176,0.2213418999890564,0.007736600004136562,0.24145499999576714
57,least_squares_d3_I1,589,4,17,57,0.00959570000122767,0.1679052999970736,0.0076625000074272975,0.18516350000572857
58,least_squares_d5_I1,481,9,17,58,0.012441999992006458,0.22010259999660775,0.007724299997789785,0.240268899986404
59,chebyshev_d3_I1,120,5,25,59,0.009367899998323992,0.1661731000058353,0.007630499996594153,0.18317150000075344
60,chebyshev_d3_I1,603,8,13,60,0.009590599991497584,0.1703591000114102,0.007832000002963468,0.18778170000587124
61,least_squares_d3_I1,481,9,26,61,0.009447999997064471,0.16758899998967536,0.007897900009993464,0.1849348999967333
62,least_squares_d5_I2,411,7,13,62,0.012673499993979931,0.22208110000065062,0.0078493999899365,0.24260399998456705
63,least_squares_d5_I2,589,4,10,63,0.012775399998645298,0.2206280000100378,0.00777100000414066,0.24117440001282375
64,least_squares_d3_I1,603,8,5,64,0.00957130000460893,0.17134479999367613,0.007883199999923818,0.18879929999820888
65,least_squares_d5_I1,603,8,1,65,0.012885999996797182,0.22025769999891054,0.0076948000059928745,0.2408385000017006
66,least_squares_d5_I2,603,8,26,66,0.012382000000798143,0.21871060000557918,0.007847800006857142,0.23894040001323447
67,least_squares_d5_I2,603,8,12,67,0.01259820000268519,0.21819090000644792,0.00767100001394283,0.23846010002307594
68,chebyshev_d3_I1,949,1,8,68,0.00948680000146851,0.17279929999494925,0.008266899996669963,0.19055299999308772
69,least_squares_d5_I2,586,0,12,69,0.012640100001590326,0.22349099999701139,0.007768399998894893,0.2438994999974966
70,least_squares_d5_I1,259,6,8,70,0.012771299996529706,0.2222844000061741,0.007832900009816512,0.24288860001252033
71,least_squares_d5_I1,586,0,11,71,0.012497100004111417,0.21947369999543298,0.0076502000010805205,0.23962100000062492
72,chebyshev_d3_I1,120,5,13,72,0.009601899990229867,0.16941040000529028,0.007689500009291805,0.18670180000481196
73,chebyshev_d3_I1,481,9,17,73,0.009338799995020963,0.1677878999907989,0.007712700011325069,0.18483939999714494
74,chebyshev_d5_I2,120,5,24,74,0.012269500002730638,0.22069609999016393,0.007787800001096912,0.24075339999399148
75,least_squares_d5_I2,633,2,0,75,0.012685900001088157,0.2253760999883525,0.007905599995865487,0.24596759998530615
76,chebyshev_d5_I2,589,4,26,76,0.01282540000102017,0.22001489999820478,0.007834399992134422,0.24067469999135938
77,chebyshev_d5_I1,603,8,13,77,0.012651999990339391,0.22160409999196418,0.007816800003638491,0.24207289998594206
78,chebyshev_d5_I2,259,6,20,78,0.012637599997106008,0.21967140000197105,0.00772950000828132,0.24003850000735838
79,chebyshev_d5_I2,259,6,27,79,0.012482899997849017,0.21663969999644905,0.007678299996769056,0.23680089999106713
80,chebyshev_d5_I1,589,4,28,80,0.012435299999197014,0.21694630000274628,0.007857899996452034,0.23723949999839533
81,least_squares_d5_I1,586,0,16,81,0.012722300001769327,0.22344580000208225,0.007935499990708195,0.24410359999455977
82,least_squares_d3_I1,603,8,29,82,0.009615600007236935,0.17264540000178386,0.007732700003543869,0.18999370001256466
83,least_squares_d3_I1,586,0,13,83,0.009493599995039403,0.17615590000059456,0.007685199991101399,0.19333469998673536
84,least_squares_d5_I1,112,3,11,84,0.01241580001078546,0.21832669999275822,0.007745199996861629,0.2384877000004053
85,chebyshev_d5_I1,481,9,11,85,0.012364299996988848,0.21627670001180377,0.007671999992453493,0.2363130000012461
86,least_squares_d5_I2,411,7,23,86,0.012385199996060692,0.21820649999426678,0.007631200001924299,0.23822289999225177
87,least_squares_d5_I2,112,3,14,87,0.012331799996900372,0.21851690000039525,0.008540399998310022,0.23938909999560565
88,chebyshev_d5_I2,481,9,4,88,0.01232989999698475,0.22380260001227725,0.007789399998728186,0.2439219000079902
89,chebyshev_d5_I2,633,2,28,89,0.012746399996103719,0.22679430000425782,0.008171399997081608,0.24771209999744315
90,least_squares_d5_I1,603,8,27,90,0.012876300010248087,0.2193829000025289,0.007635600006324239,0.23989480001910124
91,chebyshev_d5_I1,949,1,20,91,0.01231299999926705,0.22194329999911133,0.008274299994809553,0.24253059999318793
92,least_squares_d3_I1,112,3,17,92,0.009397400004672818,0.1713523000071291,0.007801700005074963,0.18855140001687687
93,chebyshev_d3_I1,112,3,9,93,0.00956449999648612,0.17313120000471827,0.007969099999172613,0.190664800000377
94,least_squares_d5_I2,633,2,15,94,0.012839300004998222,0.2282848000031663,0.008006099989870563,0.2491301999980351
95,chebyshev_d5_I1,603,8,24,95,0.01322989999607671,0.22805910000170115,0.00862290000077337,0.24991189999855123
96,least_squares_d3_I1,586,0,8,96,0.009630200001993217,0.17524039999989327,0.00792150000052061,0.1927921000024071
97,chebyshev_d5_I1,481,9,17,97,0.012746799999149516,0.24586429999908432,0.007888899999670684,0.2664999999979045
98,least_squares_d3_I1,633,2,24,98,0.009731400001328439,0.16993270000966731,0.0077277000091271475,0.1873918000201229
99,least_squares_d5_I1,949,1,2,99,0.012393700002576225,0.21737420000135899,0.00770429999101907,0.23747219999495428
100,least_squares_d5_I1,949,1,21,100,0.013102299999445677,0.219891100001405,0.007803099986631423,0.2407964999874821
101,chebyshev_d3_I1,112,3,16,101,0.009459900000365451,0.16691020000143908,0.007710700010647997,0.18408080001245253
102,chebyshev_d3_I1,603,8,14,102,0.009332100002211519,0.16713099999469705,0.007665800003451295,0.18412890000035986
103,chebyshev_d5_I1,112,3,19,103,0.012434899996151216,0.21795649999694433,0.007680299997446127,0.23807169999054167
104,least_squares_d5_I2,633,2,24,104,0.01233360001060646,0.21947669998917263,0.007998999994015321,0.2398092999937944
105,least_squares_d3_I1,481,9,3,105,0.009549399997922592,0.16777410000213422,0.007605400009197183,0.184928900009254
106,least_squares_d5_I2,949,1,17,106,0.01250179999624379,0.221766699993168,0.007902999990619719,0.2421714999800315
107,least_squares_d3_I1,633,2,15,107,0.009471099998336285,0.1704308000043966,0.007681500006583519,0.1875834000093164
108,least_squares_d3_I1,949,1,25,108,0.009324899991042912,0.1708951999899,0.00812430000223685,0.18834439998317976
109,chebyshev_d3_I1,586,0,1,109,0.009725099997012876,0.17401679999602493,0.007908500003395602,0.1916503999964334
110,least_squares_d5_I2,586,0,1,110,0.012814899993827567,0.22403950001171324,0.00792729998647701,0.24478169999201782
111,chebyshev_d5_I2,411,7,5,111,0.012697800004389137,0.22709870000835508,0.007750499993562698,0.24754700000630692
112,chebyshev_d5_I2,603,8,21,112,0.012478199991164729,0.22081210000033025,0.007867299995268695,0.24115759998676367
113,least_squares_d5_I1,949,1,18,113,0.01254559999506455,0.2219111000013072,0.008960300008766353,0.2434170000051381
114,chebyshev_d5_I2,949,1,11,114,0.012816300004487857,0.22209660000225995,0.007741800000076182,0.242654700006824
115,chebyshev_d5_I2,112,3,18,115,0.01259070000378415,0.21758979999867734,0.007732799989753403,0.2379132999922149
116,least_squares_d5_I2,633,2,25,116,0.012447200002497993,0.21996829999261536,0.007891699991887435,0.24030719998700079
117,chebyshev_d3_I1,586,0,22,117,0.00948229999630712,0.16977680000127293,0.0077785000030416995,0.18703760000062175
118,chebyshev_d5_I2,259,6,11,118,0.012656899998546578,0.22178639999765437,0.007704800009378232,0.24214810000557918
119,least_squares_d5_I2,603,8,4,119,0.01242630000342615,0.21764889999758452,0.007756299994071014,0.23783149999508169
120,least_squares_d5_I2,586,0,28,120,0.01242320000892505,0.22183379999478348,0.007920199990621768,0.2421771999943303
121,chebyshev_d5_I2,112,3,4,121,0.012580399998114444,0.21968770000967197,0.007753099998808466,0.24002120000659488
122,least_squares_d5_I1,589,4,22,122,0.012490399996750057,0.2185728000040399,0.007709000012255274,0.23877220001304522
123,chebyshev_d5_I1,120,5,10,123,0.012626399999135174,0.21721019998949487,0.007732400001259521,0.23756899998988956
124,chebyshev_d5_I2,259,6,21,124,0.012580000009620562,0.22430159999930765,0.007707400000072084,0.2445890000090003
125,least_squares_d5_I2,589,4,24,125,0.012429599999450147,0.2169136000011349,0.00775689999863971,0.23710009999922477
126,least_squares_d3_I1,603,8,22,126,0.009482399997068569,0.16926119998970535,0.0077738999971188605,0.18651749998389278
127,least_squares_d3_I1,603,8,11,127,0.009593099995981902,0.16874449999886565,0.00775699999940116,0.1860945999942487
128,least_squares_d3_I1,633,2,18,128,0.009504300003754906,0.16942829999607056,0.0077818999998271465,0.18671449999965262
129,chebyshev_d5_I1,586,0,28,129,0.012579200003528967,0.21928389999084175,0.007912500004749745,0.23977559999912046
130,least_squares_d3_I1,112,3,20,130,0.009475600003497675,0.16903560000355355,0.007760299995425157,0.1862715000024764
131,least_squares_d3_I1,586,0,5,131,0.00935619999654591,0.16616690000228118,0.007617099996423349,0.18314019999525044
132,chebyshev_d5_I2,603,8,22,132,0.012504500002251007,0.219767700007651,0.007777699996950105,0.2400499000068521
133,least_squares_d5_I1,112,3,12,133,0.012368199997581542,0.21993330000259448,0.007733400008874014,0.24003490000905003
134,least_squares_d5_I1,589,4,1,134,0.012705800007097423,0.22098200001346413,0.00783699999738019,0.24152480001794174
135,least_squares_d3_I1,949,1,4,135,0.009552300005452707,0.16797480000241194,0.00788520000060089,0.18541230000846554
136,chebyshev_d5_I2,112,3,3,136,0.012474200004362501,0.2220322000066517,0.0076954000105615705,0.24220180002157576
137,least_squares_d3_I1,120,5,20,137,0.00973050000902731,0.1669423999992432,0.007654999993974343,0.18432790000224486
138,chebyshev_d5_I1,112,3,14,138,0.01240259999758564,0.21863769998890348,0.007708800010732375,0.2387490999972215
139,chebyshev_d5_I2,949,1,5,139,0.012320099995122291,0.21804740000516176,0.00771540000278037,0.23808290000306442
140,chebyshev_d5_I2,633,2,7,140,0.012385199996060692,0.22047999998903833,0.007724099996266887,0.2405892999813659
141,chebyshev_d5_I1,603,8,3,141,0.01242840000486467,0.21691200000350364,0.0076268000120762736,0.23696720002044458
142,chebyshev_d5_I2,949,1,2,142,0.012700700011919253,0.22122110000054818,0.007872000001952983,0.2417938000144204
143,chebyshev_d5_I1,586,0,27,143,0.012486699997680262,0.2201327999937348,0.007777699996950105,0.24039719998836517
144,least_squares_d5_I1,112,3,24,144,0.012560899995150976,0.22128469999006484,0.008075300007476471,0.24192089999269228
145,least_squares_d3_I1,481,9,28,145,0.009596400006557815,0.1686498000053689,0.007889000000432134,0.18613520001235884
146,least_squares_d3_I1,411,7,25,146,0.009645500002079643,0.1686945000110427,0.007806300010997802,0.18614630002412014
147,chebyshev_d5_I2,259,6,29,147,0.012496299998019822,0.21868930000346154,0.007755300001008436,0.2389409000024898
148,least_squares_d5_I1,586,0,27,148,0.012457099990569986,0.21814500000618864,0.007861999998567626,0.23846409999532625
149,chebyshev_d5_I1,589,4,26,149,0.01239279999572318,0.2170948999992106,0.007792999997036532,0.23728069999197032
150,least_squares_d3_I1,603,8,2,150,0.009754500002600253,0.16883500000403728,0.0077059000032022595,0.1862954000098398
151,chebyshev_d5_I1,411,7,23,151,0.012450900001567788,0.21853179999743588,0.007688199999392964,0.23867089999839664
152,chebyshev_d3_I1,481,9,20,152,0.009569200003170408,0.16861839999910444,0.00771839999652002,0.18590599999879487
153,chebyshev_d3_I1,112,3,21,153,0.009296300006099045,0.16691899999568705,0.007738000000244938,0.18395330000203103
154,least_squares_d5_I2,481,9,7,154,0.012454700001399033,0.22079730000405107,0.007617099996423349,0.24086910000187345
155,least_squares_d5_I2,112,3,8,155,0.012519199997768737,0.21759169999859296,0.007703499999479391,0.23781439999584109
156,chebyshev_d3_I1,481,9,16,156,0.009273299991036765,0.16903459999593906,0.007784199988236651,0.18609209997521248
157,least_squares_d5_I2,481,9,27,157,0.012611500002094544,0.22191819999716245,0.007831399998394772,0.24236109999765176
158,chebyshev_d5_I2,481,9,2,158,0.01241959999606479,0.21877379999205004,0.007845300002372824,0.23903869999048766
159,chebyshev_d3_I1,259,6,18,159,0.009351000000606291,0.16854480000620242,0.007861000005505048,0.18575680001231376
160,chebyshev_d5_I1,481,9,19,160,0.01259429998754058,0.22122000000672415,0.00791929999832064,0.24173359999258537
161,least_squares_d5_I2,411,7,28,161,0.012539400006062351,0.22101199999451637,0.007954799992148764,0.2415061999927275
162,chebyshev_d5_I2,603,8,16,162,0.01263959999778308,0.22088110000186134,0.007828400004655123,0.24134910000429954
163,chebyshev_d5_I1,589,4,9,163,0.012635499995667487,0.2204548000008799,0.007852599999750964,0.24094289999629837
164,chebyshev_d5_I2,411,7,16,164,0.012654799997108057,0.22089569999661762,0.007841900005587377,0.24139239999931306
165,chebyshev_d5_I2,589,4,21,165,0.012760500001604669,0.22047980000206735,0.007805200002621859,0.24104550000629388
166,chebyshev_d5_I2,603,8,8,166,0.01250540000910405,0.22057750000385568,0.0077883999911136925,0.24087130000407342
167,chebyshev_d5_I1,949,1,19,167,0.012646699993638322,0.21993449999717996,0.007870099987485446,0.24045129997830372
168,chebyshev_d5_I1,411,7,11,168,0.012530100008007139,0.22061930000199936,0.00785909999103751,0.241008500001044
169,chebyshev_d3_I1,411,7,20,169,0.009538500002236106,0.16951730000437237,0.007712400009040721,0.1867682000156492
170,chebyshev_d5_I2,949,1,27,170,0.012674700003117323,0.22100659999705385,0.008006199990632012,0.2416874999908032
171,least_squares_d5_I1,481,9,4,171,0.012793500005500391,0.2222431999980472,0.007834800009732135,0.24287150001327973
172,least_squares_d5_I2,481,9,4,172,0.012704099994152784,0.22401269999681972,0.007849699992220849,0.24456649998319335
173,least_squares_d5_I1,589,4,26,173,0.012688099988736212,0.22414599999319762,0.00873410000349395,0.24556819998542778
174,chebyshev_d3_I1,603,8,0,174,0.009776399994734675,0.17488520000188146,0.00791840000601951,0.19258000000263564
175,least_squares_d5_I2,411,7,22,175,0.012999799990211613,0.22580939999897964,0.008053800003835931,0.2468629999930272
176,chebyshev_d5_I2,411,7,1,176,0.012676500002271496,0.22373139999399427,0.008024399998248555,0.24443229999451432
177,least_squares_d3_I1,120,5,14,177,0.009598000004189089,0.16921279999951366,0.007865700012189336,0.1866765000158921
178,least_squares_d3_I1,112,3,10,178,0.00937409998732619,0.16915220000373665,0.007619800002430566,0.1861460999934934
179,least_squares_d3_I1,586,0,0,179,0.009412100000190549,0.1740857000113465,0.007988400000613183,0.19148620001215022
180,least_squares_d3_I1,949,1,28,180,0.009502699991571717,0.17214560000866186,0.007816600002115592,0.18946490000234917
181,least_squares_d5_I1,589,4,15,181,0.0124972999910824,0.21903980000934098,0.007627500002854504,0.23916460000327788
182,chebyshev_d3_I1,259,6,5,182,0.009342899997136556,0.16826659999787807,0.007755099999485537,0.18536459999450017
183,least_squares_d3_I1,259,6,27,183,0.009756500003277324,0.1664250999892829,0.007730900004389696,0.18391249999694992
184,least_squares_d5_I2,589,4,7,184,0.012294900006963871,0.218209200000274,0.007758799998555332,0.2382629000057932
185,least_squares_d3_I1,603,8,14,185,0.009342999997898005,0.16630810000060592,0.007745399998384528,0.18339649999688845
186,chebyshev_d5_I1,586,0,18,186,0.012512400004197843,0.21844950001104735,0.007787000009557232,0.23874890002480242
187,least_squares_d3_I1,411,7,10,187,0.009359700008644722,0.16823690000455827,0.007612900008098222,0.1852095000213012
188,chebyshev_d5_I1,259,6,12,188,0.012468999993870966,0.22003250000125263,0.007968100006110035,0.24046960000123363
189,least_squares_d5_I2,949,1,22,189,0.01255670000682585,0.22070039999380242,0.007905499995104037,0.2411625999957323
190,chebyshev_d5_I1,603,8,0,190,0.012654599995585158,0.22101690000272356,0.007741699999314733,0.24141319999762345
191,chebyshev_d5_I2,603,8,7,191,0.012711999996099621,0.21980720000283327,0.007711300000664778,0.24023049999959767
192,least_squares_d3_I1,120,5,17,192,0.00952310000138823,0.16971779998857528,0.007897499992395751,0.18713839998235926
193,chebyshev_d5_I1,112,3,8,193,0.012506800005212426,0.21991310000885278,0.007871800000430085,0.2402917000144953
194,least_squares_d5_I1,589,4,0,194,0.012689000010141172,0.22085350000998005,0.007850299996789545,0.24139280001691077
195,chebyshev_d5_I1,633,2,24,195,0.012833299988415092,0.22036079999816138,0.007836699995095842,0.24103079998167232
196,chebyshev_d5_I2,259,6,23,196,0.012573900006827898,0.22084999999788124,0.007918000002973713,0.24134190000768285
197,chebyshev_d3_I1,633,2,16,197,0.00948219999554567,0.16859919999842532,0.007730900004389696,0.18581229999836069
198,chebyshev_d5_I2,120,5,23,198,0.012611700003617443,0.22063320000597741,0.007948700003908016,0.24119360001350287
199,least_squares_d5_I1,259,6,26,199,0.012509899999713525,0.22189960000105202,0.007657499998458661,0.2420669999992242
200,least_squares_d5_I1,949,1,4,200,0.012982200001715682,0.2191002000035951,0.007743100009975024,0.2398255000152858
201,least_squares_d3_I1,120,5,8,201,0.009272199997212738,0.16548209999746177,0.007681600007344969,0.18243590000201948
202,least_squares_d3_I1,589,4,25,202,0.009328100000857376,0.16726000000198837,0.007775399993988685,0.18436349999683443
203,chebyshev_d3_I1,481,9,7,203,0.009375299996463582,0.16754799999762326,0.007951899999170564,0.1848751999932574
204,chebyshev_d5_I1,633,2,29,204,0.01264110000920482,0.2200318000104744,0.007695399996009655,0.24036830001568887
205,least_squares_d5_I2,589,4,3,205,0.0123440000024857,0.2161449000122957,0.007680899987462908,0.2361698000022443
206,least_squares_d5_I2,259,6,19,206,0.012327499993261881,0.2210754999978235,0.007875900002545677,0.24127889999363106
207,chebyshev_d3_I1,589,4,16,207,0.00954980000096839,0.16856069999630563,0.007885900005931035,0.18599640000320505
208,chebyshev_d5_I1,259,6,13,208,0.012537500006146729,0.22108659999503288,0.007842599996365607,0.24146669999754522
209,least_squares_d3_I1,589,4,24,209,0.009549299997161143,0.1693502999987686,0.00838080000539776,0.1872804000013275
210,least_squares_d5_I1,586,0,23,210,0.012521199998445809,0.22064050000335556,0.007719600005657412,0.24088130000745878
211,least_squares_d3_I1,112,3,12,211,0.009392299994942732,0.16620870000042487,0.007777999999234453,0.18337899999460205
212,chebyshev_d3_I1,411,7,9,212,0.00953049999952782,0.1684714000002714,0.0076172999979462475,0.18561919999774545
213,least_squares_d3_I1,120,5,7,213,0.009402800002135336,0.16683439999178518,0.0076283999951556325,0.18386559998907614
214,chebyshev_d5_I1,411,7,4,214,0.01256190000276547,0.21819660000619479,0.00767989999440033,0.23843840000336058
215,chebyshev_d5_I2,589,4,24,215,0.012420200000633486,0.22153540000726935,0.007847300003049895,0.24180290001095273
216,least_squares_d5_I2,589,4,4,216,0.012601599999470636,0.22206900001037866,0.007916599992313422,0.24258720000216272
217,least_squares_d3_I1,411,7,23,217,0.00947120001364965,0.17294240000774153,0.007721200003288686,0.19013480002467986
218,chebyshev_d5_I1,259,6,20,218,0.01284099998883903,0.22201320000749547,0.00788809999357909,0.2427422999899136
219,least_squares_d3_I1,481,9,18,219,0.009475900005782023,0.17016369999328163,0.00794730000779964,0.1875869000068633
220,least_squares_d5_I1,112,3,23,220,0.012599900001077913,0.22201559999666642,0.0077855999988969415,0.24240109999664128
221,chebyshev_d3_I1,589,4,5,221,0.009523500004434027,0.16866680000384804,0.00788499999907799,0.18607530000736006
222,chebyshev_d5_I2,586,0,7,222,0.0125623999920208,0.21985160000622272,0.007680900002014823,0.24009490000025835
223,chebyshev_d3_I1,112,3,7,223,0.00935350000509061,0.16626660000474658,0.007631600004970096,0.18325170001480728
224,least_squares_d5_I2,120,5,0,224,0.012521299999207258,0.2204972000035923,0.007675699991523288,0.24069419999432284
225,least_squares_d5_I2,949,1,28,225,0.012417999998433515,0.2202005999861285,0.007840999998734333,0.24045959998329636
226,least_squares_d5_I2,120,5,11,226,0.01261000000522472,0.22067969999625348,0.007754999998724088,0.24104470000020228
227,least_squares_d5_I2,411,7,20,227,0.012547099991934374,0.22048479999648407,0.00783699999738019,0.24086889998579863
228,least_squares_d3_I1,112,3,3,228,0.009548899994115345,0.17105079999601003,0.007906099999672733,0.1885057999897981
229,least_squares_d5_I1,633,2,6,229,0.01276019999932032,0.23008029999618884,0.007925400001113303,0.25076589999662247
230,chebyshev_d5_I1,586,0,9,230,0.013218599997344427,0.22817360000044573,0.007968599995365366,0.24936079999315552
231,chebyshev_d5_I2,586,0,28,231,0.012860899994848296,0.22024920000694692,0.007803300002706237,0.24091340000450145
232,chebyshev_d5_I1,633,2,0,232,0.012666800001170486,0.2210410999978194,0.007725900009972975,0.24143380000896286
233,least_squares_d5_I2,411,7,14,233,0.012722799991024658,0.2223195999977179,0.007877299998654053,0.2429196999873966
234,least_squares_d3_I1,633,2,11,234,0.009512899996479973,0.16962790000252426,0.007861700010835193,0.18700250000983942
235,chebyshev_d5_I1,112,3,16,235,0.012713399992207997,0.21983970000292175,0.007889400003477931,0.24044249999860767
236,chebyshev_d5_I2,633,2,23,236,0.01262019999558106,0.22030489999451675,0.008005799987586215,0.24093089997768402
237,chebyshev_d3_I1,633,2,21,237,0.009436100008315407,0.16864340000029188,0.007842600010917522,0.1859221000195248
238,least_squares_d5_I1,481,9,23,238,0.012645099996007048,0.22238150000339374,0.00779770000372082,0.2428243000031216
239,chebyshev_d5_I2,259,6,26,239,0.012550500003271736,0.2205690999981016,0.007869200009736232,0.24098880001110956
240,least_squares_d5_I2,120,5,28,240,0.012683900000411086,0.22111479999148287,0.007852599999750964,0.24165129999164492
241,least_squares_d5_I2,481,9,0,241,0.013047400003415532,0.22046379999665078,0.007785499998135492,0.2412966999982018
242,chebyshev_d5_I1,949,1,22,242,0.012592899991432205,0.22086729999864474,0.007931300002383068,0.24139149999246
243,chebyshev_d3_I1,586,0,6,243,0.009465700000873767,0.16864229999191593,0.007911900000181049,0.18601989999297075
244,chebyshev_d3_I1,949,1,21,244,0.009413599997060373,0.16871440000250004,0.007925999991130084,0.1860539999906905
245,chebyshev_d3_I1,120,5,28,245,0.00934140000026673,0.16801319998921826,0.007776099999318831,0.18513069998880383
246,least_squares_d3_I1,120,5,12,246,0.009508499992080033,0.16996289999224246,0.00779319999855943,0.18726459998288192
247,least_squares_d5_I2,949,1,4,247,0.012563199998112395,0.22115579999808688,0.007794100005412474,0.24151310000161175
248,least_squares_d5_I1,633,2,13,248,0.012706199995591305,0.2219420000037644,0.007703199997195043,0.24235139999655075
249,least_squares_d5_I2,586,0,4,249,0.012814599991543218,0.22423120000166818,0.008000000001629815,0.24504579999484122
250,chebyshev_d5_I2,603,8,13,250,0.012767700012773275,0.22348230000352487,0.007941100004245527,0.24419110002054367
251,chebyshev_d5_I2,633,2,1,251,0.012588600002345629,0.22004949999973178,0.007755700004054233,0.24039380000613164
252,least_squares_d5_I1,120,5,5,252,0.012684000001172535,0.22306289999687579,0.007934799999929965,0.24368169999797828
253,least_squares_d5_I1,259,6,5,253,0.012720800004899502,0.22031440000864677,0.007818900005077012,0.24085410001862328
254,least_squares_d5_I1,411,7,12,254,0.012665799993555993,0.2212471000093501,0.007852999988244846,0.24176589999115095
255,least_squares_d3_I1,949,1,17,255,0.009361099990201183,0.16879120000521652,0.00821179999911692,0.18636409999453463
256,chebyshev_d3_I1,112,3,12,256,0.00935849999950733,0.1683195999939926,0.007809300004737452,0.18548739999823738
257,chebyshev_d3_I1,586,0,13,257,0.009473600002820604,0.16634850000264123,0.0077600000076927245,0.18358210001315456
258,least_squares_d3_I1,949,1,18,258,0.009292300004744902,0.16882849999819882,0.0077409999939845875,0.1858617999969283
259,least_squares_d3_I1,259,6,2,259,0.009741000001667999,0.16963400000531692,0.007682800001930445,0.18705780000891536
260,least_squares_d5_I1,603,8,2,260,0.012431800001650117,0.22112459999334533,0.009307800006354228,0.24286420000134967
261,least_squares_d5_I2,949,1,5,261,0.017896800010930747,0.291127200005576,0.008557900000596419,0.3175819000171032
262,chebyshev_d3_I1,949,1,9,262,0.010215899994364008,0.17936110000300687,0.008990800008177757,0.19856780000554863
263,least_squares_d3_I1,411,7,15,263,0.009584400002495386,0.17344139999477193,0.00798880000365898,0.1910146000009263
264,chebyshev_d5_I1,603,8,2,264,0.012921000001369976,0.22773189999861643,0.007740500004729256,0.24839340000471566
265,least_squares_d5_I2,481,9,11,265,0.012436399993021041,0.23134949999803212,0.007805200002621859,0.251591099993675
266,least_squares_d5_I1,112,3,4,266,0.013597699988167733,0.2219907999970019,0.007739199994830415,0.24332769998000003
267,chebyshev_d3_I1,589,4,13,267,0.009375099994940683,0.16988620000483934,0.007747900002868846,0.18700920000264887
268,chebyshev_d5_I1,603,8,9,268,0.012623499991605058,0.22070639999583364,0.007701000009546988,0.24103089999698568
269,chebyshev_d3_I1,259,6,6,269,0.009284200001275167,0.16608189999533352,0.0076877000101376325,0.18305380000674631
270,chebyshev_d5_I1,603,8,25,270,0.012280199996894225,0.21783069999946747,0.0076979000004939735,0.23780879999685567
271,chebyshev_d5_I2,411,7,7,271,0.012480799996410497,0.21598459999950137,0.007654099987121299,0.23611949998303317
272,least_squares_d3_I1,603,8,10,272,0.00940229999832809,0.16619689999788534,0.007652400003280491,0.18325159999949392
273,chebyshev_d5_I1,586,0,1,273,0.012466000000131316,0.2174685999925714,0.007647099992027506,0.23758169998473022
274,chebyshev_d3_I1,259,6,28,274,0.009398599999258295,0.17053370000212453,0.007817100005922839,0.18774940000730567
275,chebyshev_d5_I1,112,3,29,275,0.012542900003609248,0.21985590000986122,0.007856900003389455,0.24025570001685992
276,least_squares_d3_I1,949,1,8,276,0.0093607000017073,0.17938659999344964,0.007905899998149835,0.19665319999330677
277,chebyshev_d3_I1,481,9,8,277,0.009437700005946681,0.1744734999956563,0.007966399993165396,0.1918775999947684
278,chebyshev_d3_I1,411,7,8,278,0.009759900000062771,0.1756906000082381,0.007849200002965517,0.1932997000112664
279,chebyshev_d3_I1,259,6,2,279,0.00976760000048671,0.17149989999597892,0.007731199992122129,0.18899869998858776
280,least_squares_d5_I1,411,7,21,280,0.012682300002779812,0.2233048000052804,0.007649999999557622,0.24363710000761785
281,least_squares_d5_I1,259,6,13,281,0.01258330000564456,0.22080649998679291,0.007644400000572205,0.24103419999300968
282,least_squares_d3_I1,589,4,28,282,0.009408799989614636,0.16729050000139978,0.007606200000736862,0.18430549999175128
283,least_squares_d3_I1,259,6,15,283,0.009456400002818555,0.1675952000077814,0.007815299992216751,0.1848669000028167
284,least_squares_d5_I2,633,2,5,284,0.012621200003195554,0.22203360000276007,0.007716499996604398,0.24237130000256002
285,chebyshev_d5_I2,481,9,17,285,0.012446900000213645,0.2191364999889629,0.007839100013370626,0.23942250000254717
286,least_squares_d3_I1,481,9,20,286,0.009440399997401983,0.1714127000013832,0.007964199990965426,0.1888172999897506
287,chebyshev_d5_I2,411,7,26,287,0.012709299990092404,0.2196613999985857,0.007754600010230206,0.2401252999989083
288,chebyshev_d5_I2,949,1,26,288,0.012554200002341531,0.224288900004467,0.007859799996367656,0.24470290000317618
289,least_squares_d5_I1,633,2,11,289,0.01262470000074245,0.22051889999420382,0.007801600004313514,0.24094519999925978
290,chebyshev_d5_I1,949,1,13,290,0.012822899996535853,0.22119300000485964,0.00786500000685919,0.24188090000825468
291,chebyshev_d5_I1,949,1,4,291,0.012685699999565259,0.22000079999270383,0.007801699990523048,0.24048819998279214
292,chebyshev_d3_I1,603,8,26,292,0.009576800002832897,0.1698517000040738,0.00789459999941755,0.18732310000632424
293,least_squares_d5_I2,481,9,13,293,0.012584399999468587,0.22015529999043792,0.007953799999086186,0.2406934999889927
294,least_squares_d5_I2,120,5,12,294,0.0125112999958219,0.22068929999659304,0.007781300009810366,0.2409819000022253
295,chebyshev_d3_I1,633,2,14,295,0.009508499992080033,0.16810350000741892,0.008009899989701807,0.18562189998920076
296,least_squares_d3_I1,949,1,14,296,0.009602699996321462,0.17061780000221916,0.0077735999948345125,0.18799409999337513
297,least_squares_d3_I1,411,7,20,297,0.00935409999510739,0.1678463999996893,0.007816800003638491,0.1850172999984352
298,least_squares_d5_I1,633,2,20,298,0.012340499990386888,0.2215033999964362,0.007785200010403059,0.24162909999722615
299,chebyshev_d3_I1,411,7,2,299,0.009461299996473826,0.16891589999431744,0.007905499995104037,0.1862826999858953
300,least_squares_d3_I1,411,7,16,300,0.009340600008727051,0.16841569999814965,0.007627500002854504,0.1853838000097312
301,chebyshev_d5_I2,120,5,16,301,0.012695299999904819,0.21885750000365078,0.007633900007931516,0.23918670001148712
302,chebyshev_d5_I2,411,7,0,302,0.01249880000250414,0.2204154000064591,0.008033600010094233,0.24094780001905747
303,chebyshev_d5_I1,259,6,27,303,0.012619999994058162,0.22096719998808112,0.007700300004216842,0.24128749998635612
304,chebyshev_d5_I1,259,6,8,304,0.012335599996731617,0.21922140000970103,0.007740500004729256,0.2392975000111619
305,least_squares_d5_I1,411,7,16,305,0.012539300005300902,0.22064980000141077,0.007836599994334392,0.24102570000104606
306,least_squares_d5_I1,259,6,12,306,0.012696899997536093,0.22006009999313392,0.007720199995674193,0.2404771999863442
307,least_squares_d3_I1,259,6,4,307,0.00942219998978544,0.16714320000028238,0.007677999994484708,0.18424339998455252
308,least_squares_d5_I1,411,7,1,308,0.012386000002152286,0.2214772000006633,0.0076548000070033595,0.24151800000981893
309,least_squares_d5_I2,589,4,5,309,0.012461599995731376,0.21799299999838695,0.007704700008616783,0.2381593000027351
310,chebyshev_d5_I1,603,8,10,310,0.01245139999082312,0.21814089998952113,0.007830600006855093,0.23842289998719934
311,chebyshev_d3_I1,633,2,12,311,0.009426200005691499,0.16644019998784643,0.007656399990082718,0.18352279998362064
312,chebyshev_d3_I1,411,7,23,312,0.009412299987161532,0.16709560000163037,0.007682000010390766,0.18418989999918267
313,least_squares_d3_I1,112,3,29,313,0.009333499998319894,0.16590890000225045,0.007801899992045946,0.1830442999926163
314,chebyshev_d5_I1,633,2,6,314,0.012403300002915785,0.21841210000275169,0.007755600003292784,0.23857100000896025
315,least_squares_d3_I1,112,3,9,315,0.009391100000357255,0.16628330000094138,0.007737399995676242,0.18341179999697488
316,chebyshev_d3_I1,259,6,24,316,0.009360500000184402,0.16707209999731276,0.007740299988654442,0.1841728999861516
317,chebyshev_d5_I1,949,1,18,317,0.012592300001415424,0.21958430000813678,0.00762949998897966,0.23980609999853186
318,chebyshev_d5_I2,589,4,17,318,0.012587099990923889,0.24175040000409354,0.007755900005577132,0.26209340000059456
319,least_squares_d5_I2,949,1,24,319,0.012694599994574673,0.21886940000695176,0.007658499991521239,0.23922249999304768
320,chebyshev_d3_I1,603,8,15,320,0.009775400001672097,0.1678552000084892,0.007678699999814853,0.18530930000997614
321,chebyshev_d3_I1,481,9,6,321,0.009472199992160313,0.1675089000054868,0.008018900000024587,0.1849999999976717
322,chebyshev_d5_I2,112,3,19,322,0.012336799991317093,0.22153359999356326,0.007698100002016872,0.24156849998689722
323,chebyshev_d3_I1,120,5,3,323,0.009721299997181632,0.16679319999821018,0.007697399996686727,0.18421189999207854
324,chebyshev_d3_I1,586,0,12,324,0.009451699996134266,0.16612280000117607,0.007708599994657561,0.1832830999919679
325,chebyshev_d5_I1,603,8,5,325,0.012389099996653385,0.21686380000028294,0.007711899990681559,0.23696479998761788
326,least_squares_d5_I1,120,5,22,326,0.012348799995379522,0.22101950000796933,0.007835600001271814,0.24120390000462066
327,least_squares_d3_I1,120,5,19,327,0.009444999988772906,0.16866029999800958,0.007777400009217672,0.18588269999600016
328,least_squares_d5_I1,112,3,22,328,0.012560699993628077,0.22243719999096356,0.00791909999679774,0.24291699998138938
329,least_squares_d3_I1,112,3,28,329,0.009422000002814457,0.16795190000266302,0.007871299996622838,0.18524520000210032
330,chebyshev_d5_I2,589,4,28,330,0.01262249999854248,0.22218190001149196,0.007895000002463348,0.2426994000124978
331,least_squares_d5_I1,633,2,26,331,0.012557800000649877,0.21963140000298154,0.00782440000330098,0.2400136000069324
332,least_squares_d3_I1,259,6,7,332,0.009519800005364232,0.16955040000902954,0.007966099990881048,0.18703630000527482
333,least_squares_d5_I2,120,5,16,333,0.012634799990337342,0.219527699999162,0.00780579999263864,0.23996829998213798
334,chebyshev_d3_I1,603,8,29,334,0.0095141999918269,0.16849889999139123,0.007746300005237572,0.1857593999884557
335,least_squares_d3_I1,589,4,0,335,0.00960530000156723,0.16870129999006167,0.007794899996952154,0.18610149998858105
336,chebyshev_d5_I1,603,8,7,336,0.012481199999456294,0.2202222000050824,0.007845300002372824,0.24054870000691153
337,chebyshev_d5_I1,112,3,9,337,0.012690400006249547,0.2205919999978505,0.007880100005422719,0.24116250000952277
338,least_squares_d3_I1,589,4,8,338,0.009534299999359064,0.16983600000094157,0.007938599999761209,0.18730890000006184
339,chebyshev_d5_I1,586,0,22,339,0.012711100003798492,0.22050969999691006,0.007756299994071014,0.24097709999477956
340,chebyshev_d5_I1,120,5,23,340,0.012624599999981001,0.22086119999585208,0.0076868000032845885,0.24117259999911766
341,least_squares_d5_I1,603,8,24,341,0.012399200000800192,0.21798159999889322,0.007744100003037602,0.238124900002731
342,chebyshev_d5_I2,411,7,19,342,0.012565299999550916,0.22006700000201818,0.007660400005988777,0.24029270000755787
343,chebyshev_d5_I1,589,4,13,343,0.012294200001633726,0.222815899993293,0.008060100008151494,0.2431702000030782
344,least_squares_d5_I1,589,4,14,344,0.012691900003119372,0.22325089998776093,0.007712899998296052,0.24365569998917636
345,least_squares_d5_I2,411,7,24,345,0.012407600006554276,0.21918479999294505,0.007852099995943718,0.23944449999544304
346,chebyshev_d5_I2,603,8,11,346,0.012326100011705421,0.22284850000869483,0.007841799990274012,0.24301640001067426
347,least_squares_d5_I1,259,6,9,347,0.012416999990819022,0.2217990000062855,0.00781779999670107,0.2420337999938056
348,chebyshev_d5_I1,120,5,1,348,0.012697199999820441,0.2216881999920588,0.007873100010328926,0.24225850000220817
349,least_squares_d3_I1,411,7,3,349,0.009467800002312288,0.16866660000232514,0.0078064999979687855,0.1859409000026062
350,chebyshev_d5_I2,411,7,22,350,0.012653099998715334,0.22095740000077058,0.007822600004146807,0.24143310000363272
351,least_squares_d5_I1,481,9,14,351,0.012677399994572625,0.22010839999711607,0.0077892999979667366,0.24057509998965543
352,least_squares_d5_I2,949,1,11,352,0.012667400005739182,0.22019989999535028,0.007798799997544847,0.2406660999986343
353,chebyshev_d3_I1,633,2,2,353,0.009473199999774806,0.1653978999966057,0.0077049999963492155,0.18257609999272972
354,least_squares_d5_I1,603,8,5,354,0.012486600011470728,0.22034879999409895,0.007695600012084469,0.24053100001765415
355,chebyshev_d5_I2,949,1,0,355,0.012408399998093955,0.21872540000185836,0.007729299992206506,0.23886309999215882
356,chebyshev_d5_I1,259,6,4,356,0.012431400013156235,0.21924470001249574,0.00764359999448061,0.2393197000201326
357,chebyshev_d5_I1,586,0,8,357,0.012285900011193007,0.21768279999378137,0.007669799990253523,0.2376384999952279
358,least_squares_d5_I1,949,1,3,358,0.012283499992918223,0.2220201000018278,0.007787900001858361,0.2420914999966044
359,chebyshev_d5_I2,633,2,24,359,0.012637599997106008,0.22018430000753142,0.007786600006511435,0.24060850001114886
360,least_squares_d5_I2,481,9,24,360,0.012656300008529797,0.22011880000354722,0.00783170000067912,0.24060680001275614
361,chebyshev_d5_I2,112,3,13,361,0.012415700010024011,0.21951029999763705,0.007877900003222749,0.2398039000108838
362,chebyshev_d5_I2,586,0,8,362,0.012671000004047528,0.2192365999944741,0.00768429999880027,0.2395918999973219
363,least_squares_d5_I1,120,5,18,363,0.01259520000894554,0.21598170000652317,0.007732300000498071,0.23630920001596678
364,least_squares_d5_I1,633,2,8,364,0.012610300007509068,0.21826409999630414,0.007628499995917082,0.2385028999997303
365,chebyshev_d3_I1,481,9,28,365,0.009396100009325892,0.16721169999800622,0.007700200003455393,0.1843080000107875
366,chebyshev_d3_I1,633,2,3,366,0.009337800001958385,0.17547539999941364,0.007668600010219961,0.19248180001159199
367,least_squares_d5_I2,120,5,26,367,0.012440699996659532,0.21768500001053326,0.007688500001677312,0.2378142000088701
368,least_squares_d5_I1,589,4,9,368,0.012436099990736693,0.21793450000404846,0.007891300003393553,0.2382618999981787
369,least_squares_d3_I1,949,1,9,369,0.00932529999408871,0.16686680000566412,0.0076945000037085265,0.18388660000346135
370,least_squares_d3_I1,589,4,26,370,0.009374000001116656,0.1665151000051992,0.007627700004377402,0.18351680001069326
371,chebyshev_d5_I1,633,2,20,371,0.012352699995972216,0.22069790000387002,0.00785619999805931,0.24090679999790154
372,chebyshev_d3_I1,481,9,13,372,0.009461699999519624,0.16869900000165217,0.007666300007258542,0.18582700000843033
373,chebyshev_d5_I2,949,1,1,373,0.012427199995727278,0.21689529999275692,0.007894900001701899,0.2372173999901861
374,least_squares_d3_I1,259,6,16,374,0.009355000001960434,0.16896930000802968,0.007668300007935613,0.18599260001792572
375,chebyshev_d3_I1,481,9,29,375,0.009443600007216446,0.18845829999190755,0.007840099991881289,0.2057419999910053
376,least_squares_d5_I1,603,8,7,376,0.012525800004368648,0.2216195999935735,0.008033799997065216,0.24217919999500737
377,chebyshev_d5_I1,411,7,0,377,0.012663600005907938,0.21843219999573193,0.007659499999135733,0.2387553000007756
378,chebyshev_d3_I1,589,4,8,378,0.009370999992825091,0.16924079999444075,0.007834200005163439,0.18644599999242928
379,chebyshev_d5_I2,481,9,24,379,0.012572799998451956,0.2202910000050906,0.007709799989243038,0.2405735999927856
380,least_squares_d3_I1,586,0,21,380,0.009449300006963313,0.16898640000727028,0.007636800000909716,0.1860725000151433
381,least_squares_d3_I1,481,9,0,381,0.009469099997659214,0.1678912999923341,0.007883900005253963,0.18524429999524727
382,least_squares_d3_I1,411,7,5,382,0.00941630000306759,0.17077709999284707,0.007761300003039651,0.1879546999989543
383,chebyshev_d5_I1,120,5,15,383,0.012410299998009577,0.21934830000100192,0.007697400011238642,0.23945600001025014
384,least_squares_d3_I1,411,7,28,384,0.009444800001801923,0.1679796999960672,0.007685599994147196,0.18511009999201633
385,chebyshev_d5_I2,259,6,15,385,0.012480099991080351,0.2175063000031514,0.007786000001942739,0.2377723999961745
386,chebyshev_d5_I1,633,2,10,386,0.012394299992593005,0.2182780000002822,0.007752100005745888,0.23842439999862108
387,chebyshev_d3_I1,411,7,21,387,0.009766699993633665,0.1699376000033226,0.007750899996608496,0.18745519999356475
388,least_squares_d3_I1,259,6,19,388,0.009534400000120513,0.16899000000557862,0.007815599994501099,0.18634000000020023
389,least_squares_d5_I1,259,6,25,389,0.012723599997116253,0.2212392999936128,0.007870700006606057,0.2418335999973351
390,least_squares_d5_I2,481,9,8,390,0.012930199998663738,0.22509000000718515,0.00783919999958016,0.24585940000542905
391,least_squares_d3_I1,120,5,0,391,0.009653200002503581,0.16919870000856463,0.007751500001177192,0.1866034000122454
392,least_squares_d3_I1,586,0,6,392,0.009582600003341213,0.1688467999920249,0.007720400011749007,0.18614980000711512
393,chebyshev_d5_I2,112,3,29,393,0.012345700000878423,0.217219500002102,0.007712200007517822,0.23727740001049824
394,least_squares_d5_I1,603,8,26,394,0.012400499996147119,0.21939779999956954,0.007845899992389604,0.23964419998810627
395,least_squares_d5_I1,633,2,23,395,0.012473499999032356,0.21964500000467524,0.007621199998538941,0.23973970000224654
396,chebyshev_d5_I1,259,6,29,396,0.012507999999797903,0.21709150000242516,0.007666700010304339,0.2372662000125274
397,chebyshev_d3_I1,949,1,2,397,0.00966889999108389,0.1698881999909645,0.00778879999415949,0.18734589997620787
398,least_squares_d5_I2,589,4,12,398,0.012403399989125319,0.22158300000592135,0.007722399997874163,0.24170879999292083
399,chebyshev_d5_I2,603,8,18,399,0.012706800000160001,0.22048490001179744,0.00773099999059923,0.24092270000255667
400,least_squares_d5_I2,589,4,17,400,0.012534900000900961,0.22042230000079144,0.007971500002895482,0.24092870000458788
401,chebyshev_d5_I2,481,9,27,401,0.012243500008480623,0.2168348999985028,0.007711800004472025,0.23679020001145545
402,least_squares_d3_I1,112,3,24,402,0.009674400003859773,0.16835619999619666,0.007695799999055453,0.1857263999991119
403,chebyshev_d3_I1,112,3,6,403,0.009510200005024672,0.16616690000228118,0.007732199999736622,0.18340930000704248
404,least_squares_d5_I1,603,8,18,404,0.012485899991588667,0.21905109999352135,0.007732199999736622,0.23926919998484664
405,chebyshev_d3_I1,411,7,17,405,0.009386699995957315,0.16619779999018647,0.007728299999143928,0.1833127999852877
406,chebyshev_d5_I1,259,6,1,406,0.01238260000536684,0.2178048000059789,0.007904099998995662,0.2380915000103414
407,least_squares_d5_I1,589,4,4,407,0.012536299997009337,0.21725179998611566,0.007697799999732524,0.23748589998285752
408,chebyshev_d5_I1,586,0,3,408,0.012428799993358552,0.21793730001081713,0.007732899990514852,0.23809899999469053
409,chebyshev_d3_I1,411,7,27,409,0.009338100004242733,0.1671107000001939,0.0076895999955013394,0.18413839999993797
410,least_squares_d5_I2,411,7,1,410,0.012420099999872036,0.2181191999989096,0.007762399996863678,0.23830169999564532
411,chebyshev_d5_I2,481,9,26,411,0.012449800007743761,0.21682919999875594,0.007784200002788566,0.23706320000928827
412,chebyshev_d5_I1,633,2,28,412,0.012404900000547059,0.21879970000009052,0.007775099991704337,0.23897969999234192
413,chebyshev_d3_I1,481,9,14,413,0.009392199994181283,0.16622139999526553,0.0077406999917002395,0.18335429998114705
414,chebyshev_d5_I1,481,9,6,414,0.012642700006836094,0.22078990000591148,0.007990700003574602,0.24142330001632217
415,chebyshev_d5_I2,259,6,6,415,0.012589699996169657,0.22117530000105035,0.007875600000261329,0.24164059999748133
416,least_squares_d5_I1,603,8,17,416,0.012754299998050556,0.2238980999973137,0.008067500006291084,0.24471990000165533
417,least_squares_d3_I1,120,5,28,417,0.009449000004678965,0.16691339999670163,0.007712199992965907,0.1840745999943465
418,chebyshev_d5_I1,120,5,16,418,0.012499099990236573,0.21795469999779016,0.007656599991605617,0.23811039997963235
419,least_squares_d5_I2,411,7,26,419,0.012315400002989918,0.21988879999844357,0.007837600001948886,0.24004180000338238
420,chebyshev_d5_I1,603,8,29,420,0.012378499988699332,0.22148550000565592,0.0077529999980470166,0.24161699999240227
421,least_squares_d5_I1,120,5,20,421,0.012619300003279932,0.21950780000770465,0.007848499997635372,0.23997560000861995
422,chebyshev_d5_I1,481,9,2,422,0.012621699992450885,0.22050719999242574,0.007794499993906356,0.24092339997878298
423,chebyshev_d5_I2,411,7,9,423,0.012350799996056594,0.216910100003588,0.007723699993221089,0.2369845999928657
424,least_squares_d5_I1,949,1,26,424,0.01232239999808371,0.2176595999917481,0.007639599993126467,0.2376215999829583
425,chebyshev_d5_I2,949,1,12,425,0.012449400004697964,0.22248550000949763,0.008091399999102578,0.24302630001329817
426,least_squares_d5_I1,481,9,1,426,0.012498999989475124,0.22061990000656806,0.007914499990874901,0.24103339998691808
427,chebyshev_d3_I1,589,4,10,427,0.009442700000363402,0.16616670000075828,0.007767499992041849,0.18337689999316353
428,least_squares_d5_I1,411,7,27,428,0.012264399993000552,0.21926049998728558,0.007713299986789934,0.23923819996707607
429,least_squares_d3_I1,112,3,27,429,0.009535799996228889,0.16669920001004357,0.007706299991696142,0.1839412999979686
430,least_squares_d5_I1,633,2,27,430,0.01243879999674391,0.21751570000196807,0.007634900000994094,0.23758939999970607
431,chebyshev_d5_I1,481,9,10,431,0.012383100009174086,0.21845349999784958,0.00790140000754036,0.23873800001456402
432,least_squares_d5_I1,949,1,10,432,0.012411000003339723,0.2203694999916479,0.0076621000043815,0.24044259999936912
433,chebyshev_d5_I1,589,4,6,433,0.012505999999120831,0.21645010000793263,0.007672899999306537,0.23662900000636
434,least_squares_d5_I1,112,3,21,434,0.012417599995387718,0.2180847999989055,0.007729999997536652,0.23823239999182988
435,least_squares_d3_I1,411,7,11,435,0.009417299996130168,0.17333839999628253,0.00791999998909887,0.19067569998151157
436,chebyshev_d5_I1,633,2,11,436,0.012820399992051534,0.22439489999669604,0.007863399994676001,0.24507869998342358
437,least_squares_d5_I2,586,0,5,437,0.012563299998873845,0.2199213999992935,0.007724900002358481,0.24020960000052582
438,chebyshev_d5_I2,259,6,28,438,0.012362699999357574,0.2192498000076739,0.00789239999721758,0.23950490000424907
439,chebyshev_d5_I2,120,5,20,439,0.012479400000302121,0.21930099999008235,0.008246800003689714,0.24002719999407418
440,chebyshev_d5_I2,603,8,12,440,0.012505799997597933,0.21944660000735894,0.007659299997612834,0.2396117000025697
441,least_squares_d5_I2,259,6,26,441,0.012424700005794875,0.21898089999740478,0.00781470000219997,0.23922030000539962
442,least_squares_d3_I1,112,3,16,442,0.009321999998064712,0.16689220000989735,0.007790599993313663,0.18400480000127573
443,chebyshev_d3_I1,259,6,26,443,0.009291800000937656,0.1662547000014456,0.007775599995511584,0.18332209999789484
444,chebyshev_d3_I1,481,9,21,444,0.009375399997225031,0.16694130000541918,0.007725899995421059,0.18404259999806527
445,least_squares_d5_I2,603,8,0,445,0.012601599999470636,0.21782960000564344,0.007647600010386668,0.23807880001550075
446,least_squares_d5_I2,603,8,17,446,0.012652799996430986,0.21868919998814818,0.007740300003206357,0.23908229998778552
447,chebyshev_d5_I1,411,7,8,447,0.012371699995128438,0.21714539999084082,0.00772579999465961,0.23724289998062886
448,chebyshev_d5_I1,112,3,27,448,0.012488899999880232,0.2195715999987442,0.007731300007435493,0.23979180000605993
449,chebyshev_d3_I1,120,5,4,449,0.009404799988260493,0.16690929999458604,0.007638600000063889,0.18395269998291042
450,chebyshev_d5_I1,586,0,19,450,0.012480500008678064,0.21699079999234527,0.0076539000001503155,0.23712520000117365
451,least_squares_d5_I1,112,3,2,451,0.0125537000130862,0.2221858999982942,0.007738999993307516,0.2424786000046879
452,chebyshev_d5_I1,120,5,8,452,0.012366399998427369,0.21927500001038425,0.0076212999993003905,0.239262700008112
453,least_squares_d5_I2,259,6,10,453,0.012397899990901351,0.22034840000560507,0.007879099997808225,0.24062539999431465
454,chebyshev_d5_I2,589,4,0,454,0.012437800003681332,0.22072110000590328,0.00784199999179691,0.24100090000138152
455,chebyshev_d5_I1,411,7,15,455,0.012927399991895072,0.22017780000169296,0.007755300001008436,0.24086049999459647
456,chebyshev_d3_I1,949,1,19,456,0.00950610000290908,0.16857560000789817,0.007851599992136471,0.18593330000294372
457,chebyshev_d3_I1,586,0,27,457,0.009352599998237565,0.16766439999628346,0.007861799997044727,0.18487879999156576
458,chebyshev_d5_I2,949,1,25,458,0.01254979999794159,0.2205515999958152,0.007809800008544698,0.24091120000230148
459,least_squares_d5_I2,112,3,24,459,0.012594200001331046,0.2202819000085583,0.007678099995246157,0.2405542000051355
460,chebyshev_d5_I2,259,6,10,460,0.012315500003751367,0.21902869999757968,0.007704700008616783,0.23904890000994783
461,least_squares_d3_I1,112,3,18,461,0.009418299989192747,0.1660827000014251,0.007667099998798221,0.18316809998941608
462,chebyshev_d3_I1,586,0,20,462,0.009371499996632338,0.16763779999746475,0.00765990000218153,0.18466919999627862
463,chebyshev_d5_I1,120,5,24,463,0.012422100000549108,0.21827549999579787,0.007630000007338822,0.2383276000036858
464,chebyshev_d5_I2,586,0,20,464,0.012379400010104291,0.21719730000768322,0.007855000003473833,0.23743170002126135
465,least_squares_d5_I2,411,7,19,465,0.012320800000452437,0.2180549000040628,0.007867000007536262,0.2382427000120515
466,least_squares_d5_I1,603,8,12,466,0.01247719999810215,0.21917490000487305,0.007651200008695014,0.23930330001167022
467,chebyshev_d3_I1,949,1,25,467,0.009395700006280094,0.16681519999110606,0.0076612999982899055,0.18387219999567606
468,chebyshev_d3_I1,112,3,0,468,0.009461800000281073,0.16714259999571368,0.007745199996861629,0.18434959999285638
469,least_squares_d5_I2,949,1,12,469,0.012466300002415664,0.21799849999661092,0.007687499994062819,0.2381522999930894
470,chebyshev_d5_I1,120,5,25,470,0.01241440000012517,0.2179098999913549,0.007725400006165728,0.2380496999976458
471,least_squares_d3_I1,112,3,22,471,0.009419099995284341,0.16585430000850465,0.007831499999156222,0.18310490000294521
472,chebyshev_d5_I2,112,3,9,472,0.012472599992179312,0.2183458000072278,0.007781799999065697,0.23860019999847282
473,chebyshev_d5_I2,259,6,13,473,0.012509499996667728,0.21806379999907222,0.007749700002023019,0.23832299999776296
474,chebyshev_d5_I1,411,7,27,474,0.012390200005029328,0.22066960000665858,0.007651399995665997,0.2407112000073539
475,chebyshev_d3_I1,120,5,1,475,0.00934150000102818,0.16556379999383353,0.007751999990432523,0.18265729998529423
476,least_squares_d5_I1,633,2,9,476,0.012402199994539842,0.2212844000023324,0.00821469999209512,0.24190129998896737
477,chebyshev_d5_I2,411,7,11,477,0.01269069999398198,0.21728959999745712,0.0077160000073490664,0.23769629999878816
478,least_squares_d3_I1,112,3,25,478,0.00949489999038633,0.17044830000668298,0.007657499998458661,0.18760069999552798
479,chebyshev_d5_I2,589,4,22,479,0.012352500009001233,0.2195095999923069,0.007607099993037991,0.23946919999434613
480,chebyshev_d3_I1,481,9,12,480,0.009321100005763583,0.1660466000030283,0.007687000004807487,0.18305470001359936
481,least_squares_d3_I1,481,9,17,481,0.009335099995951168,0.16518779999751132,0.008396100005484186,0.18291899999894667
482,least_squares_d3_I1,120,5,22,482,0.01069429999915883,0.17237529999692924,0.007923199998913333,0.1909927999950014
483,least_squares_d5_I2,411,7,10,483,0.012913099999423139,0.22071449999930337,0.007627999992109835,0.24125559999083634
484,chebyshev_d5_I1,120,5,29,484,0.012340800007223152,0.22163510000973474,0.008563700001104735,0.24253960001806263
485,least_squares_d5_I1,633,2,15,485,0.014053299993975088,0.21806780000042636,0.007636100010131486,0.23975720000453293
486,least_squares_d5_I1,949,1,6,486,0.012840900002629496,0.22134800000640098,0.00772510000388138,0.24191400001291186
487,chebyshev_d5_I2,589,4,6,487,0.012358599997241981,0.21776159999717493,0.007904199999757111,0.23802439999417402
488,chebyshev_d5_I1,603,8,14,488,0.012436000004527159,0.21991680000792257,0.007640399999218062,0.2399932000116678
489,chebyshev_d5_I2,259,6,19,489,0.012491200002841651,0.21804070001235232,0.0077631000021938235,0.2382950000173878
490,chebyshev_d5_I1,603,8,1,490,0.012388800008920953,0.2176447000092594,0.007661999989068136,0.23769550000724848
491,least_squares_d5_I1,589,4,24,491,0.012558100002934225,0.21738399998866953,0.007675299988477491,0.23761739998008125
492,chebyshev_d3_I1,589,4,15,492,0.009570899987011217,0.16757429999415763,0.00770800000464078,0.18485319998580962
493,chebyshev_d5_I2,633,2,15,493,0.012390200005029328,0.21807390000321902,0.007783799999742769,0.23824790000799112
494,least_squares_d5_I2,603,8,9,494,0.012316899999859743,0.21947830000135582,0.007694799991440959,0.23948999999265652
495,least_squares_d3_I1,633,2,25,495,0.00938460000907071,0.1671522999968147,0.007784100002027117,0.18432100000791252
496,least_squares_d5_I1,603,8,11,496,0.012408199996571057,0.21765679999953136,0.00772069999948144,0.23778569999558385
497,chebyshev_d5_I2,633,2,5,497,0.012353800004348159,0.21738869999535382,0.0077443000045605,0.23748680000426248
498,least_squares_d5_I1,603,8,9,498,0.01239740000164602,0.21806249998917338,0.007729799996013753,0.23818969998683315
499,least_squares_d5_I2,603,8,2,499,0.01253730000462383,0.2179175000055693,0.007606699989992194,0.23806150000018533
500,least_squares_d5_I1,411,7,17,500,0.012844199998653494,0.22099869999510702,0.007713900005910546,0.24155679999967106
501,least_squares_d5_I1,586,0,26,501,0.012353099999018013,0.2181541999889305,0.00768580001022201,0.2381930999981705
502,chebyshev_d3_I1,633,2,18,502,0.00929399998858571,0.1689468999975361,0.007756699997116812,0.18599759998323862
503,least_squares_d3_I1,481,9,9,503,0.00956229999428615,0.16848639999807347,0.007752299992716871,0.1858009999850765
504,chebyshev_d5_I1,603,8,18,504,0.013013100004172884,0.22202430000470486,0.007906200000434183,0.24294360000931192
505,least_squares_d3_I1,586,0,28,505,0.009490500000538304,0.16839180000533815,0.007804799999576062,0.18568710000545252
506,chebyshev_d3_I1,481,9,26,506,0.009438699999009259,0.16942970000673085,0.007918200004496612,0.18678660001023673
507,chebyshev_d5_I2,411,7,4,507,0.01258850000158418,0.21989829999802168,0.00787329999729991,0.24036009999690577
508,least_squares_d5_I2,589,4,16,508,0.012544299999717623,0.21980880000046454,0.007832999996026047,0.2401860999962082
509,least_squares_d3_I1,633,2,22,509,0.009528000009595416,0.16782820000662468,0.00771770000574179,0.1850739000219619
510,least_squares_d3_I1,949,1,16,510,0.009607999993022531,0.16905810000025667,0.007787399998051114,0.18645349999133032
511,least_squares_d5_I2,120,5,9,511,0.012617600004887208,0.229831100004958,0.0077462000044761226,0.2501949000143213
512,least_squares_d5_I1,112,3,6,512,0.01268549999804236,0.21978610000223853,0.007755700004054233,0.24022730000433512
513,least_squares_d5_I2,259,6,1,513,0.012544600002001971,0.21781029998965096,0.008047000010265037,0.23840190000191797
514,least_squares_d5_I1,259,6,6,514,0.012403799992171116,0.22173359998851083,0.00785399999585934,0.2419913999765413
515,chebyshev_d3_I1,633,2,15,515,0.009435100000700913,0.16816760000074282,0.00797029999375809,0.18557299999520183
516,chebyshev_d5_I2,120,5,10,516,0.012625799994566478,0.2219658999965759,0.007952700005262159,0.24254439999640454
517,least_squares_d3_I1,259,6,12,517,0.009908600011840463,0.16854510000848677,0.007671500003198162,0.1861252000235254
518,chebyshev_d5_I2,411,7,13,518,0.012313899991568178,0.219521100007114,0.007762299996102229,0.2395972999947844
519,chebyshev_d3_I1,589,4,20,519,0.009374700006446801,0.1671403999935137,0.007958300004247576,0.1844734000042081
520,chebyshev_d5_I2,589,4,29,520,0.012448699999367818,0.22145150000869762,0.007772299999487586,0.24167250000755303
521,chebyshev_d3_I1,603,8,4,521,0.009585500010871328,0.16803290000825655,0.007784799992805347,0.18540320001193322
522,least_squares_d3_I1,481,9,29,522,0.009432799997739494,0.16858730000967626,0.007859499994083308,0.18587960000149906
523,least_squares_d3_I1,589,4,21,523,0.00939850001304876,0.16813920000276994,0.007919499999843538,0.18545720001566224
524,least_squares_d5_I2,112,3,19,524,0.012716400000499561,0.22127290000207722,0.007688099998631515,0.2416774000012083
525,least_squares_d3_I1,481,9,13,525,0.009558499994454905,0.16797789999691304,0.0076730000000679865,0.18520939999143593
526,chebyshev_d5_I1,411,7,24,526,0.012338499989709817,0.2204003999941051,0.0076606999937212095,0.24039959997753613
527,chebyshev_d5_I1,120,5,20,527,0.012769599998136982,0.21783909999066964,0.007616700007929467,0.2382253999967361
528,chebyshev_d5_I2,586,0,18,528,0.012686200003372505,0.22165530000347644,0.007777100006933324,0.24211860001378227
529,chebyshev_d5_I2,586,0,10,529,0.012443700004951097,0.22249129999545403,0.008236499998020008,0.24317149999842513
530,least_squares_d5_I1,259,6,10,530,0.012534599998616613,0.2198876000038581,0.0077637000067625195,0.24018590000923723
531,least_squares_d5_I2,120,5,27,531,0.012307400000281632,0.21655199999804609,0.007899299991549924,0.23675869998987764
532,chebyshev_d5_I2,586,0,25,532,0.012556999994558282,0.2178219000052195,0.007626199992955662,0.23800509999273345
533,least_squares_d3_I1,259,6,14,533,0.009503900000709109,0.16590230001020245,0.007853100003558211,0.18325930001446977
534,chebyshev_d5_I1,586,0,12,534,0.012524499994469807,0.21770989999640733,0.007706899996264838,0.23794129998714197
535,least_squares_d5_I2,112,3,11,535,0.012325000003329478,0.2162508000037633,0.007662599993636832,0.2362384000007296
536,chebyshev_d5_I1,586,0,13,536,0.012293899999349378,0.21738580000237562,0.007763299989164807,0.2374429999908898
537,least_squares_d5_I2,603,8,11,537,0.012517600000137463,0.2182491999992635,0.0076145000057294965,0.23838130000513047
538,chebyshev_d3_I1,603,8,21,538,0.009599900004104711,0.16929789999267086,0.0077056000009179115,0.1866033999976935
539,chebyshev_d5_I1,589,4,20,539,0.012398699996992946,0.21797409999999218,0.007640199997695163,0.23801299999468029
540,least_squares_d5_I2,949,1,27,540,0.012729699999908917,0.21994229999836534,0.007732400001259521,0.24040439999953378
541,chebyshev_d3_I1,586,0,19,541,0.009409100006450899,0.1686069999996107,0.0076938999991398305,0.18571000000520144
542,least_squares_d3_I1,112,3,0,542,0.009520300009171478,0.16902610000397544,0.007760299995425157,0.18630670000857208
543,least_squares_d5_I1,120,5,6,543,0.012519300013082102,0.22125380000215955,0.007937300004414283,0.24171040001965594
544,chebyshev_d5_I2,120,5,13,544,0.01269499999762047,0.22087930000270717,0.00775699999940116,0.2413312999997288
545,least_squares_d5_I2,633,2,18,545,0.012499100004788488,0.21983719999843743,0.007888799998909235,0.24022510000213515
546,least_squares_d3_I1,589,4,15,546,0.009456400002818555,0.16950800000631716,0.007845700005418621,0.18681010001455434
547,least_squares_d3_I1,481,9,25,547,0.00945030000002589,0.16705019999062642,0.0077234000054886565,0.18422389999614097
548,chebyshev_d3_I1,411,7,26,548,0.009534500000881962,0.16949919999751728,0.007758799998555332,0.18679249999695458
549,least_squares_d3_I1,481,9,8,549,0.009310699999332428,0.16684900000109337,0.0076191000116523355,0.18377880001207814
550,least_squares_d5_I1,120,5,10,550,0.012470899993786588,0.22044010000536218,0.008193999994546175,0.24110499999369495
551,chebyshev_d3_I1,589,4,7,551,0.009419499998330139,0.16935859998920932,0.007630599997355603,0.18640869998489507
552,least_squares_d5_I2,259,6,0,552,0.012500700002419762,0.22034710001025815,0.007690300000831485,0.2405381000135094
553,chebyshev_d5_I2,481,9,11,553,0.012484399994718842,0.2196189999958733,0.007746300005237572,0.23984969999582972
554,least_squares_d5_I1,411,7,10,554,0.012645800001337193,0.22008859999186825,0.0076145000057294965,0.24034889999893494
555,chebyshev_d5_I1,411,7,22,555,0.012416599987773225,0.21747610000602435,0.007958600006531924,0.2378513000003295
556,least_squares_d3_I1,120,5,11,556,0.009304899998824112,0.16797979999682866,0.007696800006669946,0.18498150000232272
557,chebyshev_d5_I1,603,8,8,557,0.012391299998853356,0.21792609999829438,0.007721900008618832,0.23803930000576656
558,least_squares_d5_I1,120,5,1,558,0.012477600001147948,0.21906360000139102,0.007672899999306537,0.2392141000018455
559,chebyshev_d5_I2,481,9,22,559,0.012517399998614565,0.2169758000090951,0.007770099997287616,0.2372633000049973
560,least_squares_d3_I1,589,4,11,560,0.009404200012795627,0.16741939999337774,0.007711800004472025,0.1845354000106454
561,least_squares_d3_I1,411,7,13,561,0.00939420000941027,0.16743819999101106,0.007685200005653314,0.18451760000607464
562,chebyshev_d5_I1,589,4,21,562,0.012388100003590807,0.21873009999399073,0.007787199996528216,0.23890539999410976
563,least_squares_d5_I1,481,9,12,563,0.012503000005381182,0.2201440999924671,0.007875700001022778,0.24052279999887105
564,chebyshev_d5_I1,603,8,21,564,0.012691800002357922,0.22049859999970067,0.007907400009571575,0.24109780001163017
565,least_squares_d5_I1,120,5,26,565,0.012690300005488098,0.21920690000115428,0.007883800004492514,0.2397810000111349
566,chebyshev_d5_I1,633,2,7,566,0.012628399999812245,0.22030420000373852,0.007861100006266497,0.24079370000981726
567,least_squares_d3_I1,589,4,6,567,0.009390199993504211,0.16744409999228083,0.007758499996270984,0.18459279998205602
568,chebyshev_d5_I2,603,8,24,568,0.012301800001296215,0.21923960000276566,0.00766289999592118,0.23920429999998305
569,least_squares_d5_I2,259,6,8,569,0.012419100006809458,0.21761969999352004,0.007765000002109446,0.23780380000243895
570,least_squares_d5_I2,633,2,10,570,0.012305100011872128,0.22015530000498984,0.007755999991786666,0.24021640000864863
571,least_squares_d3_I1,411,7,19,571,0.009522599997580983,0.16863759999978356,0.007736300001852214,0.18589649999921676
572,chebyshev_d3_I1,411,7,15,572,0.009506300004431978,0.1684623999899486,0.007778600003803149,0.18574729999818373
573,least_squares_d3_I1,603,8,12,573,0.00960980000672862,0.16871529999480117,0.007754300007945858,0.18607940000947565
574,least_squares_d5_I1,949,1,23,574,0.01284920000762213,0.22119389999716077,0.007931400003144518,0.24197450000792742
575,least_squares_d5_I2,120,5,29,575,0.013078899995889515,0.2250184000004083,0.008129100009682588,0.2462264000059804
576,least_squares_d5_I2,112,3,15,576,0.013093400004436262,0.22101530000509229,0.00788740000280086,0.2419961000123294
577,least_squares_d3_I1,603,8,24,577,0.009591800000634976,0.1677808999957051,0.007756800012430176,0.18512950000877026
578,chebyshev_d5_I1,949,1,27,578,0.012635599996428937,0.2217235999996774,0.007823699997970834,0.24218289999407716
579,chebyshev_d3_I1,603,8,17,579,0.009278300000005402,0.16537859999516513,0.007734900005743839,0.18239180000091437
580,least_squares_d5_I1,259,6,11,580,0.01249429999734275,0.21856280000065453,0.0076575999992201105,0.2387146999972174
581,chebyshev_d5_I2,633,2,14,581,0.01274340000236407,0.21808530000271276,0.007801400002790615,0.23863010000786744
582,chebyshev_d3_I1,259,6,22,582,0.009505699999863282,0.16705190000357106,0.007696700005908497,0.18425430000934284
583,least_squares_d5_I1,586,0,13,583,0.01239000000350643,0.21881750000466127,0.007760399996186607,0.2389679000043543
584,least_squares_d5_I1,112,3,16,584,0.012456199998268858,0.21847259999776725,0.007683000003453344,0.23861179999948945
585,least_squares_d5_I1,949,1,14,585,0.012522899996838532,0.21763590000045951,0.0076222000061534345,0.23778100000345148
586,chebyshev_d3_I1,589,4,29,586,0.009429800003999844,0.1672660000040196,0.007731099991360679,0.1844268999993801
587,least_squares_d3_I1,589,4,13,587,0.009314599999925122,0.16590310000174213,0.0077000999881420285,0.18291779998980928
588,chebyshev_d5_I2,949,1,10,588,0.012467399996239692,0.21940610000456218,0.007768999988911673,0.23964249998971354
589,chebyshev_d3_I1,949,1,10,589,0.00933860000804998,0.16692519999924116,0.007711300000664778,0.18397510000795592
590,chebyshev_d5_I1,120,5,4,590,0.012439600002835505,0.2195616999961203,0.007659299997612834,0.23966059999656864
591,chebyshev_d5_I1,411,7,12,591,0.012456900003599003,0.21941000000515487,0.007719800007180311,0.23958670001593418
592,least_squares_d5_I2,603,8,18,592,0.012336200001300313,0.22011809999821708,0.007942099997308105,0.2403963999968255
593,least_squares_d5_I1,586,0,2,593,0.012566700010211207,0.21936079999431968,0.007776700003887527,0.2397042000084184
594,least_squares_d5_I2,586,0,21,594,0.012364199996227399,0.21841270000732038,0.007711199999903329,0.2384881000034511
595,least_squares_d3_I1,112,3,13,595,0.009277799996198155,0.16524820000631735,0.007702100003371015,0.18222810000588652
596,chebyshev_d5_I1,411,7,21,596,0.01241810001374688,0.22001320001436397,0.008089799986919388,0.24052110001503024
597,chebyshev_d5_I1,633,2,26,597,0.012495000002672896,0.22072660000412725,0.007707100012339652,0.2409287000191398
598,least_squares_d5_I2,589,4,1,598,0.012559900002088398,0.22158500000659842,0.007724800001597032,0.24186970001028385
599,chebyshev_d3_I1,259,6,11,599,0.009619399992516264,0.16792969999369234,0.007778300001518801,0.1853273999877274
600,least_squares_d5_I2,481,9,2,600,0.012934700003825128,0.21951239999907557,0.00776209999457933,0.24020919999748003
601,chebyshev_d5_I2,481,9,5,601,0.012535300003946759,0.21692320000147447,0.007746000002953224,0.23720450000837445
602,chebyshev_d5_I2,259,6,16,602,0.012507599996752106,0.21845359999861103,0.007715000014286488,0.23867620000964962
603,least_squares_d5_I2,603,8,22,603,0.012655799990170635,0.2173043999937363,0.0076689999987138435,0.23762919998262078
604,chebyshev_d5_I2,259,6,12,604,0.012484899998526089,0.21971670001221355,0.007776600003126077,0.23997820001386572
605,chebyshev_d5_I1,949,1,3,605,0.012739399986458011,0.2181750000017928,0.007611399996676482,0.2385257999849273
606,chebyshev_d5_I2,481,9,9,606,0.01238770000054501,0.21917620000021998,0.007735999999567866,0.23929990000033285
607,chebyshev_d5_I2,949,1,18,607,0.012366599999950267,0.21854980000352953,0.0077157999912742525,0.23863219999475405
608,least_squares_d5_I1,120,5,29,608,0.012646799994399771,0.21797119999246206,0.00767469999846071,0.23829269998532254
609,least_squares_d3_I1,603,8,1,609,0.009465499999350868,0.16887080000014976,0.007688899990171194,0.18602519998967182
610,chebyshev_d5_I1,603,8,19,610,0.01271429999906104,0.2196332000021357,0.007836699995095842,0.2401841999962926
611,chebyshev_d5_I2,259,6,3,611,0.012531900007161312,0.21916680000140332,0.007746700008283369,0.239445400016848
612,least_squares_d5_I2,259,6,3,612,0.012706699999398552,0.2219221999985166,0.007855899995774962,0.2424847999936901
613,least_squares_d3_I1,586,0,24,613,0.009361000003991649,0.16827029999694787,0.007809699993231334,0.18544099999417085
614,least_squares_d3_I1,411,7,12,614,0.009393799991812557,0.16935099998954684,0.007864300001529045,0.18660909998288844
615,chebyshev_d3_I1,633,2,1,615,0.009466500006965362,0.16843379999045283,0.007821299994247966,0.18572159999166615
616,least_squares_d5_I2,120,5,19,616,0.012605900003109127,0.22091340000042692,0.007850000009057112,0.24136930001259316
617,least_squares_d3_I1,259,6,18,617,0.009370599989779294,0.16833600000245497,0.007832199989934452,0.1855387999821687
618,least_squares_d3_I1,603,8,8,618,0.009414099986315705,0.16929780000646133,0.007882000005338341,0.18659389999811538
619,chebyshev_d5_I1,603,8,23,619,0.012475399998947978,0.21917589999793563,0.007857100004912354,0.23950840000179596
620,least_squares_d3_I1,259,6,25,620,0.009461399997235276,0.16889159999846015,0.007894399997894652,0.18624739999359008
621,least_squares_d5_I2,586,0,25,621,0.01259810000192374,0.2218871999939438,0.007912299988674931,0.24239759998454247
622,least_squares_d5_I1,586,0,22,622,0.012792900000931695,0.22524610000255052,0.007732099998975173,0.2457711000024574
623,chebyshev_d3_I1,603,8,22,623,0.009292799994000234,0.16654390000621788,0.0077298999967752025,0.18356659999699332
624,least_squares_d5_I2,481,9,12,624,0.012399799990816973,0.21797359999618493,0.00784439999551978,0.23821779998252168
625,least_squares_d5_I2,112,3,27,625,0.012341599998762831,0.21824269999342505,0.007736700004898012,0.2383209999970859
626,least_squares_d5_I1,586,0,10,626,0.0123297999962233,0.21826179999334272,0.0077372999949147925,0.2383288999844808
627,chebyshev_d5_I2,112,3,22,627,0.012503299993113615,0.21722949999093544,0.007693100007600151,0.2374258999916492
628,least_squares_d3_I1,586,0,14,628,0.00944379999418743,0.16672480000124779,0.00780440001108218,0.1839730000065174
629,least_squares_d5_I2,586,0,15,629,0.01244919998862315,0.2172458999993978,0.0077415999985532835,0.23743669998657424
630,least_squares_d5_I1,411,7,3,630,0.012345700000878423,0.2182576000050176,0.0077203000109875575,0.23832360001688357
631,least_squares_d3_I1,481,9,15,631,0.009336700008134358,0.16590770000766497,0.0077462000044761226,0.18299060002027545
632,chebyshev_d3_I1,112,3,22,632,0.009359899995615706,0.16890669999702368,0.007713600003626198,0.18598019999626558
633,chebyshev_d5_I1,603,8,22,633,0.012481999990995973,0.21792589999677148,0.0077305000013438985,0.23813839998911135
634,least_squares_d5_I2,586,0,17,634,0.012645700000575744,0.22067369999422226,0.007797400001436472,0.24111679999623448
635,chebyshev_d5_I1,481,9,1,635,0.012554200002341531,0.2198430999997072,0.008015300001716241,0.24041260000376496
636,chebyshev_d5_I2,603,8,17,636,0.012546800004201941,0.22087059999466874,0.007829300011508167,0.24124670001037885
637,chebyshev_d3_I1,589,4,21,637,0.00942669999494683,0.16864780000469182,0.007887299987487495,0.18596179998712614
638,least_squares_d5_I2,586,0,24,638,0.012520000003860332,0.21971090001170523,0.007811300005414523,0.2400422000209801
639,least_squares_d3_I1,949,1,10,639,0.009486399998422712,0.1666562000027625,0.007720199995674193,0.1838627999968594
640,least_squares_d3_I1,120,5,4,640,0.009316700001363643,0.16710580000653863,0.007841200000257231,0.1842637000081595
641,chebyshev_d3_I1,481,9,2,641,0.009338499992736615,0.1670787999901222,0.007676000008359551,0.18409329999121837
642,least_squares_d5_I2,633,2,28,642,0.01249890000326559,0.21820549998665228,0.007624499994562939,0.2383288999844808
643,chebyshev_d5_I1,112,3,4,643,0.012445300002582371,0.21873849999974482,0.007791299998643808,0.238975100000971
644,chebyshev_d3_I1,589,4,25,644,0.009340200005681254,0.16850780000095256,0.0076905000023543835,0.1855385000089882
645,chebyshev_d5_I2,633,2,19,645,0.012405000001308508,0.21780030000081751,0.007668700010981411,0.23787400001310743
646,chebyshev_d5_I1,481,9,21,646,0.012459299992769957,0.220880799999577,0.007890900000347756,0.2412309999926947
647,chebyshev_d5_I1,633,2,25,647,0.012495799994212575,0.21875960000033956,0.0077157999912742525,0.2389711999858264
648,least_squares_d3_I1,949,1,7,648,0.009387900005094707,0.16928689999622293,0.007737300009466708,0.18641210001078434
649,least_squares_d5_I2,633,2,12,649,0.012606999996933155,0.21938180000870489,0.00781779999670107,0.2398066000023391
650,least_squares_d5_I1,411,7,14,650,0.012491500005126,0.22006549999059644,0.007771900010993704,0.24032890000671614
651,chebyshev_d3_I1,112,3,15,651,0.009385400000610389,0.16724020001129247,0.007645699995919131,0.184271300007822
652,chebyshev_d3_I1,603,8,12,652,0.009437100001377985,0.16631809998943936,0.007739699998637661,0.183494899989455
653,least_squares_d3_I1,586,0,2,653,0.009388299993588589,0.16766989999450743,0.0077560000063385814,0.1848141999944346
654,least_squares_d5_I2,586,0,18,654,0.012506699989899062,0.21922660000564065,0.007845999993151054,0.23957929998869076
655,least_squares_d5_I1,120,5,12,655,0.01241870000376366,0.21740509998926427,0.007981600007042289,0.23780540000007022
656,chebyshev_d5_I2,949,1,16,656,0.012521800003014505,0.22096510000119451,0.007726999989245087,0.2412138999934541
657,least_squares_d3_I1,411,7,18,657,0.009594600007403642,0.1685018999996828,0.007779399995342828,0.18587590000242926
658,least_squares_d3_I1,633,2,10,658,0.009543899999698624,0.168981500013615,0.007759999993140809,0.18628540000645444
659,chebyshev_d5_I1,411,7,26,659,0.012411499992595054,0.21983249999175314,0.008304100003442727,0.24054809998779092
660,least_squares_d5_I1,411,7,28,660,0.012352100005955435,0.22134709999954794,0.007938000009744428,0.2416372000152478
661,chebyshev_d3_I1,603,8,5,661,0.009461399997235276,0.1675732000003336,0.007637799993972294,0.18467239999154117
662,least_squares_d5_I1,411,7,6,662,0.012267700003576465,0.22203749998880085,0.007857599994167686,0.242162799986545
663,least_squares_d5_I2,949,1,29,663,0.012515799986431375,0.21884240000508726,0.007733499995083548,0.23909169998660218
664,chebyshev_d5_I2,589,4,13,664,0.012590500002261251,0.22105930000543594,0.007930699997814372,0.24158050000551157
665,least_squares_d5_I2,120,5,10,665,0.012520699994638562,0.21950920000381302,0.00807389999681618,0.24010379999526776
666,least_squares_d3_I1,586,0,7,666,0.009624799989978783,0.1689219999971101,0.008154199997079559,0.18670099998416845
667,least_squares_d5_I2,259,6,13,667,0.012510899992776103,0.2189764000067953,0.007886799998232163,0.23937409999780357
668,chebyshev_d5_I1,949,1,16,668,0.012628199998289347,0.22492740000598133,0.007898799987742677,0.24545439999201335
669,chebyshev_d5_I1,481,9,23,669,0.012771000008797273,0.22206939999887254,0.007839300000341609,0.24267970000801142
670,least_squares_d3_I1,112,3,14,670,0.009506200003670529,0.16885039999033324,0.007640899988473393,0.18599749998247717
671,least_squares_d3_I1,586,0,1,671,0.009378699993249029,0.16870330000529066,0.007719100001850165,0.18580110000038985
672,chebyshev_d5_I2,633,2,3,672,0.012518999996245839,0.22302099999797065,0.007841899991035461,0.24338189998525195
673,least_squares_d5_I2,949,1,25,673,0.01265659999626223,0.22031459999561775,0.007841699989512563,0.24081289998139255
674,chebyshev_d5_I2,259,6,18,674,0.012529699990409426,0.2200918000016827,0.007780200001434423,0.24040169999352656
675,least_squares_d5_I2,949,1,2,675,0.012609400000656024,0.22016169999551494,0.007818500002031215,0.24058959999820217
676,chebyshev_d3_I1,112,3,11,676,0.009360299998661503,0.1671864999952959,0.007673500003875233,0.18422029999783263
677,least_squares_d5_I1,586,0,8,677,0.012392500007990748,0.21962319999875035,0.007687300007091835,0.23970300001383293
678,chebyshev_d5_I1,112,3,3,678,0.012485600003856234,0.21919999999227002,0.007747800002107397,0.23943339999823365
679,least_squares_d5_I2,112,3,25,679,0.012520499993115664,0.21778320000157692,0.007708500008448027,0.2380122000031406
680,chebyshev_d5_I2,949,1,29,680,0.012488499996834435,0.21782320000056643,0.007742399990092963,0.23805409998749383
681,chebyshev_d5_I2,586,0,15,681,0.012476400006562471,0.21852429999853484,0.007804599998053163,0.23880530000315048
682,least_squares_d3_I1,603,8,15,682,0.009412200000951998,0.16716090000409167,0.007664299992029555,0.18423739999707323
683,least_squares_d5_I2,259,6,14,683,0.012662499997531995,0.2176303000014741,0.0077960000053280964,0.2380888000043342
684,chebyshev_d5_I1,589,4,12,684,0.012477699987357482,0.21785209998779465,0.007777500009979121,0.23810729998513125
685,chebyshev_d3_I1,120,5,18,685,0.009329799999250099,0.16704780000145547,0.007723799993982539,0.1841013999946881
686,chebyshev_d5_I1,481,9,16,686,0.012415299992426299,0.21719349999330007,0.00764579999668058,0.23725459998240694
687,chebyshev_d5_I2,949,1,19,687,0.01267799999914132,0.21791740000480786,0.0076606999937212095,0.2382560999976704
688,chebyshev_d5_I1,589,4,8,688,0.012365099988528527,0.22983190001104958,0.008543499992811121,0.25074049999238923
689,least_squares_d3_I1,112,3,11,689,0.009997500004828908,0.16978369999560528,0.007843899991712533,0.18762509999214672
690,chebyshev_d3_I1,411,7,0,690,0.009483000001637265,0.16944040000089444,0.007789800001773983,0.1867132000043057
691,least_squares_d5_I1,481,9,26,691,0.0126528000109829,0.2206331999914255,0.00782130000879988,0.24110730001120828
692,least_squares_d5_I1,603,8,25,692,0.012628500000573695,0.2205895000079181,0.007833499999833293,0.2410515000083251
693,chebyshev_d3_I1,411,7,5,693,0.009396200010087341,0.16820549999829382,0.007801500003552064,0.18540320001193322
694,chebyshev_d5_I1,589,4,17,694,0.012745800006086938,0.2198145000002114,0.007734299986623228,0.24029459999292158
695,least_squares_d5_I2,120,5,18,695,0.01260319999710191,0.21904389999690466,0.00805860001128167,0.23970570000528824
696,least_squares_d3_I1,589,4,1,696,0.009366300000692718,0.16659219999564812,0.007725600007688627,0.18368410000402946
697,chebyshev_d5_I2,633,2,12,697,0.012472700007492676,0.22002429999702144,0.0077492999989772215,0.24024630000349134
698,least_squares_d5_I1,411,7,23,698,0.012591000006068498,0.22022149999975227,0.007774099998641759,0.24058660000446253
699,least_squares_d5_I1,586,0,1,699,0.012450100010028109,0.2171678000013344,0.007893000001786277,0.23751090001314878
700,chebyshev_d3_I1,589,4,0,700,0.010076499995193444,0.17042070000024978,0.007683399991947226,0.18818059998739045
701,chebyshev_d5_I2,112,3,17,701,0.012462699989555404,0.21869090000109281,0.007721999994828366,0.23887559998547658
702,least_squares_d3_I1,259,6,21,702,0.009357600007206202,0.16591420001350343,0.007678199996007606,0.18295000001671724
703,chebyshev_d5_I1,633,2,22,703,0.012331499994616024,0.21748579999257345,0.007857000004150905,0.23767429999134038
704,chebyshev_d5_I2,603,8,23,704,0.01265080001030583,0.22042810000129975,0.007744800008367747,0.24082370001997333
705,least_squares_d5_I1,603,8,16,705,0.012695000012172386,0.21960899999248795,0.007924499994260259,0.2402284999989206
706,least_squares_d5_I1,120,5,15,706,0.012804199999663979,0.21907899998768698,0.00770360000024084,0.2395867999875918
707,chebyshev_d5_I1,586,0,5,707,0.012367899995297194,0.21946659999957774,0.007717900007264689,0.23955240000213962
708,least_squares_d5_I2,589,4,21,708,0.012436100005288608,0.21916219999548048,0.008076600002823398,0.23967490000359248
709,chebyshev_d3_I1,120,5,10,709,0.009361699994769879,0.1661069999972824,0.007810600000084378,0.18327929999213666
710,chebyshev_d5_I2,586,0,22,710,0.012442000006558374,0.21801380001124926,0.007943800010252744,0.23839960002806038
711,least_squares_d5_I2,586,0,13,711,0.012587600009283051,0.21854909999819938,0.007756799997878261,0.2388935000053607
712,least_squares_d5_I1,949,1,5,712,0.012391800002660602,0.21995630000310484,0.007976699998835102,0.24032480000460055
713,chebyshev_d3_I1,481,9,19,713,0.0093578000087291,0.16706429999612737,0.00781999999890104,0.18424210000375751
714,chebyshev_d3_I1,589,4,11,714,0.009924300000420772,0.17297590000089258,0.007797800004482269,0.19069800000579562
715,chebyshev_d5_I2,481,9,19,715,0.01287080001202412,0.22289030000683852,0.00781690000439994,0.24357800002326258
716,least_squares_d5_I2,949,1,0,716,0.012543700009700842,0.22069719999853987,0.007802600011928007,0.24104350002016872
717,chebyshev_d3_I1,603,8,3,717,0.009604100006981753,0.16819529999338556,0.007764800000586547,0.18556420000095386
718,chebyshev_d3_I1,633,2,24,718,0.009349200001452118,0.16758609999669716,0.007769399991957471,0.18470469999010675
719,least_squares_d5_I2,633,2,9,719,0.012546500001917593,0.21834899998793844,0.007830099988495931,0.23872559997835197
720,chebyshev_d5_I1,112,3,24,720,0.0125454999943031,0.2205960999999661,0.00798429999849759,0.2411258999927668
721,least_squares_d3_I1,589,4,9,721,0.009364300000015646,0.16766140000254381,0.007780300002195872,0.18480600000475533
722,chebyshev_d5_I1,411,7,3,722,0.012308000004850328,0.22047450000536628,0.007775499994750135,0.24055800000496674
723,chebyshev_d5_I2,586,0,17,723,0.012930700002470985,0.21990599999844562,0.007904499987489544,0.24074119998840615
724,chebyshev_d3_I1,586,0,25,724,0.009632200002670288,0.1685594000009587,0.007947799997054972,0.18613940000068396
725,least_squares_d3_I1,259,6,22,725,0.009473300000536256,0.1678257999883499,0.007861999998567626,0.18516109998745378
726,chebyshev_d3_I1,120,5,7,726,0.01359599998977501,0.17984560001059435,0.007887700005085208,0.20132930000545457
727,chebyshev_d3_I1,411,7,1,727,0.009472400008235127,0.1685260000085691,0.007776300000841729,0.18577470001764596
728,least_squares_d3_I1,603,8,9,728,0.009514100005617365,0.16920220000611152,0.007782400003634393,0.18649870001536328
729,least_squares_d5_I1,481,9,19,729,0.012495600007241592,0.22879810001177248,0.0077006999927107245,0.2489944000117248
730,least_squares_d3_I1,589,4,12,730,0.009771600001840852,0.16996780000044964,0.007767399991280399,0.1875067999935709
731,least_squares_d5_I1,112,3,29,731,0.012540500014438294,0.22704569999768864,0.007653399996343069,0.24723960000847
732,least_squares_d3_I1,120,5,13,732,0.00950379999994766,0.1660803999984637,0.007673699990846217,0.18325789998925757
733,least_squares_d3_I1,603,8,25,733,0.009334999995189719,0.1654160000034608,0.00765769999998156,0.18240869999863207
734,chebyshev_d5_I2,589,4,11,734,0.012455499992938712,0.21706700000504497,0.007646199999726377,0.23716869999771006
735,least_squares_d5_I2,481,9,22,735,0.012611400001333095,0.2157630000001518,0.00786659998993855,0.23624099999142345
736,least_squares_d5_I2,949,1,13,736,0.012359999993350357,0.21688990000984631,0.007854900002712384,0.23710480000590906
737,least_squares_d3_I1,411,7,29,737,0.009275799995521083,0.16496470000129193,0.007644700002856553,0.18188519999966957
738,least_squares_d5_I1,120,5,13,738,0.012338600005023181,0.21738170000026003,0.007703299997956492,0.2374236000032397
739,chebyshev_d5_I1,633,2,2,739,0.012530100008007139,0.2164679999987129,0.007653500011656433,0.23665160001837648
740,chebyshev_d3_I1,586,0,9,740,0.009548400004860014,0.16919470000721049,0.007656100002350286,0.18639920001442079
741,least_squares_d3_I1,949,1,1,741,0.009391200001118705,0.16681510000489652,0.007607200008351356,0.18381350001436658
742,least_squares_d5_I2,949,1,10,742,0.012459099991247058,0.2201777000009315,0.007736800005659461,0.24037359999783803
743,chebyshev_d5_I1,603,8,12,743,0.012498399999458343,0.216964299994288,0.00806590000865981,0.23752860000240617
744,chebyshev_d5_I1,589,4,16,744,0.01246240000182297,0.22017960000084713,0.007660500006750226,0.24030250000942033
745,least_squares_d5_I2,949,1,21,745,0.012338100001215935,0.2178903000021819,0.007815799996023998,0.23804419999942183
746,chebyshev_d3_I1,633,2,9,746,0.009303600003477186,0.1683195999939926,0.00786879999213852,0.1854919999896083
747,chebyshev_d5_I2,259,6,4,747,0.012815599999157712,0.21891180000966415,0.007722599999397062,0.23945000000821892
748,least_squares_d5_I2,411,7,27,748,0.012394199991831556,0.21928330000082497,0.008096699995803647,0.23977419998846017
749,least_squares_d5_I2,112,3,22,749,0.012416899990057573,0.21826929999224376,0.007710299993050285,0.23839649997535162
750,chebyshev_d3_I1,259,6,3,750,0.009521300002234057,0.16981189999205526,0.007855000003473833,0.18718819999776315
751,chebyshev_d5_I2,411,7,28,751,0.012703300002613105,0.21917180001037195,0.007790899995598011,0.23966600000858307
752,least_squares_d3_I1,120,5,5,752,0.009315700008301064,0.16724000000976957,0.007766299997456372,0.184322000015527
753,chebyshev_d5_I2,112,3,7,753,0.012305600001127459,0.21686410000256728,0.007807800007867627,0.23697750001156237
754,chebyshev_d3_I1,949,1,15,754,0.009309100001701154,0.1670728000026429,0.007867899999837391,0.18424980000418145
755,chebyshev_d5_I1,949,1,9,755,0.012413900010869838,0.21828249999089167,0.007821999999578111,0.23851840000133961
756,least_squares_d5_I1,586,0,6,756,0.012496099996496923,0.22122659999877214,0.008022999987588264,0.24174569998285733
757,chebyshev_d3_I1,586,0,17,757,0.009338399991975166,0.16787590000603814,0.007663199998205528,0.18487749999621883
758,chebyshev_d5_I2,112,3,10,758,0.012402199994539842,0.2191783000016585,0.0077092999999877065,0.23928979999618605
759,chebyshev_d5_I2,589,4,8,759,0.012448699999367818,0.21697170000697952,0.007666700010304339,0.23708710001665168
760,chebyshev_d5_I2,949,1,24,760,0.012595000007422641,0.21817780000856146,0.007860099998652004,0.2386329000146361
761,least_squares_d3_I1,633,2,5,761,0.009435200001462363,0.16873650001070928,0.00785100000211969,0.18602270001429133
762,chebyshev_d5_I1,589,4,29,762,0.012674400000832975,0.22152989999449346,0.0077425000054063275,0.24194680000073276
763,least_squares_d5_I1,633,2,16,763,0.012368199997581542,0.21871689999534283,0.0078104999993229285,0.2388955999922473
764,chebyshev_d5_I1,481,9,12,764,0.012452099996153265,0.2196980999869993,0.010469600005308166,0.24261979998846073
765,least_squares_d5_I2,589,4,2,765,0.013927799998782575,0.2159386999992421,0.007891100001870655,0.23775759999989532
766,least_squares_d3_I1,259,6,26,766,0.009261899991543032,0.1662112000049092,0.0077342000004136935,0.1832072999968659
767,least_squares_d5_I1,589,4,6,767,0.012434600008418784,0.21627129999978933,0.0077234000054886565,0.23642930001369677
768,least_squares_d5_I2,633,2,7,768,0.012366499999188818,0.21946209999441635,0.007871900001191534,0.2397004999947967
769,chebyshev_d5_I1,949,1,17,769,0.012453900009859353,0.21891650000179652,0.00775759998941794,0.23912800000107381
770,chebyshev_d5_I2,633,2,8,770,0.012369800009764731,0.22258130001137033,0.007779600011417642,0.2427307000325527
771,least_squares_d5_I2,120,5,6,771,0.01261740000336431,0.21872499999881256,0.0076942000014241785,0.23903660000360105
772,least_squares_d3_I1,589,4,18,772,0.009342799996375106,0.16909019999729935,0.007775499994750135,0.1862084999884246
773,least_squares_d5_I1,259,6,23,773,0.012585100004798733,0.21744130000297446,0.007739799999399111,0.2377662000071723
774,chebyshev_d5_I2,481,9,29,774,0.012634200000320561,0.21797199999855366,0.007704799994826317,0.23831099999370053
775,chebyshev_d5_I1,586,0,15,775,0.012632400001166388,0.21758309999131598,0.007654000000911765,0.23786949999339413
776,chebyshev_d3_I1,411,7,22,776,0.00939940000534989,0.16890440000861418,0.007643300006748177,0.18594710002071224
777,least_squares_d5_I2,411,7,6,777,0.012265799989108928,0.21783670000149868,0.007831599999917671,0.23793409999052528
778,least_squares_d5_I2,589,4,15,778,0.012464100000215694,0.21807269999408163,0.007766399998217821,0.23830319999251515
779,chebyshev_d5_I1,949,1,11,779,0.012529100000392646,0.21729770000092685,0.0077133000013418496,0.23754010000266135
780,least_squares_d5_I2,589,4,23,780,0.012512100001913495,0.22065889999794308,0.007880500008468516,0.2410515000083251
781,least_squares_d5_I1,112,3,25,781,0.012426699991920032,0.21854570000141393,0.007760099993902259,0.23873249998723622
782,least_squares_d3_I1,481,9,22,782,0.009412800005520694,0.16968189999170136,0.00792219999129884,0.1870168999885209
783,least_squares_d5_I1,259,6,18,783,0.013137100002495572,0.22181849999469705,0.007765399990603328,0.24272099998779595
784,chebyshev_d5_I2,949,1,28,784,0.012498600000981241,0.21969529999478254,0.007770700001856312,0.2399645999976201
785,chebyshev_d5_I1,586,0,7,785,0.012461899998015724,0.21944250000524335,0.007787299997289665,0.23969170000054874
786,chebyshev_d5_I1,259,6,2,786,0.012757799995597452,0.2197803000017302,0.007866399988415651,0.24040449998574331
787,least_squares_d5_I2,949,1,20,787,0.012647700001252815,0.21943599999940488,0.007800199993653223,0.23988389999431092
788,least_squares_d5_I1,112,3,20,788,0.012514999994891696,0.22006190000684,0.00784869999915827,0.24042560000088997
789,chebyshev_d3_I1,603,8,7,789,0.009414600004674867,0.16646110000147019,0.007718799999565817,0.18359450000571087
790,least_squares_d5_I2,259,6,22,790,0.012415899996994995,0.21985189999395516,0.0076871000055689365,0.2399548999965191
791,chebyshev_d3_I1,633,2,5,791,0.009493899997323751,0.165966100001242,0.007754999998724088,0.18321499999728985
792,chebyshev_d3_I1,411,7,19,792,0.009349500003736466,0.1681047000020044,0.007783699998981319,0.18523790000472218
793,least_squares_d5_I2,603,8,3,793,0.01250929999514483,0.22006730000430252,0.00783630000660196,0.2404129000060493
794,least_squares_d5_I2,586,0,2,794,0.012520599993877113,0.22099580000212882,0.007719699991866946,0.24123609998787288
795,chebyshev_d3_I1,481,9,0,795,0.009445000003324822,0.1681384999974398,0.00787980000313837,0.185463300003903
796,least_squares_d3_I1,589,4,22,796,0.009412300001713447,0.16844969999510795,0.007934900000691414,0.1857968999975128
797,least_squares_d5_I1,949,1,22,797,0.012662799999816343,0.2200540999911027,0.007832899995264597,0.24054979998618364
798,least_squares_d5_I2,481,9,1,798,0.012724400003207847,0.22052569998777471,0.0078125,0.24106259999098256
799,chebyshev_d5_I2,633,2,9,799,0.012478899996494874,0.22466619999613613,0.007791099997120909,0.2449361999897519
800,least_squares_d3_I1,411,7,4,800,0.010068999996292405,0.1698614000051748,0.007770600001094863,0.18770100000256207
801,chebyshev_d5_I2,259,6,9,801,0.012483500002417713,0.21907520000240766,0.007812299998477101,0.23937100000330247
802,least_squares_d5_I1,259,6,20,802,0.012337300009676255,0.22169079999730457,0.007796500009135343,0.24182460001611616
803,least_squares_d3_I1,589,4,27,803,0.009427600001799874,0.1676100999902701,0.0078071000025374815,0.18484479999460746
804,chebyshev_d5_I2,949,1,23,804,0.012605599986272864,0.2212814999948023,0.0077634000044781715,0.24165049998555332
805,chebyshev_d5_I2,589,4,4,805,0.012495499991928227,0.21973339999385644,0.007715999992797151,0.23994489997858182
806,chebyshev_d5_I2,112,3,5,806,0.01242389999970328,0.2186881999950856,0.007851500005926937,0.23896360000071581
807,least_squares_d5_I2,633,2,14,807,0.012734799995087087,0.22082370000134688,0.00781480000296142,0.24137329999939539
808,least_squares_d5_I2,259,6,20,808,0.012818700008210726,0.21898890000011306,0.007751299999654293,0.23955890000797808
809,least_squares_d5_I2,112,3,28,809,0.012456800002837554,0.2187679000053322,0.007786000001942739,0.2390107000101125
810,chebyshev_d5_I2,481,9,12,810,0.012582399998791516,0.2188565000105882,0.007708200006163679,0.2391471000155434
811,chebyshev_d5_I1,603,8,20,811,0.01238480000756681,0.21784319999278523,0.007702399991103448,0.2379303999914555
812,chebyshev_d5_I2,633,2,10,812,0.012319000001298264,0.21698889999242965,0.007777699996950105,0.23708559999067802
813,least_squares_d5_I1,603,8,0,813,0.012439800004358403,0.21614769998996053,0.0076437000097939745,0.2362312000041129
814,least_squares_d5_I2,949,1,19,814,0.0126476999867009,0.2171911000041291,0.007715300002018921,0.23755409999284893
815,least_squares_d3_I1,259,6,10,815,0.009349700005259365,0.16856810000899713,0.007773399993311614,0.1856912000075681
816,chebyshev_d5_I2,949,1,3,816,0.01260539999930188,0.22124129999428988,0.007862300000851974,0.24170899999444373
817,chebyshev_d5_I2,120,5,9,817,0.01260990000446327,0.2191538000042783,0.007755099999485537,0.23951880000822712
818,chebyshev_d3_I1,589,4,23,818,0.009589799999957904,0.1697686999978032,0.007883600002969615,0.18724210000073072
819,least_squares_d5_I2,949,1,18,819,0.012654799997108057,0.22212779999244958,0.007806599998730235,0.24258919998828787
820,least_squares_d5_I2,633,2,3,820,0.01265649999550078,0.22074619999330025,0.007828600006178021,0.24123129999497905
821,chebyshev_d5_I2,411,7,10,821,0.012512000001152046,0.22030819999054074,0.007917800001450814,0.2407379999931436
822,chebyshev_d5_I2,411,7,3,822,0.012568100006319582,0.22207619999244343,0.00787980000313837,0.2425241000019014
823,chebyshev_d3_I1,259,6,14,823,0.009510799995041452,0.16866729999310337,0.007831799986888655,0.18600989997503348
824,chebyshev_d5_I2,481,9,0,824,0.012454700001399033,0.22029420000035316,0.007795600002282299,0.2405445000040345
825,least_squares_d3_I1,589,4,4,825,0.009465900002396666,0.16772939999646042,0.007663000011234544,0.18485830001009163
826,chebyshev_d3_I1,949,1,26,826,0.009362100012367591,0.1735387999942759,0.007804799999576062,0.19070570000621956
827,least_squares_d3_I1,633,2,27,827,0.0096244000014849,0.17001619999064133,0.007856700001866557,0.18749729999399278
828,chebyshev_d5_I1,481,9,15,828,0.01247450000664685,0.22278270000242628,0.007797300000675023,0.24305450000974815
829,least_squares_d5_I1,259,6,28,829,0.012891000005765818,0.22308060000068508,0.007831299997633323,0.24380290000408422
830,least_squares_d5_I1,603,8,4,830,0.012856399989686906,0.21871870000904892,0.007761100001516752,0.23933620000025257
831,least_squares_d5_I1,259,6,4,831,0.012359200001810677,0.2170812999975169,0.007780100000672974,0.23722060000000056
832,chebyshev_d3_I1,586,0,8,832,0.009351700005936436,0.16832320000685286,0.007658600006834604,0.1853335000196239
833,least_squares_d5_I2,481,9,20,833,0.01252849999582395,0.21680999999807682,0.007639100003871135,0.2369775999977719
834,least_squares_d5_I2,603,8,5,834,0.01245740000740625,0.21722890000091866,0.007719500004895963,0.23740580001322087
835,chebyshev_d3_I1,633,2,22,835,0.009367599996039644,0.16498879999562632,0.00761840000632219,0.18197479999798816
836,least_squares_d5_I1,586,0,18,836,0.012386000002152286,0.2185128999990411,0.00769620000210125,0.23859510000329465
837,chebyshev_d3_I1,633,2,7,837,0.009308600012445822,0.16676820001157466,0.007788500006427057,0.18386530003044754
838,least_squares_d5_I2,586,0,19,838,0.012402100008330308,0.2180872999888379,0.007869099994422868,0.2383584999915911
839,least_squares_d3_I1,633,2,21,839,0.00943629999528639,0.16640229999029543,0.007726200012257323,0.18356479999783915
840,chebyshev_d5_I2,112,3,2,840,0.012519199997768737,0.21808959999179933,0.0077664999989792705,0.23837529998854734
841,chebyshev_d5_I2,603,8,0,841,0.013168700010282919,0.21797159999550786,0.008031299992580898,0.23917159999837168
842,least_squares_d5_I1,120,5,3,842,0.012567300000227988,0.22020229999907315,0.007662099989829585,0.24043169998913072
843,least_squares_d5_I1,259,6,15,843,0.01246549999632407,0.217538600001717,0.007651799998711795,0.23765589999675285
844,least_squares_d5_I1,411,7,0,844,0.012431099996319972,0.21989889998803847,0.007752899997285567,0.240082899981644
845,least_squares_d3_I1,633,2,1,845,0.009317399992141873,0.16665740001189988,0.00777909999305848,0.18375389999710023
846,chebyshev_d5_I2,481,9,6,846,0.012558899994473904,0.2183521999977529,0.007687300007091835,0.23859839999931864
847,chebyshev_d5_I1,112,3,5,847,0.012301700000534765,0.2197806999902241,0.007854900002712384,0.23993729999347124
848,chebyshev_d3_I1,603,8,28,848,0.009395900007802993,0.16907229999196716,0.00783699999738019,0.18630519999715034
849,chebyshev_d5_I1,589,4,11,849,0.012556100002257153,0.2190643999929307,0.007867600012104958,0.23948810000729281
850,least_squares_d5_I1,949,1,15,850,0.012628500000573695,0.22079910000320524,0.0077929000108269975,0.24122050001460593
851,chebyshev_d5_I2,481,9,7,851,0.012367599993012846,0.21839239999826532,0.007871399997384287,0.23863139998866245
852,least_squares_d5_I1,586,0,9,852,0.012452599999960512,0.2222427999950014,0.007903099991381168,0.24259849998634309
853,chebyshev_d5_I1,633,2,23,853,0.01272169999720063,0.22414390000631101,0.007705099997110665,0.2445707000006223
854,chebyshev_d5_I2,603,8,20,854,0.012297499997657724,0.2199281999928644,0.007695399996009655,0.23992109998653177
855,least_squares_d5_I1,411,7,29,855,0.012273000000277534,0.21950880000076722,0.007688600002438761,0.23947040000348352
856,chebyshev_d3_I1,586,0,10,856,0.009329799999250099,0.16900880000321195,0.00778580000041984,0.18612440000288188
857,least_squares_d5_I1,481,9,20,857,0.012563600001158193,0.2205446000007214,0.007695799999055453,0.24080400000093505
858,least_squares_d5_I2,259,6,7,858,0.012399899991578422,0.22072759999718983,0.007761700006085448,0.2408891999948537
859,least_squares_d5_I2,633,2,19,859,0.012688200004049577,0.21919119999802206,0.007685000004130416,0.23956440000620205
860,least_squares_d5_I2,481,9,29,860,0.012626399999135174,0.2203711000038311,0.008172400004696101,0.24116990000766236
861,chebyshev_d5_I1,633,2,4,861,0.012606200005393475,0.2179236999945715,0.007794200006173924,0.2383241000061389
862,least_squares_d5_I1,949,1,13,862,0.012293600011616945,0.2206651000014972,0.007691599996178411,0.24065030000929255
863,chebyshev_d5_I1,481,9,24,863,0.012862799994763918,0.2171325999952387,0.007716800013440661,0.23771220000344329
864,chebyshev_d3_I1,120,5,24,864,0.009330100001534447,0.1681492000061553,0.007800499995937571,0.18527980000362732
865,chebyshev_d5_I1,586,0,4,865,0.012841999996453524,0.21750179999799002,0.007730000012088567,0.2380738000065321
866,chebyshev_d5_I2,586,0,14,866,0.012497099989559501,0.21821039999485947,0.007893200003309175,0.23860069998772815
867,least_squares_d5_I1,589,4,10,867,0.012543000004370697,0.22008670000650454,0.007861800011596642,0.24049150002247188
868,least_squares_d5_I1,259,6,14,868,0.012671799995587207,0.2202592999965418,0.00768660000176169,0.2406176999938907
869,least_squares_d3_I1,411,7,1,869,0.009434499996132217,0.16792019999411423,0.007670899998629466,0.1850255999888759
870,least_squares_d5_I2,586,0,6,870,0.012331100006122142,0.2194446999928914,0.008256399989477359,0.2400321999884909
871,least_squares_d3_I1,603,8,23,871,0.009503499997663312,0.1683424999937415,0.007914300003903918,0.18576029999530874
872,least_squares_d5_I2,586,0,11,872,0.012690899995504878,0.22124660000554286,0.007829299996956252,0.241766799998004
873,chebyshev_d5_I1,259,6,21,873,0.012609000012162142,0.2195888999995077,0.00783989999035839,0.24003780000202823
874,least_squares_d3_I1,411,7,22,874,0.009545799999614246,0.16921240001101978,0.007912699991720729,0.18667090000235476
875,least_squares_d5_I2,411,7,17,875,0.012592200000653975,0.21983760000148322,0.00778060000448022,0.24021040000661742
876,chebyshev_d5_I1,603,8,16,876,0.012487500003771856,0.22100210000644438,0.0078096000070218,0.24129920001723804
877,least_squares_d5_I2,589,4,13,877,0.01262470000074245,0.21885040000779554,0.007662599993636832,0.23913770000217482
878,chebyshev_d3_I1,120,5,21,878,0.00939339998876676,0.1668394000007538,0.007861799997044727,0.1840945999865653
879,least_squares_d5_I2,481,9,26,879,0.01241870000376366,0.21893059999274556,0.007726700001512654,0.23907599999802187
880,chebyshev_d3_I1,120,5,5,880,0.009371799998916686,0.17567159999452997,0.007974099993589334,0.193017499987036
881,chebyshev_d3_I1,120,5,15,881,0.011008000001311302,0.16910520000965334,0.007923299999674782,0.18803650001063943
882,chebyshev_d5_I2,411,7,2,882,0.01252629999362398,0.22008070000447333,0.007891500004916452,0.24049850000301376
883,least_squares_d5_I1,481,9,6,883,0.012674899990088306,0.22017630000482313,0.007861000005505048,0.2407122000004165
884,least_squares_d5_I1,481,9,22,884,0.012497500007157214,0.22028080000018235,0.007867199994507246,0.2406455000018468
885,chebyshev_d5_I1,411,7,18,885,0.012732600007439032,0.22082119999686256,0.007773800010909326,0.24132760001521092
886,least_squares_d5_I1,411,7,4,886,0.012429700000211596,0.21961930001270957,0.007761999993817881,0.23981100000673905
887,chebyshev_d3_I1,112,3,13,887,0.00932969999848865,0.16591369999514427,0.007878899996285327,0.18312229998991825
888,chebyshev_d5_I2,120,5,18,888,0.012520000003860332,0.22000370000023395,0.007636800000909716,0.240160500005004
889,least_squares_d5_I1,949,1,9,889,0.012793100002454594,0.21790200000395998,0.007690900005400181,0.23838600001181476
890,chebyshev_d3_I1,949,1,0,890,0.009358900002553128,0.16930609999690205,0.007898399999248795,0.18656339999870397
891,least_squares_d3_I1,949,1,20,891,0.009511699987342581,0.1673511000117287,0.00819190000765957,0.18505470000673085
892,chebyshev_d5_I2,411,7,25,892,0.012843700009398162,0.21945079999568406,0.0076317999919410795,0.2399262999970233
893,chebyshev_d5_I1,112,3,0,893,0.012599900001077913,0.21956409999984317,0.007813699994585477,0.23997769999550655
894,least_squares_d3_I1,411,7,21,894,0.009382900010677986,0.16870720000588335,0.007848599998396821,0.18593870001495816
895,chebyshev_d5_I1,633,2,3,895,0.01244099999894388,0.2190199000033317,0.007625500002177432,0.23908640000445303
896,least_squares_d5_I1,481,9,13,896,0.012491200002841651,0.22092989999509882,0.007663099997444078,0.24108419999538455
897,least_squares_d5_I2,589,4,14,897,0.012396699996315874,0.21656390000134706,0.007749900003545918,0.23671050000120886
898,least_squares_d3_I1,259,6,9,898,0.009330199987743981,0.16760169999906793,0.007789199997205287,0.1847210999840172
899,chebyshev_d3_I1,259,6,23,899,0.009466099989367649,0.16812519999803044,0.007695399996009655,0.18528669998340774
900,least_squares_d5_I1,481,9,25,900,0.012522399993031286,0.21696679999877233,0.007691499995416962,0.23718069998722058
901,chebyshev_d5_I1,120,5,0,901,0.012356999999610707,0.21654380000836682,0.007924699995783158,0.23682550000376068
902,chebyshev_d5_I1,481,9,7,902,0.012347199997748248,0.21749239999917336,0.007751299999654293,0.2375908999965759
903,chebyshev_d3_I1,120,5,2,903,0.009314099996117875,0.1653602000005776,0.008133600000292063,0.18280789999698754
904,chebyshev_d5_I2,259,6,17,904,0.012356799998087808,0.22059359999548178,0.007772900004056282,0.24072329999762587
905,chebyshev_d5_I1,112,3,6,905,0.012725499997031875,0.22084960000938736,0.007772800003294833,0.24134790000971407
906,chebyshev_d5_I2,259,6,25,906,0.012357699990388937,0.22150719999626745,0.007799699989845976,0.24166459997650236
907,least_squares_d3_I1,120,5,25,907,0.009519200000795536,0.1678505000018049,0.007730299999821,0.18510000000242144
908,least_squares_d5_I2,120,5,25,908,0.012628299999050796,0.22061859999666922,0.007933799992315471,0.24118069998803549
909,least_squares_d5_I2,481,9,18,909,0.012611599988304079,0.2200410999939777,0.007761200002278201,0.24041389998455998
910,chebyshev_d3_I1,633,2,28,910,0.010028500008047558,0.16872220000368543,0.007782399989082478,0.18653310000081547
911,chebyshev_d3_I1,259,6,20,911,0.009526900001219474,0.1681786999979522,0.007840000005671754,0.18554560000484344
912,least_squares_d5_I1,481,9,5,912,0.012444699998013675,0.2201783000055002,0.007861099991714582,0.24048409999522846
913,chebyshev_d5_I1,481,9,0,913,0.012659899992286228,0.21981870000308845,0.007761500004562549,0.24024009999993723
914,least_squares_d3_I1,411,7,14,914,0.009754400001838803,0.16933210000570398,0.007829200010746717,0.1869157000182895
915,chebyshev_d5_I2,112,3,0,915,0.012526999998954125,0.21919649999472313,0.007880399993155152,0.2396038999868324
916,least_squares_d5_I2,481,9,17,916,0.012391299998853356,0.22245810000458732,0.007832299990695901,0.24268169999413658
917,least_squares_d5_I1,603,8,28,917,0.01255509999464266,0.21902079999563284,0.007968000005348586,0.2395438999956241
918,chebyshev_d5_I1,633,2,16,918,0.012560600007418543,0.2203585999959614,0.0077711000049021095,0.24069030000828207
919,least_squares_d5_I2,633,2,1,919,0.012529399988125078,0.22019619999628048,0.007844100007787347,0.2405696999921929
920,least_squares_d3_I1,259,6,20,920,0.009432599996216595,0.16843940000399016,0.00786869999137707,0.18574069999158382
921,chebyshev_d5_I2,949,1,17,921,0.012551199994049966,0.21958489999815356,0.007758199993986636,0.23989429998619016
922,chebyshev_d3_I1,633,2,10,922,0.009510200005024672,0.16833580000093207,0.007726399999228306,0.18557240000518505
923,least_squares_d3_I1,603,8,3,923,0.009454500002902932,0.16837490000762045,0.007862200000090525,0.1856916000106139
924,chebyshev_d5_I1,586,0,21,924,0.012480100005632266,0.221570999987307,0.007716699998127297,0.24176779999106657
925,chebyshev_d5_I1,120,5,28,925,0.012648499992792495,0.22026889999688137,0.007789399998728186,0.24070679998840205
926,chebyshev_d3_I1,633,2,23,926,0.00947920000180602,0.16852949999156408,0.007688500001677312,0.1856971999950474
927,least_squares_d5_I2,603,8,14,927,0.012500400000135414,0.21724999998696148,0.007716100008110516,0.23746649999520741
928,chebyshev_d3_I1,112,3,25,928,0.009593900002073497,0.16732900000351947,0.00772069999948144,0.1846436000050744
929,chebyshev_d3_I1,259,6,1,929,0.009474199992837384,0.17268659999535885,0.007744000002276152,0.18990479999047238
930,chebyshev_d5_I2,112,3,23,930,0.01257890000124462,0.22080979999736883,0.007905899998149835,0.24129459999676328
931,chebyshev_d3_I1,949,1,13,931,0.009427299999515526,0.16751939999812748,0.007673600004636683,0.1846203000022797
932,chebyshev_d5_I1,411,7,19,932,0.012412800002493896,0.21735190000617877,0.007697099994402379,0.23746180000307504
933,chebyshev_d5_I1,120,5,18,933,0.01240249999682419,0.21644169998762663,0.00766730000032112,0.23651149998477194
934,chebyshev_d5_I2,481,9,16,934,0.012420300001394935,0.2197158000053605,0.007756100007100031,0.23989220001385547
935,chebyshev_d5_I2,589,4,27,935,0.012426000001141801,0.217453100005514,0.007750799995847046,0.23762990000250284
936,least_squares_d5_I2,259,6,15,936,0.012386100002913736,0.2203416999982437,0.007815999997546896,0.24054379999870434
937,chebyshev_d3_I1,633,2,20,937,0.009378500006278045,0.16757060000963975,0.00800300000992138,0.18495210002583917
938,chebyshev_d5_I2,586,0,13,938,0.01263430000108201,0.22051850000570994,0.007745199996861629,0.24089800000365358
939,chebyshev_d5_I1,586,0,2,939,0.012313899991568178,0.2199832000042079,0.007871399997384287,0.24016849999316037
940,chebyshev_d5_I2,603,8,4,940,0.012778599993907847,0.2201727000065148,0.007716499996604398,0.24066779999702703
941,chebyshev_d3_I1,603,8,6,941,0.009410600003320724,0.16747539999778382,0.00772290000168141,0.18460890000278596
942,least_squares_d5_I1,586,0,25,942,0.012427699999534525,0.2193081000004895,0.007735600011073984,0.239471400011098
943,chebyshev_d5_I2,112,3,14,943,0.01241729999310337,0.21759889999520965,0.0077889000094728544,0.23780509999778587
944,chebyshev_d5_I2,633,2,6,944,0.01230609999038279,0.21932839999499265,0.007720100009464659,0.2393545999948401
945,chebyshev_d3_I1,586,0,23,945,0.009396900000865571,0.1689353999972809,0.007849000001442619,0.1861812999995891
946,chebyshev_d5_I1,481,9,14,946,0.012765300009050407,0.21989580000808928,0.007659699986106716,0.2403208000032464
947,chebyshev_d5_I2,120,5,27,947,0.012471499998355284,0.21881909998774063,0.007712299993727356,0.23900289997982327
948,least_squares_d5_I1,411,7,9,948,0.012751000002026558,0.22019860000000335,0.00765250000404194,0.24060210000607185
949,least_squares_d3_I1,589,4,19,949,0.009401800009072758,0.16541729999880772,0.0076277999905869365,0.18244689999846742
950,chebyshev_d3_I1,120,5,11,950,0.009357500006444752,0.1664932999992743,0.00765030000184197,0.18350110000756104
951,least_squares_d3_I1,586,0,16,951,0.009360600000945851,0.16967339999973774,0.007700500005739741,0.18673450000642333
952,least_squares_d3_I1,411,7,27,952,0.00937050000356976,0.16772589999891352,0.0077345000026980415,0.18483090000518132
953,least_squares_d3_I1,120,5,6,953,0.009317499992903322,0.16640950000146404,0.00776880000194069,0.18349579999630805
954,chebyshev_d5_I1,120,5,9,954,0.012328100012382492,0.218620200001169,0.00790880000567995,0.23885710001923144
955,chebyshev_d5_I1,949,1,28,955,0.012378299987176433,0.2227945000049658,0.008133199997246265,0.2433059999893885
956,least_squares_d5_I2,120,5,15,956,0.013564699998823926,0.2249798999982886,0.0076363999978639185,0.24618099999497645
957,chebyshev_d5_I2,411,7,20,957,0.012411299991072156,0.22133000000030734,0.007827099994756281,0.24156839998613577
958,chebyshev_d5_I1,259,6,19,958,0.01257729998906143,0.2193725999968592,0.007729799996013753,0.2396796999819344
959,least_squares_d5_I1,112,3,1,959,0.012528899998869747,0.21951500000432134,0.007819000005838461,0.23986290000902954
960,least_squares_d3_I1,586,0,18,960,0.00938670001050923,0.1701353999960702,0.007816899989848025,0.18733899999642745
961,chebyshev_d5_I2,259,6,7,961,0.01271670000278391,0.21928079999634065,0.007838600009563379,0.23983610000868794
962,least_squares_d5_I2,120,5,17,962,0.01263430000108201,0.22081440000329167,0.007917599999927916,0.2413663000043016
963,least_squares_d5_I2,259,6,6,963,0.012601800000993535,0.22025399999984074,0.007707800003117882,0.24056360000395216
964,least_squares_d5_I2,589,4,11,964,0.012281899995286949,0.21746189999976195,0.007755300001008436,0.23749909999605734
965,least_squares_d5_I2,949,1,23,965,0.012258500006282702,0.220951099996455,0.007930799998575822,0.24114040000131354
966,least_squares_d3_I1,120,5,23,966,0.00952089999918826,0.1690667999937432,0.007903500008978881,0.18649120000191033
967,least_squares_d3_I1,259,6,29,967,0.00950679999368731,0.16848760000721086,0.007811499992385507,0.18580589999328367
968,least_squares_d5_I1,949,1,20,968,0.01253730000462383,0.22099600000365172,0.007911200009402819,0.24144450001767837
969,chebyshev_d5_I1,481,9,26,969,0.012594400002853945,0.21953210000356194,0.007806699999491684,0.23993320000590757
970,chebyshev_d5_I1,259,6,17,970,0.01255959999980405,0.21945370000321418,0.007897199990111403,0.23991049999312963
971,least_squares_d5_I2,112,3,5,971,0.012515700000221841,0.21965690000797622,0.007780200001434423,0.23995280000963248
972,least_squares_d5_I2,120,5,1,972,0.012757700009387918,0.22020720000728033,0.007798000006005168,0.24076290002267342
973,chebyshev_d3_I1,120,5,6,973,0.009549299997161143,0.16802759999700356,0.0077788000053260475,0.18535569999949075
974,least_squares_d5_I2,411,7,16,974,0.01254769999650307,0.2206370999920182,0.008013500002562068,0.24119829999108333
975,chebyshev_d5_I1,589,4,1,975,0.012811100008548237,0.22041589999571443,0.007886699997470714,0.24111370000173338
976,chebyshev_d5_I1,586,0,20,976,0.012595300009706989,0.22091289999661967,0.007995699997991323,0.24150390000431798
977,chebyshev_d3_I1,586,0,3,977,0.009466999996220693,0.16836690000491217,0.007756800012430176,0.18559070001356304
978,least_squares_d5_I2,112,3,9,978,0.012513200010289438,0.22125419999065343,0.007698299988987856,0.24146569998993073
979,chebyshev_d5_I1,112,3,23,979,0.012340600005700253,0.21720239998830948,0.007775399993988685,0.23731839998799842
980,least_squares_d3_I1,481,9,5,980,0.00930289999814704,0.1686308999924222,0.007751699988148175,0.18568549997871742
981,chebyshev_d3_I1,259,6,25,981,0.009491000004345551,0.16923269999097101,0.007801199986715801,0.18652489998203237
982,chebyshev_d3_I1,112,3,17,982,0.009562800012645312,0.1686329000076512,0.007795900004566647,0.18599160002486315
983,chebyshev_d3_I1,120,5,23,983,0.009633199995732866,0.16848759999265894,0.007804499997291714,0.18592529998568352
984,chebyshev_d5_I1,481,9,9,984,0.012515299997176044,0.22042670000519138,0.00797779999265913,0.24091979999502655
985,least_squares_d5_I1,586,0,12,985,0.012812100001610816,0.22046479998971336,0.008070900003076531,0.2413477999944007
986,chebyshev_d3_I1,120,5,8,986,0.009528800001135096,0.16888029999972787,0.007739399996353313,0.18614849999721628
987,chebyshev_d3_I1,633,2,13,987,0.009270800001104362,0.166525399996317,0.007730799989076331,0.18352699998649769
988,chebyshev_d3_I1,481,9,18,988,0.009276800003135577,0.16582899999048095,0.00763399999414105,0.18273979998775758
989,chebyshev_d5_I2,949,1,6,989,0.012293200008571148,0.21740479998697992,0.007723800008534454,0.23742180000408553
990,least_squares_d5_I1,120,5,16,990,0.012461400008760393,0.21817349999037106,0.007776099999318831,0.23841099999845028
991,least_squares_d3_I1,633,2,8,991,0.009407799996552058,0.1661395000119228,0.007847200002288446,0.1833945000107633
992,least_squares_d5_I1,603,8,20,992,0.012676600003032945,0.22176969998690765,0.007997400010935962,0.24244370000087656
993,chebyshev_d5_I1,259,6,9,993,0.012833500004489906,0.22082649999356363,0.007757600003969856,0.2414176000020234
994,least_squares_d3_I1,259,6,5,994,0.009522599997580983,0.16881780000403523,0.007814199998392724,0.18615460000000894
995,chebyshev_d5_I1,120,5,11,995,0.012633999998797663,0.22094729999662377,0.0077375999971991405,0.24131889999262057
996,least_squares_d5_I2,112,3,16,996,0.01260099999490194,0.22378600000229198,0.007835399999748915,0.24422239999694284
997,least_squares_d5_I1,411,7,2,997,0.012385299996822141,0.21670799999265,0.007751600001938641,0.23684489999141078
998,chebyshev_d3_I1,586,0,24,998,0.009250300005078316,0.16742949999752454,0.007735199993476272,0.18441499999607913
999,chebyshev_d5_I2,120,5,25,999,0.012395600002491847,0.2180571999924723,0.007674399996176362,0.23812719999114051
1000,least_squares_d5_I2,603,8,15,1000,0.013012300012633204,0.21897080000780988,0.007699299996602349,0.23968240001704544
1001,least_squares_d3_I1,120,5,26,1001,0.009345099999336526,0.16882540000369772,0.00784659999771975,0.186017100000754
1002,least_squares_d5_I1,411,7,20,1002,0.012330900004599243,0.2198462000087602,0.007734900005743839,0.2399120000191033
1003,least_squares_d5_I2,259,6,5,1003,0.012344400005531497,0.21600080000644084,0.00767700000142213,0.23602220001339447
1004,least_squares_d5_I2,633,2,23,1004,0.012422899992088787,0.21761140000307932,0.007747599986032583,0.2377818999812007
1005,chebyshev_d5_I2,120,5,8,1005,0.012747500004479662,0.21672789999865927,0.007725000003119931,0.23720040000625886
1006,chebyshev_d3_I1,586,0,18,1006,0.009332799992989749,0.16831429999729153,0.007941899995785207,0.18558899998606648
1007,least_squares_d3_I1,603,8,27,1007,0.009434599996893667,0.16787639999529347,0.007852200011257082,0.18516320000344422
1008,least_squares_d5_I2,481,9,28,1008,0.012563500000396743,0.21810019999975339,0.0077523999934783205,0.23841609999362845
1009,chebyshev_d3_I1,481,9,9,1009,0.00948229999630712,0.1664147999981651,0.007753400001092814,0.18365049999556504
1010,chebyshev_d5_I2,589,4,23,1010,0.012497099989559501,0.2195034000033047,0.007773000004817732,0.23977349999768194
1011,chebyshev_d3_I1,589,4,12,1011,0.009433499988517724,0.16683289999491535,0.007787700000335462,0.18405409998376854
1012,chebyshev_d5_I1,120,5,6,1012,0.012530499996501021,0.2203841000009561,0.0077366999903460965,0.2406512999878032
1013,chebyshev_d3_I1,949,1,7,1013,0.00954309999360703,0.16755550001107622,0.007742900008452125,0.18484150001313537
1014,least_squares_d3_I1,481,9,14,1014,0.009560899998177774,0.16854469999088906,0.007773699995595962,0.1858792999846628
1015,chebyshev_d5_I2,589,4,9,1015,0.012626499999896623,0.22587629999907222,0.007759500003885478,0.24626230000285432
1016,chebyshev_d5_I2,481,9,20,1016,0.012865500000771135,0.22211349999997765,0.007728900003712624,0.2427079000044614
1017,chebyshev_d5_I1,112,3,2,1017,0.012520199990831316,0.22134689999802504,0.007972199993673712,0.24183929998253006
1018,chebyshev_d5_I2,120,5,14,1018,0.012689600000157952,0.22340969998913351,0.008056199993006885,0.24415549998229835
1019,least_squares_d3_I1,949,1,27,1019,0.009696299995994195,0.17001210000307765,0.00785469998663757,0.18756309998570941
1020,chebyshev_d5_I2,481,9,18,1020,0.01274340000236407,0.22587900000507943,0.010559100002865307,0.2491815000103088
1021,least_squares_d5_I1,586,0,4,1021,0.01275579999492038,0.22232030000304803,0.00784080001176335,0.24291690000973176
1022,chebyshev_d3_I1,633,2,8,1022,0.009424400006537326,0.1696844000107376,0.007829700000002049,0.18693850001727697
1023,chebyshev_d5_I2,481,9,14,1023,0.012457699995138682,0.22790729999542236,0.007849200002965517,0.24821419999352656
1024,least_squares_d3_I1,112,3,6,1024,0.009449199991649948,0.17102429999795277,0.007943199991132133,0.18841669998073485
1025,least_squares_d5_I2,586,0,29,1025,0.01292549999197945,0.22288929999922402,0.007755599988740869,0.24357039997994434
1026,least_squares_d5_I2,586,0,8,1026,0.012662499997531995,0.2234796999982791,0.007678900001337752,0.24382109999714885
1027,chebyshev_d5_I2,112,3,16,1027,0.01313300000037998,0.22977279999759048,0.008046900009503588,0.25095270000747405
1028,least_squares_d5_I1,589,4,29,1028,0.012541500007500872,0.22390710000763647,0.007698900008108467,0.2441475000232458
1029,chebyshev_d5_I2,586,0,1,1029,0.012540600000647828,0.22404059999098536,0.007983399991644546,0.24456459998327773
1030,least_squares_d5_I2,586,0,16,1030,0.012741300000925548,0.2227296000055503,0.007984700001543388,0.24345560000801925
1031,chebyshev_d3_I1,259,6,0,1031,0.009687700003269129,0.16917459999967832,0.007728199998382479,0.18659050000132993
1032,chebyshev_d3_I1,112,3,1,1032,0.009393800006364472,0.17010750000190455,0.007789499999489635,0.18729080000775866
1033,least_squares_d5_I2,411,7,2,1033,0.01259359999676235,0.2193624999927124,0.007755599988740869,0.23971169997821562
1034,chebyshev_d5_I2,112,3,20,1034,0.012508100000559352,0.23049610000452958,0.009917699993820861,0.2529218999989098
1035,least_squares_d5_I2,411,7,5,1035,0.01570789999095723,0.2550145999994129,0.008537699992302805,0.27926019998267293
1036,least_squares_d5_I2,589,4,6,1036,0.013748199999099597,0.25193030000082217,0.008698200006620027,0.2743767000065418
1037,chebyshev_d5_I2,586,0,5,1037,0.014153199997963384,0.25420299998950213,0.008815900000627153,0.27717209998809267
1038,least_squares_d3_I1,633,2,23,1038,0.010887599986745045,0.19841660000383854,0.00852070000837557,0.21782489999895915
1039,least_squares_d5_I2,949,1,16,1039,0.014070899997022934,0.24069649999728426,0.00856579998799134,0.26333319998229854
1040,chebyshev_d5_I1,112,3,17,1040,0.013862200008588843,0.2468076000077417,0.008445799991022795,0.26911560000735335
1041,least_squares_d3_I1,259,6,11,1041,0.010196799994446337,0.179836899988004,0.008052200006204657,0.198085899988655
1042,least_squares_d5_I2,586,0,0,1042,0.012990500006708317,0.2345828999968944,0.008328600000822917,0.25590200000442564
1043,least_squares_d5_I1,603,8,23,1043,0.013492800004314631,0.2359298000083072,0.008262600007583387,0.25768520002020523
1044,chebyshev_d5_I2,586,0,21,1044,0.012742399994749576,0.22725999999966007,0.008189800006221049,0.2481922000006307
1045,least_squares_d3_I1,259,6,1,1045,0.010724199994001538,0.17355809999571647,0.008483999990858138,0.19276629998057615
1046,chebyshev_d5_I2,586,0,12,1046,0.013095600006636232,0.2213311999948928,0.007792999997036532,0.24221979999856558
1047,least_squares_d3_I1,259,6,3,1047,0.009396599998581223,0.16721280000638217,0.007677500005229376,0.18428690001019277
1048,least_squares_d5_I1,633,2,22,1048,0.01232190000882838,0.2179995000042254,0.007703099996433593,0.23802450000948738
1049,chebyshev_d5_I2,411,7,12,1049,0.01239730000088457,0.2190940999862505,0.007669999991776422,0.2391613999789115
1050,least_squares_d5_I2,586,0,9,1050,0.012746799999149516,0.2187623999925563,0.007790599993313663,0.2392997999850195
1051,least_squares_d3_I1,120,5,3,1051,0.009508800008916296,0.16926029999740422,0.00779319999855943,0.18656230000487994
1052,chebyshev_d5_I1,411,7,7,1052,0.012516799994045869,0.2213596000074176,0.007864400002290495,0.24174080000375398
1053,least_squares_d5_I2,586,0,10,1053,0.012709699993138202,0.218610500000068,0.007777000006171875,0.23909719999937806
1054,chebyshev_d5_I1,603,8,26,1054,0.012712600000668317,0.22061309999844525,0.007904399986728095,0.24123009998584166
1055,chebyshev_d5_I2,603,8,19,1055,0.012527399987448007,0.21924520000175107,0.00782210000033956,0.23959469998953864
1056,least_squares_d5_I2,603,8,1,1056,0.012543599994387478,0.21987450000597164,0.00786659998993855,0.24028469999029767
1057,least_squares_d5_I1,949,1,28,1057,0.01247000000148546,0.21751890001178253,0.008398999998462386,0.23838790001173038
1058,chebyshev_d5_I1,949,1,8,1058,0.012845699995523319,0.2194788999913726,0.0077403999894158915,0.2400649999763118
1059,chebyshev_d5_I1,259,6,26,1059,0.012564899996505119,0.21787480000057258,0.008851599995978177,0.23929129999305587
1060,chebyshev_d5_I2,603,8,28,1060,0.012421400009770878,0.21783330000471324,0.007810000010067597,0.2380647000245517
1061,chebyshev_d3_I1,589,4,3,1061,0.009297500000684522,0.16889700001047458,0.007847500004572794,0.1860420000157319
1062,chebyshev_d5_I2,589,4,16,1062,0.012518399991677143,0.22051830000418704,0.007714999999734573,0.24075169999559876
1063,chebyshev_d3_I1,481,9,5,1063,0.009485400005360134,0.16830459999619052,0.007886099992902018,0.18567609999445267
1064,chebyshev_d3_I1,589,4,2,1064,0.00949640000180807,0.1684804999968037,0.007891299988841638,0.1858681999874534
1065,chebyshev_d5_I2,120,5,5,1065,0.012544899989734404,0.21937599999364465,0.0077234000054886565,0.23964429998886772
1066,chebyshev_d3_I1,589,4,19,1066,0.009362099997815676,0.16719880000164267,0.007649399994988926,0.18421029999444727
1067,least_squares_d5_I2,633,2,11,1067,0.012732500006677583,0.21878700000524987,0.007750999997369945,0.2392705000092974
1068,least_squares_d5_I2,411,7,21,1068,0.012331599995377474,0.21929179999278858,0.00801839999621734,0.2396417999843834
1069,least_squares_d3_I1,586,0,12,1069,0.009389400001964532,0.16833410000253934,0.007864100000006147,0.18558760000451002
1070,chebyshev_d5_I2,589,4,2,1070,0.01242410000122618,0.2889508000080241,0.008593499995185994,0.30996840000443626
1071,chebyshev_d5_I1,603,8,15,1071,0.013547499998821877,0.23747500000172295,0.007986800002981909,0.25900930000352673
1072,chebyshev_d5_I1,949,1,21,1072,0.013120100004016422,0.22573859999829438,0.007984799987752922,0.24684349999006372
1073,chebyshev_d3_I1,949,1,23,1073,0.009508699993602931,0.16804679999768268,0.007829199996194802,0.18538469998748042
1074,chebyshev_d3_I1,411,7,29,1074,0.009437300002900884,0.172351900007925,0.008142799997585826,0.1899320000084117
1075,least_squares_d3_I1,586,0,23,1075,0.009407200006535277,0.16491219999443274,0.007676799999899231,0.18199620000086725
1076,least_squares_d5_I1,633,2,10,1076,0.012523000012151897,0.2186657000129344,0.007819499995093793,0.23900820002018008
1077,least_squares_d5_I1,603,8,14,1077,0.012587200006237254,0.2218843000009656,0.007910800006357022,0.24238230001355987
1078,least_squares_d5_I2,259,6,4,1078,0.012535700006992556,0.21994989999802783,0.007893700007116422,0.2403793000121368
1079,chebyshev_d3_I1,586,0,11,1079,0.009407599995029159,0.16845159999502357,0.00786300000618212,0.18572219999623485
1080,chebyshev_d5_I1,586,0,6,1080,0.012486699997680262,0.22026580000238027,0.007782300002872944,0.24053480000293348
1081,chebyshev_d5_I2,481,9,1,1081,0.012623200003872626,0.22072539999498986,0.00787020000279881,0.2412188000016613
1082,least_squares_d5_I1,589,4,25,1082,0.012557200010633096,0.22371780000685249,0.00801540000247769,0.24429040001996327
1083,chebyshev_d5_I2,411,7,8,1083,0.012990200004423968,0.22382119999383576,0.00779030000558123,0.24460170000384096
1084,least_squares_d5_I1,633,2,19,1084,0.0123611000017263,0.2440840999915963,0.00859860000491608,0.2650437999982387
1085,chebyshev_d5_I1,589,4,4,1085,0.012905199997476302,0.22956379999232013,0.00789690000237897,0.2503658999921754
1086,least_squares_d3_I1,411,7,24,1086,0.00973639999574516,0.17641630000434816,0.008355099998880178,0.1945077999989735
1087,least_squares_d5_I2,411,7,3,1087,0.012796800001524389,0.22900219999428373,0.00827779999235645,0.25007679998816457
1088,chebyshev_d5_I2,120,5,29,1088,0.012949500000104308,0.2234247000014875,0.007720400011749007,0.24409460001334082
1089,chebyshev_d3_I1,411,7,7,1089,0.009514799996395595,0.16735570000309963,0.007783799999742769,0.184654299999238
1090,least_squares_d5_I2,112,3,3,1090,0.012693900003796443,0.2194318999972893,0.00789979999535717,0.2400255999964429
1091,chebyshev_d3_I1,112,3,3,1091,0.009273900010157377,0.1675456000084523,0.007808299997122958,0.18462780001573265
1092,chebyshev_d3_I1,120,5,0,1092,0.009502600005362183,0.1692728000052739,0.007680399998207577,0.18645580000884365
1093,chebyshev_d5_I1,120,5,14,1093,0.012401200001477264,0.21953299999586307,0.00773990000016056,0.2396740999975009
1094,least_squares_d5_I2,120,5,3,1094,0.012314200008404441,0.21889260000898503,0.007719300003373064,0.23892610002076253
1095,chebyshev_d3_I1,259,6,13,1095,0.009313800008385442,0.16517339998972602,0.007708599994657561,0.18219579999276903
1096,least_squares_d5_I1,633,2,21,1096,0.012323000002652407,0.22103830000560265,0.007685300006414764,0.24104660001466982
1097,least_squares_d5_I2,633,2,21,1097,0.012659800006076694,0.2203793999942718,0.00789459999941755,0.24093379999976605
1098,least_squares_d5_I2,603,8,19,1098,0.012425499997334555,0.21912009999505244,0.007775699996273033,0.23932129998866003
1099,least_squares_d3_I1,589,4,14,1099,0.00950740001280792,0.1664256999938516,0.007840000005671754,0.18377310001233127
1100,least_squares_d5_I1,633,2,1,1100,0.012889899997389875,0.22171179999713786,0.007727799995336682,0.24232949998986442
1101,least_squares_d5_I2,120,5,4,1101,0.01234699999622535,0.21755750000011176,0.0077563999948324636,0.23766089999116957
1102,chebyshev_d3_I1,603,8,2,1102,0.009632899993448518,0.16831059999822173,0.0077243000123417005,0.18566780000401195
1103,least_squares_d3_I1,120,5,29,1103,0.009383600001456216,0.16816230000404175,0.007692200000747107,0.18523810000624508
1104,chebyshev_d5_I2,586,0,0,1104,0.012417500009178184,0.2202711999998428,0.00793040001008194,0.24061910001910292
1105,least_squares_d3_I1,633,2,12,1105,0.009338699994259514,0.1662611000065226,0.007780400002957322,0.18338020000373945
1106,least_squares_d5_I1,120,5,2,1106,0.012395900004776195,0.21826480000163428,0.007748000003630295,0.23840870001004077
1107,chebyshev_d3_I1,949,1,3,1107,0.009382800009916537,0.16623750000144355,0.007830899994587526,0.1834512000059476
1108,chebyshev_d5_I1,589,4,14,1108,0.012435099997674115,0.21906350000062957,0.007715100000496022,0.2392136999987997
1109,least_squares_d5_I2,481,9,10,1109,0.01261279999744147,0.22017739999864716,0.007832400006009266,0.2406226000020979
1110,least_squares_d5_I2,589,4,26,1110,0.012588099998538382,0.2210713999957079,0.007805700006429106,0.2414652000006754
1111,least_squares_d3_I1,603,8,6,1111,0.00957550000748597,0.16866109998954926,0.007852700000512414,0.18608929999754764
1112,least_squares_d5_I2,949,1,1,1112,0.012710099996183999,0.22019310000177938,0.007853599992813542,0.24075679999077693
1113,least_squares_d5_I1,120,5,25,1113,0.012647399998968467,0.22023110000009183,0.007819399994332343,0.24069789999339264
1114,least_squares_d3_I1,589,4,5,1114,0.009509499999694526,0.16884569999820087,0.007777699996950105,0.1861328999948455
1115,least_squares_d5_I2,411,7,18,1115,0.012494599999627098,0.21932899999956135,0.007898300013039261,0.2397219000122277
1116,chebyshev_d5_I1,949,1,12,1116,0.012722400002530776,0.22036420000949875,0.007817899997462519,0.24090450000949204
1117,chebyshev_d5_I2,586,0,16,1117,0.01257360000454355,0.21869330000481568,0.007764800000586547,0.23903170000994578
1118,chebyshev_d5_I2,112,3,6,1118,0.01257509998686146,0.2195138999959454,0.007926099991891533,0.2400150999746984
1119,least_squares_d5_I1,120,5,21,1119,0.012598800007253885,0.21992669999599457,0.007771200005663559,0.240296700008912
1120,chebyshev_d3_I1,120,5,29,1120,0.009576900003594346,0.1704126999975415,0.007812299998477101,0.18780189999961294
1121,chebyshev_d5_I1,120,5,19,1121,0.012573100000736304,0.2176885999942897,0.007854000010411255,0.23811570000543725
1122,chebyshev_d5_I2,120,5,3,1122,0.01246710000850726,0.21836129999428522,0.008094599994365126,0.2389229999971576
1123,chebyshev_d3_I1,481,9,11,1123,0.009399700007634237,0.1691069999942556,0.007691599996178411,0.18619829999806825
1124,chebyshev_d3_I1,633,2,26,1124,0.009422999995877035,0.169487899998785,0.007848499997635372,0.1867593999922974
1125,least_squares_d3_I1,603,8,4,1125,0.009450800003833137,0.168087000012747,0.007832999996026047,0.1853708000126062
1126,least_squares_d5_I2,603,8,7,1126,0.012580000009620562,0.22001210000598803,0.007832299990695901,0.2404244000063045
1127,chebyshev_d5_I1,949,1,10,1127,0.01264689999516122,0.21958770000492223,0.0078977999946801,0.24013239999476355
1128,least_squares_d3_I1,949,1,5,1128,0.009389900005771779,0.1687258999882033,0.007963900003232993,0.18607969999720808
1129,least_squares_d3_I1,949,1,23,1129,0.009715799998957664,0.1723292999959085,0.008042699992074631,0.1900877999869408
1130,least_squares_d5_I1,586,0,24,1130,0.0129538000037428,0.22365740001259837,0.007893100002547726,0.2445043000188889
1131,least_squares_d5_I2,949,1,3,1131,0.012584600000991486,0.22310560000187252,0.007784100002027117,0.24347430000489112
1132,least_squares_d5_I2,586,0,23,1132,0.012476999996579252,0.22054599999682978,0.007831199996871874,0.2408541999902809
1133,least_squares_d3_I1,120,5,9,1133,0.009441699992748909,0.16726309999648947,0.007805700006429106,0.1845104999956675
1134,chebyshev_d5_I2,633,2,11,1134,0.01257580000674352,0.21942989999661222,0.00776209999457933,0.23976779999793507
1135,least_squares_d5_I2,481,9,21,1135,0.012356700011878274,0.21663619999890216,0.007689699996262789,0.23668260000704322
1136,least_squares_d3_I1,586,0,15,1136,0.009310699999332428,0.16838370000186842,0.007750099990516901,0.18544449999171775
1137,chebyshev_d3_I1,112,3,26,1137,0.009368700004415587,0.1680802000046242,0.007701800001086667,0.18515070001012646
1138,chebyshev_d5_I2,589,4,10,1138,0.01254170000902377,0.21815909999713767,0.007950100000016391,0.23865090000617784
1139,chebyshev_d3_I1,259,6,15,1139,0.009494000012637116,0.16683529999863822,0.007617700000992045,0.18394700001226738
1140,least_squares_d5_I2,633,2,13,1140,0.012427399997250177,0.21664339999551885,0.0077351000072667375,0.23680590000003576
1141,chebyshev_d5_I1,112,3,12,1141,0.012399700004607439,0.2167063000088092,0.007764599999063648,0.23687060001248028
1142,least_squares_d3_I1,633,2,7,1142,0.009305700004915707,0.16581150000274647,0.007854299998143688,0.18297150000580586
1143,chebyshev_d3_I1,633,2,0,1143,0.009332200002972968,0.16868069999327417,0.007774099998641759,0.1857869999948889
1144,chebyshev_d5_I2,411,7,23,1144,0.012358399995719083,0.21997220000775997,0.007652700005564839,0.2399833000090439
1145,chebyshev_d3_I1,259,6,27,1145,0.009411599996383302,0.16715900000417605,0.007708499993896112,0.18427909999445546
1146,least_squares_d5_I2,112,3,17,1146,0.012479700002586469,0.21956689999205992,0.00790440000128001,0.2399509999959264
1147,least_squares_d5_I1,633,2,18,1147,0.012399200000800192,0.2186498999944888,0.007753899990348145,0.23880299998563714
1148,least_squares_d5_I2,589,4,29,1148,0.012609799989149906,0.2179212000046391,0.007809999995515682,0.2383409999893047
1149,chebyshev_d5_I1,603,8,11,1149,0.012471900001401082,0.21715670000412501,0.00773539999499917,0.23736400000052527
1150,chebyshev_d3_I1,411,7,10,1150,0.009393400003318675,0.16761940000287723,0.008280900001409464,0.18529370000760537
1151,chebyshev_d5_I2,112,3,15,1151,0.012397800004691817,0.21737500000745058,0.007814199998392724,0.23758700001053512
1152,least_squares_d5_I2,603,8,13,1152,0.012539200004539452,0.219381600007182,0.007740000000922009,0.23966080001264345
1153,least_squares_d3_I1,633,2,13,1153,0.009585599997080863,0.1681996999977855,0.007867699998314492,0.18565299999318086
1154,least_squares_d5_I2,112,3,23,1154,0.012591799997608177,0.22066410000843462,0.007829199996194802,0.2410851000022376
1155,least_squares_d3_I1,586,0,19,1155,0.009577599994372576,0.16767690000415314,0.007835399999748915,0.18508989999827463
1156,least_squares_d5_I2,589,4,18,1156,0.012536400012322702,0.22041650000028312,0.007742000001599081,0.2406949000142049
1157,least_squares_d3_I1,603,8,0,1157,0.009369100007461384,0.1672790000011446,0.007751599987386726,0.1843996999959927
1158,chebyshev_d3_I1,633,2,27,1158,0.0094970999925863,0.16755289999127854,0.007671100000152364,0.1847210999840172
1159,chebyshev_d3_I1,112,3,14,1159,0.009482599998591468,0.16783720000239555,0.007814500000677072,0.1851343000016641
1160,chebyshev_d3_I1,112,3,10,1160,0.00959419998980593,0.1671663000015542,0.007811200004653074,0.1845716999960132
1161,chebyshev_d3_I1,603,8,16,1161,0.009436799999093637,0.16774869999790099,0.00779770000372082,0.18498320000071544
1162,chebyshev_d5_I2,411,7,17,1162,0.0125594999990426,0.21793310000794008,0.007739599997876212,0.2382322000048589
1163,least_squares_d3_I1,120,5,10,1163,0.00973409999278374,0.1660606000077678,0.007697300010477193,0.18349200001102872
1164,chebyshev_d5_I1,589,4,15,1164,0.01257669999904465,0.21835789999749977,0.007804900000337511,0.23873949999688193
1165,chebyshev_d5_I1,112,3,28,1165,0.012442200008081272,0.21800350000557955,0.007781400010571815,0.23822710002423264
1166,least_squares_d5_I2,481,9,23,1166,0.012383600012981333,0.2177498000091873,0.008089100010693073,0.23822250003286172
1167,least_squares_d5_I1,120,5,8,1167,0.012852299987571314,0.21931020000192802,0.007732100013527088,0.23989460000302643
1168,chebyshev_d3_I1,411,7,14,1168,0.009294599993154407,0.1673229000007268,0.007768099996610545,0.18438559999049176
1169,chebyshev_d3_I1,949,1,28,1169,0.009278099998482503,0.16557870000542607,0.0077298999967752025,0.18258670000068378
1170,least_squares_d5_I1,120,5,9,1170,0.012205999999423511,0.2174183000024641,0.00781390001066029,0.2374382000125479
1171,least_squares_d5_I1,586,0,0,1171,0.012549599996418692,0.21890839999832679,0.0076792000036221,0.23913719999836758
1172,chebyshev_d5_I1,112,3,26,1172,0.012781500001437962,0.21811099999467842,0.0077701999980490655,0.23866269999416545
1173,least_squares_d3_I1,112,3,19,1173,0.00948969999444671,0.1663023000000976,0.007767499992041849,0.18355949998658616
1174,least_squares_d5_I1,112,3,14,1174,0.012250299987499602,0.2210962999961339,0.007777000006171875,0.24112359998980537
1175,chebyshev_d5_I1,411,7,16,1175,0.012658399995416403,0.21918670000741258,0.007659199996851385,0.23950429999968037
1176,least_squares_d5_I1,949,1,12,1176,0.012564999997266568,0.2222079999919515,0.00801849999697879,0.24279149998619687
1177,least_squares_d5_I2,411,7,9,1177,0.012637599997106008,0.22308959999645595,0.007851900008972734,0.2435791000025347
1178,chebyshev_d3_I1,586,0,26,1178,0.00969640001130756,0.16885469999397174,0.007913999987067655,0.18646509999234695
1179,chebyshev_d3_I1,481,9,27,1179,0.00965870000072755,0.1677549000014551,0.007918700008303858,0.1853323000104865
1180,chebyshev_d3_I1,259,6,10,1180,0.009409999998752028,0.1694471000082558,0.007878999997046776,0.1867361000040546
1181,least_squares_d3_I1,949,1,11,1181,0.009655000001657754,0.16824320000887383,0.00793560000602156,0.18583380001655314
1182,least_squares_d5_I1,112,3,27,1182,0.012617900007171556,0.22033779999765102,0.00785629999882076,0.24081200000364333
1183,chebyshev_d5_I1,259,6,5,1183,0.012585300006321631,0.21903020000900142,0.007853299990529194,0.23946880000585224
1184,least_squares_d3_I1,589,4,2,1184,0.009447600008570589,0.16997640000772662,0.007784200002788566,0.18720820001908578
1185,chebyshev_d5_I1,259,6,10,1185,0.012514899994130246,0.22078340000007302,0.0077969000121811405,0.2410952000063844
1186,chebyshev_d5_I2,112,3,8,1186,0.012476100004278123,0.22072539999498986,0.007817899997462519,0.2410193999967305
1187,chebyshev_d3_I1,259,6,12,1187,0.009543100008158945,0.16944930001045577,0.007746100003714673,0.1867385000223294
1188,least_squares_d5_I1,949,1,0,1188,0.012534199995570816,0.22275620000436902,0.008073000004515052,0.2433634000044549
1189,chebyshev_d5_I2,589,4,1,1189,0.012584700001752935,0.2205458000098588,0.007736500003375113,0.24086700001498684
1190,chebyshev_d5_I1,586,0,29,1190,0.012474100003601052,0.22322309999435674,0.007920399992144667,0.24361759999010246
1191,chebyshev_d3_I1,120,5,20,1191,0.00961940000706818,0.17010360000131186,0.007844499996281229,0.18756750000466127
1192,least_squares_d5_I2,112,3,7,1192,0.01273889999720268,0.22157399999559857,0.00786290000542067,0.24217579999822192
1193,least_squares_d3_I1,633,2,16,1193,0.009533499993267469,0.16838329999882262,0.007821599996532314,0.1857383999886224
1194,chebyshev_d5_I2,589,4,18,1194,0.012635499995667487,0.22090220000245608,0.0078080000093905255,0.2413457000075141
1195,chebyshev_d3_I1,481,9,4,1195,0.009461800000281073,0.16959960000531282,0.007960400005686097,0.18702180001128
1196,least_squares_d5_I1,112,3,19,1196,0.012833500004489906,0.22475419999682344,0.007716899999650195,0.24530460000096355
1197,chebyshev_d5_I2,633,2,4,1197,0.01271650000126101,0.22489479999057949,0.007943799995700829,0.24555509998754133
1198,chebyshev_d5_I1,589,4,19,1198,0.012953900004504248,0.2262229999905685,0.008096000005025417,0.24727290000009816
1199,chebyshev_d5_I1,481,9,5,1199,0.012893199993413873,0.22364700000616722,0.008094599994365126,0.24463479999394622
1200,chebyshev_d5_I2,589,4,19,1200,0.012763799997628666,0.22578470000007655,0.008042299989028834,0.24659079998673405
1201,chebyshev_d5_I2,120,5,19,1201,0.012773500013281591,0.22563919999811333,0.007709700003033504,0.24612240001442842
1202,chebyshev_d3_I1,481,9,15,1202,0.009644999998272397,0.1717367999954149,0.00800869999511633,0.18939049998880364
1203,chebyshev_d5_I2,949,1,14,1203,0.012579300004290417,0.2216750000079628,0.007920100004412234,0.24217440001666546
1204,chebyshev_d3_I1,481,9,1,1204,0.009631399996578693,0.17050360000575893,0.007757900006254204,0.18789290000859182
1205,least_squares_d5_I2,589,4,0,1205,0.013048199994955212,0.22268910000275355,0.007754499994916841,0.2434917999926256
1206,least_squares_d5_I1,633,2,3,1206,0.012461200007237494,0.22312980001152027,0.007741500012343749,0.24333250003110152
1207,least_squares_d5_I2,259,6,16,1207,0.012465099993278272,0.2188787999912165,0.007792999997036532,0.23913689998153131
1208,least_squares_d5_I1,481,9,2,1208,0.01260109999566339,0.22233079999568872,0.007854100011172704,0.24278600000252482
1209,chebyshev_d5_I1,586,0,24,1209,0.01255509999464266,0.22180300000763964,0.007989600009750575,0.24234770001203287
1210,least_squares_d3_I1,411,7,9,1210,0.009593599999789149,0.1703552000108175,0.00794510000559967,0.18789390001620632
1211,least_squares_d3_I1,112,3,5,1211,0.009586399988620542,0.17013329999463167,0.0077496000012615696,0.18746929998451378
1212,chebyshev_d3_I1,481,9,3,1212,0.009326400002464652,0.17070919999969192,0.007865499996114522,0.1879010999982711
1213,chebyshev_d3_I1,120,5,17,1213,0.009379099996294826,0.16951080001308583,0.0076760999945690855,0.18656600000394974
1214,least_squares_d5_I1,586,0,7,1214,0.012611199999810196,0.22430260000692215,0.007770700001856312,0.24468450000858866
1215,chebyshev_d5_I2,481,9,3,1215,0.012354499995126389,0.21700029999192338,0.00781410001218319,0.23716889999923296
1216,least_squares_d5_I2,949,1,6,1216,0.012627999996766448,0.22409190000325907,0.007951899999170564,0.24467179999919608
1217,chebyshev_d3_I1,112,3,29,1217,0.009431800004676916,0.2063676999969175,0.007724299997789785,0.2235237999993842
1218,least_squares_d5_I1,411,7,19,1218,0.012785400002030656,0.24381059998995624,0.008697199999005534,0.26529319999099243
1219,chebyshev_d5_I2,481,9,8,1219,0.013710599989281036,0.24176649999571964,0.00832079999963753,0.2637978999846382
1220,least_squares_d5_I1,633,2,0,1220,0.013218699998105876,0.2682222000003094,0.00808800000231713,0.2895289000007324
1221,least_squares_d3_I1,586,0,20,1221,0.009839199992711656,0.18207599999732338,0.009500000000116415,0.20141519999015145
1222,chebyshev_d5_I2,633,2,18,1222,0.013519000000087544,0.2423960000014631,0.007842799997888505,0.26375779999943916
1223,chebyshev_d5_I1,259,6,22,1223,0.013189699995564297,0.23518129999865778,0.008633799996459857,0.25700479999068193
1224,least_squares_d3_I1,586,0,3,1224,0.009632199988118373,0.17705830000340939,0.007891100001870655,0.1945815999933984
1225,least_squares_d3_I1,120,5,21,1225,0.009734999999636784,0.17493980001017917,0.008280199996079318,0.19295500000589527
1226,chebyshev_d3_I1,120,5,9,1226,0.009754700004123151,0.17483550000179093,0.007684700001846068,0.19227490000776015
1227,least_squares_d5_I1,411,7,24,1227,0.013696300011361018,0.2245134999975562,0.008017699990887195,0.24622749999980442
1228,chebyshev_d3_I1,586,0,16,1228,0.009709399993880652,0.17499949999910314,0.00846950001141522,0.193178400004399
1229,least_squares_d5_I2,112,3,20,1229,0.013574399999924935,0.2296046999981627,0.008534699998563156,0.2517137999966508
1230,chebyshev_d5_I2,411,7,14,1230,0.013002899999264628,0.23406519999844022,0.007939000002807006,0.25500710000051185
1231,chebyshev_d5_I2,633,2,20,1231,0.01303659999393858,0.2494379999989178,0.007878699994762428,0.2703532999876188
1232,chebyshev_d3_I1,112,3,23,1232,0.009533000004012138,0.17444170000089798,0.008112700001220219,0.19208740000613034
1233,least_squares_d5_I2,112,3,1,1233,0.01291589999163989,0.226477000003797,0.008429399997112341,0.24782229999254923
1234,least_squares_d5_I1,586,0,3,1234,0.012849299993831664,0.22457150000263937,0.008406499997363426,0.24582729999383446
1235,chebyshev_d5_I2,112,3,27,1235,0.012846500001614913,0.22415140000521205,0.007896499999333173,0.24489440000616014
1236,chebyshev_d3_I1,949,1,22,1236,0.009701999995741062,0.171881400005077,0.00845860000117682,0.1900420000019949
1237,chebyshev_d5_I2,949,1,4,1237,0.012460500001907349,0.2264458999998169,0.008139600002323277,0.24704600000404753
1238,chebyshev_d3_I1,411,7,4,1238,0.009643500001402572,0.17630170000484213,0.007900099997641519,0.19384530000388622
1239,chebyshev_d3_I1,481,9,24,1239,0.009901400000671856,0.17244039999786764,0.009389099999680184,0.19173089999821968
1240,least_squares_d5_I1,259,6,21,1240,0.012572599996929057,0.23440129999653436,0.007874999995692633,0.25484889998915605
1241,chebyshev_d5_I1,586,0,0,1241,0.012756100011756644,0.22720949999347795,0.008497199989506043,0.24846279999474064
1242,least_squares_d5_I2,112,3,4,1242,0.012620699999388307,0.2267504000046756,0.008327800009283237,0.24769890001334716
1243,chebyshev_d5_I2,589,4,25,1243,0.012803700010408647,0.22636479999346193,0.008296400003018789,0.24746490000688937
1244,least_squares_d5_I1,259,6,22,1244,0.012538399998447858,0.22452920000068843,0.0077842999889981,0.2448518999881344
1245,chebyshev_d5_I2,112,3,26,1245,0.012566800010972656,0.22277959999337327,0.00808889999461826,0.24343529999896418
1246,chebyshev_d3_I1,589,4,18,1246,0.010004999989178032,0.17477110000618268,0.00896290001401212,0.19373900000937283
1247,chebyshev_d5_I1,481,9,22,1247,0.012839300004998222,0.2299667000042973,0.008138000004692003,0.25094400001398753
1248,least_squares_d5_I1,586,0,21,1248,0.012623600006918423,0.2266546000028029,0.008061899992753752,0.24734010000247508
1249,least_squares_d5_I2,949,1,8,1249,0.012740200007101521,0.22399919999588747,0.007739199994830415,0.2444785999978194
1250,chebyshev_d5_I2,633,2,29,1250,0.012810200001695193,0.2264356000086991,0.008373100004973821,0.24761890001536813
1251,chebyshev_d5_I1,949,1,7,1251,0.014869599996018223,0.22564930000226013,0.008015899991733022,0.24853479999001138
1252,chebyshev_d5_I1,259,6,24,1252,0.012776699993992224,0.2265966999984812,0.008379300008527935,0.24775270000100136
1253,least_squares_d5_I2,603,8,6,1253,0.012747400003718212,0.22443220000423025,0.007672299994737841,0.2448519000026863
1254,chebyshev_d3_I1,949,1,12,1254,0.009570000009262003,0.1733692000125302,0.008208500003092922,0.19114770002488513
1255,least_squares_d5_I2,481,9,19,1255,0.012757700009387918,0.22587840000051074,0.008363699991605245,0.2469998000015039
1256,least_squares_d5_I2,603,8,8,1256,0.012919999993755482,0.22755070000130218,0.009179500004393049,0.2496501999994507
1257,least_squares_d5_I1,633,2,17,1257,0.013793999998597428,0.24493690000963397,0.00881259999005124,0.26754349999828264
1258,least_squares_d5_I2,586,0,7,1258,0.013582200001110323,0.24240950000239536,0.008694600008311681,0.26468630001181737
1259,least_squares_d3_I1,481,9,7,1259,0.010057199993752874,0.18248659999517258,0.009183200003462844,0.2017269999923883
1260,least_squares_d5_I2,120,5,24,1260,0.014009799997438677,0.23570910000125878,0.007752500008791685,0.25747140000748914
1261,least_squares_d5_I1,259,6,3,1261,0.013011799994274043,0.23161099999560975,0.008470100001432002,0.2530928999913158
1262,least_squares_d5_I1,120,5,0,1262,0.013441600007354282,0.2325198000035016,0.008596900006523356,0.2545583000173792
1263,chebyshev_d5_I1,633,2,13,1263,0.012447400004020892,0.2261584999941988,0.008084899993264116,0.2466907999914838
1264,least_squares_d5_I2,259,6,23,1264,0.0125112999958219,0.22601549999671988,0.007801600004313514,0.2463283999968553
1265,least_squares_d3_I1,112,3,26,1265,0.009432199993170798,0.17155780000030063,0.00787980000313837,0.1888697999966098
1266,chebyshev_d3_I1,586,0,14,1266,0.009729799989145249,0.1815022999944631,0.007856800002628006,0.19908889998623636
1267,least_squares_d5_I1,633,2,24,1267,0.012533799992525019,0.2204725000046892,0.007749999989755452,0.24075629998696968
1268,least_squares_d5_I1,112,3,0,1268,0.012523400000645779,0.22043629999097902,0.007707400000072084,0.2406670999916969
1269,chebyshev_d5_I1,633,2,8,1269,0.01272189999872353,0.2200897000002442,0.007788800008711405,0.24060040000767913
1270,least_squares_d5_I1,112,3,18,1270,0.012769799999659881,0.21766939999361057,0.007775299993227236,0.23821449998649769
1271,chebyshev_d5_I1,112,3,13,1271,0.012417599995387718,0.21785040000395384,0.007772500001010485,0.23804050000035204
1272,chebyshev_d5_I1,112,3,18,1272,0.012450900001567788,0.21911619999445975,0.007784900008118711,0.23935200000414625
1273,chebyshev_d3_I1,120,5,19,1273,0.00936820000060834,0.16693049999594223,0.007886699997470714,0.18418539999402128
1274,least_squares_d3_I1,949,1,21,1274,0.009444299997994676,0.17113690001133364,0.007818199999746867,0.18839940000907518
1275,least_squares_d5_I1,112,3,13,1275,0.012593799998285249,0.2192125000001397,0.007922300006612204,0.23972860000503715
1276,chebyshev_d5_I2,949,1,7,1276,0.012395800004014745,0.21644270000979304,0.007935200002975762,0.23677370001678355
1277,chebyshev_d5_I2,120,5,7,1277,0.012511300010373816,0.21661609999137,0.00781410001218319,0.236941500013927
1278,least_squares_d3_I1,603,8,7,1278,0.0094459999963874,0.16784500000358094,0.007722299997112714,0.18501329999708105
1279,least_squares_d3_I1,481,9,19,1279,0.009447000004001893,0.1689693999942392,0.007844600011594594,0.1862610000098357
1280,chebyshev_d5_I2,120,5,6,1280,0.012596200002008118,0.22016009999788366,0.00784590000694152,0.2406022000068333
1281,chebyshev_d5_I2,603,8,25,1281,0.012534699999378063,0.22043200000189245,0.007586300009279512,0.24055300001055002
1282,least_squares_d5_I2,120,5,2,1282,0.012449999994714744,0.21814129999256693,0.007731999998213723,0.2383232999854954
1283,least_squares_d3_I1,949,1,6,1283,0.009412999992491677,0.16622349999670405,0.007659700000658631,0.18329619998985436
1284,least_squares_d3_I1,949,1,15,1284,0.0093155999929877,0.1659213999955682,0.00771990000794176,0.18295689999649767
1285,least_squares_d5_I2,120,5,5,1285,0.012424300002749078,0.2157946999941487,0.007999000008567236,0.236218000005465
1286,least_squares_d5_I2,259,6,29,1286,0.012679899999056943,0.2184521000017412,0.00783999999111984,0.23897199999191798
1287,chebyshev_d5_I2,481,9,28,1287,0.01288340000610333,0.22198970000317786,0.00780950000626035,0.24268260001554154
1288,chebyshev_d5_I1,481,9,25,1288,0.012501299992436543,0.2206620000069961,0.007790399991790764,0.2409536999912234
1289,chebyshev_d3_I1,589,4,14,1289,0.009618199997930788,0.16738349999650382,0.0077335999958449975,0.1847352999902796
1290,chebyshev_d3_I1,120,5,14,1290,0.009428599994862452,0.16846780000196304,0.007982900002389215,0.1858792999992147
1291,chebyshev_d5_I2,481,9,21,1291,0.01269220000540372,0.21735470001294743,0.008020900000701658,0.2380678000190528
1292,chebyshev_d5_I1,481,9,29,1292,0.012399700004607439,0.21853280000505038,0.00781260000076145,0.23874510001041926
1293,least_squares_d3_I1,633,2,2,1293,0.009285099993576296,0.16610709999804385,0.00783479999518022,0.18322699998680037
1294,chebyshev_d5_I1,259,6,28,1294,0.012470499990740791,0.2199277999898186,0.007691599996178411,0.2400898999767378
1295,least_squares_d5_I2,112,3,13,1295,0.01250630000140518,0.21793650000472553,0.0077025000064168125,0.23814530001254752
1296,chebyshev_d5_I2,120,5,28,1296,0.012332900005276315,0.21859699999913573,0.00790670000424143,0.23883660000865348
1297,least_squares_d5_I1,589,4,13,1297,0.012527699989732355,0.21567360000335611,0.007761799992294982,0.23596309998538345
1298,least_squares_d5_I1,112,3,10,1298,0.012271900006453507,0.22032900000340305,0.00773990000016056,0.24034080001001712
1299,chebyshev_d5_I1,120,5,17,1299,0.012317600005189888,0.21859439999388997,0.0077052999986335635,0.23861729999771342
1300,chebyshev_d3_I1,603,8,24,1300,0.009528599999612197,0.16765740000118967,0.007790699994075112,0.18497669999487698
1301,chebyshev_d5_I2,586,0,27,1301,0.013427600002614781,0.21844100000453182,0.007768900002702139,0.23963750000984874
1302,chebyshev_d3_I1,589,4,26,1302,0.009349300002213567,0.16777329999604262,0.007714299994404428,0.18483689999266062
1303,chebyshev_d5_I1,112,3,25,1303,0.012535199988633394,0.2171628999931272,0.0077674000058323145,0.23746549998759292
1304,least_squares_d5_I1,112,3,28,1304,0.012432499992428347,0.2188358999992488,0.007891200002632104,0.23915959999430925
1305,least_squares_d5_I1,411,7,7,1305,0.012502199999289587,0.22238000000652391,0.007690999991609715,0.24257319999742322
1306,least_squares_d5_I1,586,0,17,1306,0.01239730000088457,0.21773939998820424,0.007793800003128126,0.23793049999221694
1307,chebyshev_d3_I1,949,1,24,1307,0.009386499994434416,0.16553929999645334,0.007774700003210455,0.1827004999940982
1308,chebyshev_d5_I1,949,1,14,1308,0.012554599990835413,0.21726839999610092,0.007802399995853193,0.23762539998278953
1309,least_squares_d5_I1,949,1,25,1309,0.012432500006980263,0.21701829999801703,0.007699399997363798,0.2371502000023611
1310,least_squares_d3_I1,259,6,28,1310,0.009471600002143532,0.16712479999114294,0.007673100000829436,0.1842694999941159
1311,chebyshev_d3_I1,949,1,6,1311,0.009421700000530109,0.16573609999613836,0.00774509999610018,0.18290289999276865
1312,least_squares_d5_I2,112,3,18,1312,0.0125483999872813,0.21913369999674615,0.007854199997382239,0.23953629998140968
1313,least_squares_d3_I1,259,6,8,1313,0.00945849998970516,0.1695594000048004,0.007824500004062429,0.186842399998568
1314,least_squares_d5_I2,949,1,26,1314,0.012473599999793805,0.21870729999500327,0.007818600002792664,0.23899949999758974
1315,chebyshev_d3_I1,603,8,11,1315,0.009438099994440563,0.16592030000174418,0.007804299995768815,0.18316269999195356
1316,chebyshev_d5_I1,259,6,7,1316,0.012326299998676404,0.21838320000097156,0.00782140000956133,0.2385309000092093
1317,least_squares_d5_I1,481,9,27,1317,0.012538800001493655,0.2192046999989543,0.007803900007274933,0.2395474000077229
1318,least_squares_d3_I1,411,7,26,1318,0.009326700004749,0.16716480000468437,0.007725400006165728,0.1842169000155991
1319,chebyshev_d5_I1,586,0,26,1319,0.012603799987118691,0.21709929998905864,0.007746500006760471,0.2374495999829378
1320,least_squares_d5_I1,586,0,15,1320,0.012587099990923889,0.2188968999980716,0.007803200001944788,0.23928719999094028
1321,least_squares_d5_I1,120,5,19,1321,0.012439699989045039,0.2172333000053186,0.00803559999621939,0.23770859999058302
1322,least_squares_d3_I1,633,2,3,1322,0.009536300000036135,0.16977049999695737,0.007651300009456463,0.18695810000644997
1323,least_squares_d3_I1,481,9,6,1323,0.009436799999093637,0.16703689999121707,0.0077489999966928735,0.18422269998700358
1324,chebyshev_d5_I1,633,2,17,1324,0.012475399998947978,0.22261389999766834,0.007888399995863438,0.24297769999247976
1325,chebyshev_d3_I1,112,3,5,1325,0.009457600011955947,0.16855080000823364,0.007978299996466376,0.18598670001665596
1326,chebyshev_d3_I1,589,4,6,1326,0.009368700004415587,0.16924300001119263,0.00785409999662079,0.186465800012229
1327,least_squares_d3_I1,589,4,16,1327,0.009510899995802902,0.1678851000033319,0.007883199999923818,0.18527919999905862
1328,least_squares_d3_I1,633,2,14,1328,0.009549300011713058,0.16858440000214614,0.0077775999961886555,0.18591130001004785
1329,chebyshev_d5_I1,411,7,9,1329,0.012739300000248477,0.2198740000021644,0.007934699999168515,0.24054800000158139
1330,chebyshev_d3_I1,411,7,16,1330,0.009510099989711307,0.16890760000387672,0.007983400006196462,0.1864010999997845
1331,least_squares_d5_I1,120,5,27,1331,0.012593999999808148,0.21934060000057798,0.007803300002706237,0.23973790000309236
1332,least_squares_d5_I2,112,3,0,1332,0.012690900010056794,0.22071100000175647,0.0097068000031868,0.24310870001500007
1333,least_squares_d5_I1,633,2,29,1333,0.012582700001075864,0.21998949999397155,0.007782400003634393,0.2403545999986818
1334,chebyshev_d5_I1,120,5,27,1334,0.012432100003934465,0.2201517000066815,0.007833199997548945,0.2404170000081649
1335,chebyshev_d3_I1,949,1,20,1335,0.009556799996062182,0.16793409999809228,0.007829100009985268,0.18532000000413973
1336,chebyshev_d5_I2,259,6,5,1336,0.012441300001228228,0.21821049999562092,0.007738300002529286,0.23839009999937844
1337,least_squares_d3_I1,949,1,12,1337,0.009355200003483333,0.16635660000611097,0.007684800002607517,0.18339660001220182
1338,chebyshev_d5_I1,120,5,21,1338,0.012651800003368407,0.21829010000510607,0.00783610000507906,0.23877800001355354
1339,least_squares_d5_I2,481,9,25,1339,0.01242610000190325,0.21670209999138024,0.008647800001199357,0.23777599999448285
1340,least_squares_d5_I1,589,4,12,1340,0.012795699993148446,0.2213039999915054,0.0078061999956844375,0.2419058999803383
1341,chebyshev_d5_I1,411,7,10,1341,0.012413800010108389,0.21865369999432005,0.00779770000372082,0.23886520000814926
1342,least_squares_d5_I1,949,1,16,1342,0.012447399989468977,0.21999300000607036,0.007731799996690825,0.24017219999223016
1343,least_squares_d5_I2,259,6,28,1343,0.01256180000200402,0.2162215999996988,0.007666099991183728,0.23644949999288656
1344,least_squares_d3_I1,949,1,3,1344,0.009454299986828119,0.16948670000419952,0.007657099995412864,0.1865980999864405
1345,least_squares_d5_I1,120,5,14,1345,0.01268040000286419,0.21721380000235513,0.007782000000588596,0.2376762000058079
1346,least_squares_d5_I1,411,7,11,1346,0.012728699992294423,0.2199924999877112,0.007693399995332584,0.2404145999753382
1347,least_squares_d5_I2,112,3,10,1347,0.012519399999291636,0.21653300001344178,0.007653099994058721,0.23670550000679214
1348,chebyshev_d3_I1,633,2,4,1348,0.009448600001633167,0.16957140000886284,0.007800999999744818,0.18682100001024082
1349,least_squares_d5_I1,633,2,5,1349,0.012534099994809367,0.21889189998910297,0.007760299995425157,0.2391862999793375
1350,chebyshev_d5_I1,112,3,15,1350,0.012525799989816733,0.21946849999949336,0.007712199992965907,0.239706499982276
1351,least_squares_d5_I1,586,0,19,1351,0.012502400000812486,0.2191344000020763,0.007721799993305467,0.23935859999619424
1352,least_squares_d5_I2,112,3,26,1352,0.012279899994609877,0.21611339999071788,0.007761800006846897,0.23615509999217466
1353,least_squares_d5_I2,949,1,14,1353,0.01238780000130646,0.21613129999605007,0.007832100003724918,0.23635120000108145
1354,chebyshev_d5_I2,112,3,24,1354,0.012822099990444258,0.22026000000187196,0.00778730001184158,0.2408694000041578
1355,chebyshev_d3_I1,949,1,5,1355,0.009383900003740564,0.1667726000014227,0.0076792000036221,0.18383570000878535
1356,least_squares_d5_I1,481,9,21,1356,0.012509499996667728,0.21885790000669658,0.00784509998629801,0.23921249998966232
1357,least_squares_d5_I2,112,3,2,1357,0.01253290000022389,0.21679750000475906,0.007779600011417642,0.2371100000164006
1358,least_squares_d5_I1,411,7,18,1358,0.012458500001230277,0.21928839999600314,0.007711800004472025,0.23945870000170544
1359,chebyshev_d5_I1,259,6,6,1359,0.01246690000698436,0.22287349999533035,0.008037099993089214,0.24337749999540392
1360,least_squares_d5_I1,259,6,29,1360,0.012973399992915802,0.2220216999994591,0.007794000004651025,0.24278909999702591
1361,chebyshev_d5_I2,603,8,14,1361,0.012732000002870336,0.2190517999988515,0.007910500004072674,0.2396943000057945
1362,chebyshev_d5_I2,120,5,11,1362,0.012482099991757423,0.2196500999998534,0.007850699999835342,0.23998289999144617
1363,least_squares_d5_I2,586,0,27,1363,0.012567900004796684,0.2197121000062907,0.0077480999898398295,0.24002810000092722
1364,chebyshev_d3_I1,603,8,19,1364,0.009287599998060614,0.16692760000296403,0.008094300006632693,0.18430950000765733
1365,chebyshev_d5_I1,259,6,25,1365,0.01249820001248736,0.21827139999368228,0.007724700000835583,0.23849430000700522
1366,least_squares_d5_I2,112,3,6,1366,0.012453799994545989,0.21684470000036526,0.007736600004136562,0.23703509999904782
1367,chebyshev_d3_I1,633,2,19,1367,0.009318700002040714,0.165377700002864,0.007688300000154413,0.18238470000505913
1368,least_squares_d3_I1,120,5,1,1368,0.009584200000972487,0.16608589999668766,0.007713099999818951,0.1833831999974791
1369,chebyshev_d5_I1,259,6,16,1369,0.012451200003852136,0.2160197000048356,0.007762199995340779,0.23623310000402853
1370,least_squares_d5_I2,586,0,20,1370,0.012857200010330416,0.21889619999274146,0.007798799997544847,0.23955220000061672
1371,chebyshev_d5_I1,586,0,11,1371,0.012425499997334555,0.2181482000014512,0.007696600005147047,0.2382703000039328
1372,chebyshev_d5_I2,586,0,26,1372,0.012410600000293925,0.22078040000633337,0.007836699995095842,0.24102770000172313
1373,chebyshev_d5_I1,112,3,11,1373,0.012384699992253445,0.22150499999406748,0.008417900011409074,0.24230759999773
1374,least_squares_d5_I1,949,1,17,1374,0.01247809999040328,0.21992100001079962,0.0077778999984730035,0.2401769999996759
1375,chebyshev_d3_I1,411,7,11,1375,0.009403000003658235,0.16621219999797177,0.00784439999551978,0.18345959999714978
1376,chebyshev_d5_I2,603,8,3,1376,0.012585200005560182,0.21813559999282006,0.0077692999911960214,0.23849009998957627
1377,chebyshev_d3_I1,586,0,29,1377,0.009366700003738515,0.16805110000132117,0.007781699998304248,0.18519950000336394
1378,least_squares_d5_I1,120,5,7,1378,0.01262759999372065,0.22017739999864716,0.007908600004157051,0.24071359999652486
1379,chebyshev_d5_I1,589,4,22,1379,0.012610999998287298,0.21924240000953432,0.007916399990790524,0.23976979999861214
1380,chebyshev_d5_I2,949,1,20,1380,0.012532400010968558,0.2196059999987483,0.0078120000107446685,0.23995040002046153
1381,chebyshev_d5_I2,586,0,4,1381,0.012583500007167459,0.21948450000490993,0.007868300002883188,0.23993630001496058
1382,least_squares_d5_I1,481,9,3,1382,0.012706599998637103,0.22120990000257734,0.0078114000061759725,0.24172790000739042
1383,least_squares_d3_I1,259,6,17,1383,0.009566200009430759,0.16846280000754632,0.007838799996534362,0.18586780001351144
1384,chebyshev_d5_I1,411,7,17,1384,0.012546600002679043,0.22026129999721888,0.007886000006692484,0.2406939000065904
1385,chebyshev_d5_I1,633,2,1,1385,0.012803599995095283,0.22010960000625346,0.007815899996785447,0.2407290999981342
1386,least_squares_d3_I1,259,6,24,1386,0.009439400004339404,0.16883900000539143,0.007839699988835491,0.18611809999856632
1387,least_squares_d3_I1,633,2,6,1387,0.009403899995959364,0.16764339999645017,0.00782430000253953,0.18487159999494907
1388,least_squares_d5_I1,120,5,23,1388,0.012593099992955104,0.22094949999882374,0.007941400006529875,0.24148399999830872
1389,chebyshev_d5_I1,481,9,20,1389,0.012679399995249696,0.2186682000028668,0.00781260000076145,0.23916019999887794
1390,chebyshev_d3_I1,259,6,29,1390,0.009404700002050959,0.1686601000110386,0.00777620000008028,0.18584100001316983
1391,chebyshev_d5_I2,120,5,17,1391,0.012637799998628907,0.219123299990315,0.007857999997213483,0.23961909998615738
1392,least_squares_d5_I2,949,1,9,1392,0.012541899995994754,0.22150120000878815,0.007811299990862608,0.2418543999956455
1393,least_squares_d5_I2,633,2,26,1393,0.012712299998383969,0.21933059999719262,0.00791400000161957,0.23995689999719616
1394,chebyshev_d5_I2,603,8,29,1394,0.012606500007677823,0.22013869999500457,0.007740800007013604,0.240486000009696
1395,chebyshev_d5_I1,120,5,3,1395,0.01265649999550078,0.2197248999873409,0.00801540000247769,0.24039679998531938
1396,chebyshev_d5_I2,586,0,29,1396,0.012553199994727038,0.22001499999896623,0.007869900000514463,0.24043809999420773
1397,least_squares_d5_I1,603,8,13,1397,0.01250919999438338,0.21939230000134557,0.007793900003889576,0.23969539999961853
1398,least_squares_d5_I1,112,3,9,1398,0.012459699995815754,0.22002120000252035,0.007868900007451884,0.24034980000578798
1399,chebyshev_d5_I1,259,6,18,1399,0.01283369999146089,0.219157899991842,0.007816600002115592,0.23980819998541847
1400,chebyshev_d5_I1,633,2,18,1400,0.012657500003115274,0.21979060000739992,0.00797239999519661,0.2404205000057118
1401,least_squares_d5_I2,589,4,19,1401,0.012512700006482191,0.2195627000037348,0.007850199996028095,0.23992560000624508
1402,chebyshev_d5_I2,120,5,4,1402,0.012607500000740401,0.22017960000084713,0.007729200005996972,0.2405163000075845
1403,least_squares_d5_I1,120,5,28,1403,0.012463599996408448,0.21964909999223892,0.007795899990014732,0.2399085999786621
1404,least_squares_d5_I1,112,3,15,1404,0.012844199998653494,0.22562440000183415,0.008616099992650561,0.2470846999931382
1405,least_squares_d3_I1,112,3,2,1405,0.009740499997860752,0.17004859998996835,0.007727699994575232,0.18751679998240434
1406,chebyshev_d3_I1,603,8,10,1406,0.009362000011606142,0.16797169999335892,0.007701099995756522,0.1850348000007216
1407,chebyshev_d3_I1,586,0,5,1407,0.009332400004495867,0.1679944999923464,0.007768600000417791,0.18509549999726005
1408,chebyshev_d5_I2,603,8,6,1408,0.012393500001053326,0.21797409999999218,0.007757499988656491,0.238125099989702
1409,least_squares_d5_I2,259,6,12,1409,0.012388099989038892,0.21727550000650808,0.007941000003484078,0.23760459999903105
1410,chebyshev_d5_I2,112,3,25,1410,0.012598399989656173,0.21802929999830667,0.007776700003887527,0.23840439999185037
1411,chebyshev_d5_I1,112,3,1,1411,0.012335899999015965,0.2167776000133017,0.0076991000096313655,0.23681260002194904
1412,least_squares_d5_I2,481,9,3,1412,0.01239519999944605,0.2191531999997096,0.0076591000106418505,0.2392075000097975
1413,least_squares_d5_I2,586,0,14,1413,0.012384300003759563,0.21886640001321211,0.007655699999304488,0.23890640001627617
1414,chebyshev_d5_I1,949,1,23,1414,0.012660799999139272,0.21878819999983534,0.007754700010991655,0.23920370000996627
1415,least_squares_d5_I1,633,2,4,1415,0.012475700001232326,0.21700899999996182,0.00776659999974072,0.23725130000093486
1416,chebyshev_d5_I2,589,4,12,1416,0.012444799998775125,0.217324400000507,0.007821799998055212,0.23759099999733735
1417,chebyshev_d3_I1,259,6,16,1417,0.009289200010243803,0.16604719999304507,0.0077335999958449975,0.18306999999913387
1418,chebyshev_d5_I1,949,1,26,1418,0.012433899988536723,0.21845139999641106,0.0076991000096313655,0.23858439999457914
1419,least_squares_d5_I1,586,0,20,1419,0.01249429999734275,0.21705669999937527,0.007698000001255423,0.23724899999797344
1420,least_squares_d3_I1,633,2,26,1420,0.009447399992495775,0.16684299999906216,0.007741499997791834,0.18403189998934977
1421,least_squares_d3_I1,259,6,0,1421,0.010089800009154715,0.16948280000360683,0.00784140000178013,0.18741400001454167
1422,chebyshev_d5_I2,120,5,12,1422,0.012524699995992705,0.21950800000922754,0.007940199997392483,0.23997290000261273
1423,chebyshev_d3_I1,586,0,2,1423,0.00942380000196863,0.16902599998866208,0.007863199993153103,0.1863129999837838
1424,least_squares_d3_I1,259,6,6,1424,0.009522599997580983,0.169585100011318,0.0077624999976251274,0.1868702000065241
1425,least_squares_d5_I1,120,5,11,1425,0.012456299999030307,0.2187562000035541,0.00772960000904277,0.2389421000116272
1426,chebyshev_d5_I2,633,2,22,1426,0.012484099992434494,0.22198229999048635,0.007675600005313754,0.2421419999882346
1427,chebyshev_d3_I1,411,7,25,1427,0.009415599997737445,0.16488729999400675,0.007667400001082569,0.18197029999282677
1428,least_squares_d3_I1,411,7,8,1428,0.009480299995630048,0.16617899999255314,0.007699900001171045,0.18335919998935424
1429,least_squares_d5_I1,589,4,20,1429,0.012522200006060302,0.2160676999919815,0.007663299998966977,0.23625319999700878
1430,least_squares_d5_I1,411,7,15,1430,0.012550999992527068,0.2167716000112705,0.008261399998445995,0.23758400000224356
1431,chebyshev_d5_I1,120,5,12,1431,0.012352000005193986,0.21655610000016168,0.007804699998814613,0.23671280000417028
1432,chebyshev_d5_I2,481,9,13,1432,0.012417999998433515,0.2173073000012664,0.007711400001426227,0.23743670000112616
1433,least_squares_d3_I1,112,3,21,1433,0.009370100000523962,0.16491839999798685,0.0077563999948324636,0.18204489999334328
1434,least_squares_d5_I2,481,9,14,1434,0.012559800001326948,0.21632389999285806,0.00771770000574179,0.2366013999999268
1435,least_squares_d5_I2,120,5,13,1435,0.01253450001240708,0.21578530000988394,0.007889799991971813,0.23620960001426283
1436,least_squares_d5_I2,586,0,26,1436,0.012412900003255345,0.21647699999448378,0.007828699992387556,0.23671859999012668
1437,chebyshev_d3_I1,633,2,11,1437,0.009263200001441874,0.17105450000963174,0.008544800002709962,0.18886250001378357
1438,least_squares_d3_I1,589,4,20,1438,0.010293900006217882,0.1742731999984244,0.00766950000252109,0.19223660000716336
1439,chebyshev_d5_I2,586,0,19,1439,0.012402199994539842,0.21793179999804124,0.007748600008198991,0.23808260000078008
1440,least_squares_d5_I2,633,2,8,1440,0.01239279999572318,0.21640449999540579,0.007722000009380281,0.23651930000050925
1441,chebyshev_d5_I2,112,3,12,1441,0.012599699999555014,0.2205859999958193,0.00805840000975877,0.24124410000513308
1442,chebyshev_d5_I2,411,7,21,1442,0.012456399999791756,0.21846519999962766,0.007704100004048087,0.2386257000034675
1443,least_squares_d5_I1,481,9,28,1443,0.012390899995807558,0.21779809999861754,0.0077028000087011606,0.23789180000312626
1444,least_squares_d3_I1,633,2,28,1444,0.009354699999676086,0.16759219999948982,0.007679600006667897,0.1846265000058338
1445,chebyshev_d5_I1,586,0,23,1445,0.012488799999118783,0.22003729999414645,0.007919800002127886,0.24044589999539312
1446,chebyshev_d5_I1,112,3,7,1446,0.01244849999784492,0.2200105999945663,0.00773549999576062,0.24019459998817183
1447,least_squares_d5_I1,120,5,17,1447,0.012398599996231496,0.21729630000481848,0.007688300000154413,0.2373832000012044
1448,least_squares_d5_I2,633,2,17,1448,0.012449100002413616,0.2180547000025399,0.007825900000170805,0.23832970000512432
1449,least_squares_d5_I1,589,4,18,1449,0.012332399986917153,0.21670250000897795,0.007839700003387406,0.2368745999992825
1450,least_squares_d3_I1,949,1,19,1450,0.00938000000314787,0.17100020000361837,0.007779300009133294,0.18815950001589954
1451,least_squares_d3_I1,603,8,20,1451,0.009500199987087399,0.1686928999988595,0.00772510000388138,0.18591819998982828
1452,least_squares_d3_I1,949,1,24,1452,0.00939940000534989,0.16755779999948572,0.007733700011158362,0.18469090001599398
1453,least_squares_d5_I1,603,8,19,1453,0.012332700003753416,0.21758570001111366,0.007695899999816902,0.23761430001468398
1454,least_squares_d5_I1,949,1,27,1454,0.012400699997670017,0.2187570000096457,0.007698700006585568,0.2388564000139013
1455,chebyshev_d5_I1,633,2,12,1455,0.01258629999938421,0.21609420000459068,0.007681100003537722,0.2363616000075126
1456,least_squares_d5_I1,411,7,25,1456,0.012470200003008358,0.21678539999993518,0.007692500003031455,0.236948100005975
1457,chebyshev_d5_I1,411,7,2,1457,0.012378600004012696,0.2168180000007851,0.007758399995509535,0.23695500000030734
1458,chebyshev_d5_I1,949,1,1,1458,0.012345700000878423,0.2165718000032939,0.00781549999373965,0.23673299999791197
1459,chebyshev_d3_I1,120,5,12,1459,0.009234700002707541,0.17047099999035709,0.007630599997355603,0.18733629999042023
1460,chebyshev_d3_I1,120,5,22,1460,0.009393100001034327,0.169487700011814,0.0076942000014241785,0.18657500001427252
1461,least_squares_d3_I1,481,9,27,1461,0.00933939999958966,0.16592480000690557,0.007691200007684529,0.18295540001417976
1462,chebyshev_d5_I1,633,2,19,1462,0.012690800009295344,0.2188866000069538,0.007868900007451884,0.23944630002370104
1463,least_squares_d5_I2,120,5,20,1463,0.01242610000190325,0.21725069999229163,0.008094399992842227,0.2377711999870371
1464,least_squares_d3_I1,633,2,9,1464,0.00928379999822937,0.1686450999986846,0.007727600008365698,0.18565650000527967
1465,chebyshev_d5_I1,481,9,18,1465,0.012290200000279583,0.21898370000417344,0.007813599993824027,0.23908749999827705
1466,least_squares_d3_I1,589,4,23,1466,0.009501100008492358,0.16868469999462832,0.007910499989520758,0.18609629999264143
1467,chebyshev_d3_I1,411,7,3,1467,0.009431800004676916,0.167429599998286,0.007863800012273714,0.18472520001523662
1468,chebyshev_d5_I2,603,8,2,1468,0.01247430000512395,0.21960090000357013,0.00783919999958016,0.23991440000827424
1469,chebyshev_d5_I2,589,4,20,1469,0.012434899996151216,0.21788149999338202,0.007681900009629317,0.23799829999916255
1470,chebyshev_d3_I1,120,5,27,1470,0.009875999996438622,0.16824990000168327,0.007786099988152273,0.18591199998627417
1471,least_squares_d3_I1,411,7,0,1471,0.00947479999740608,0.16832070000236854,0.007686099997954443,0.18548159999772906
1472,chebyshev_d3_I1,949,1,4,1472,0.009350799999083392,0.1671663000015542,0.007757400002446957,0.18427450000308454
1473,chebyshev_d3_I1,112,3,20,1473,0.009410700004082173,0.1675178000004962,0.007741800000076182,0.18467030000465456
1474,least_squares_d5_I2,120,5,14,1474,0.012560599992866628,0.2192032000020845,0.007715100000496022,0.23947889999544714
1475,chebyshev_d5_I2,633,2,21,1475,0.01237139999284409,0.2183798000041861,0.007712300008279271,0.23846350000530947
1476,least_squares_d3_I1,112,3,7,1476,0.009394299995619804,0.16975620000448544,0.00783610000507906,0.1869866000051843
1477,chebyshev_d5_I2,411,7,6,1477,0.012484299993957393,0.21886940000695176,0.007901800010586157,0.23925550001149531
1478,chebyshev_d3_I1,112,3,28,1478,0.009524599998258054,0.16930010000942275,0.00803559999621939,0.1868603000039002
1479,least_squares_d5_I2,411,7,8,1479,0.01272860000608489,0.21871719999762718,0.007846199994673952,0.23929199999838602
1480,least_squares_d3_I1,949,1,2,1480,0.009555500000715256,0.16856899998674635,0.007962699994095601,0.1860871999815572
1481,least_squares_d3_I1,586,0,25,1481,0.009524799999780953,0.1698374999978114,0.007912899993243627,0.18727519999083597
1482,least_squares_d5_I2,259,6,27,1482,0.013186099997255951,0.21973950001120102,0.007764199996017851,0.24068980000447482
1483,chebyshev_d5_I1,586,0,17,1483,0.012750900001265109,0.21946189999289345,0.007991200007381849,0.2402040000015404
1484,least_squares_d3_I1,259,6,23,1484,0.00944740000704769,0.16841329999442678,0.007960800008731894,0.18582150001020636
1485,least_squares_d5_I1,259,6,27,1485,0.012691500000073574,0.21888270000636112,0.007793900003889576,0.23936810001032427
1486,chebyshev_d5_I1,603,8,4,1486,0.01260920001368504,0.2202917999966303,0.007841800004825927,0.24074280001514126
1487,least_squares_d3_I1,586,0,10,1487,0.00952460001280997,0.16807860000699293,0.007821999999578111,0.185425200019381
1488,least_squares_d3_I1,120,5,18,1488,0.009404899989021942,0.16909529999247752,0.00788430000829976,0.18638449998979922
1489,chebyshev_d5_I2,120,5,1,1489,0.012534499997855164,0.2195830999989994,0.007782899992889725,0.23990049998974428
1490,least_squares_d5_I1,949,1,1,1490,0.012633299993467517,0.22011660000134725,0.007856100011849776,0.24060600000666454
1491,chebyshev_d3_I1,603,8,20,1491,0.009531300005619414,0.16889159999846015,0.007839700003387406,0.18626260000746697
1492,least_squares_d5_I2,589,4,20,1492,0.012825700003304519,0.22047010000096634,0.007863199993153103,0.24115899999742396
1493,least_squares_d5_I1,589,4,19,1493,0.012542799988295883,0.21953230000508483,0.007882699996116571,0.2399577999894973
1494,least_squares_d5_I1,481,9,10,1494,0.012663800007430837,0.22075900000345428,0.007823799998732284,0.2412466000096174
1495,chebyshev_d5_I2,259,6,8,1495,0.01262700000370387,0.2195957000076305,0.00784199999179691,0.2400647000031313
1496,chebyshev_d5_I1,633,2,5,1496,0.012576300010550767,0.22154810000211,0.007832699993741699,0.24195710000640247
1497,least_squares_d5_I2,589,4,9,1497,0.012566700010211207,0.22006510000210255,0.008130200003506616,0.24076200001582038
1498,least_squares_d5_I2,411,7,0,1498,0.012975900011952035,0.22718339999846648,0.008080300001893193,0.2482396000123117
1499,least_squares_d5_I2,120,5,23,1499,0.012711300005321391,0.21902509999927133,0.008046900009503588,0.2397833000140963
1500,least_squares_d5_I1,949,1,24,1500,0.012981300009414554,0.22149260000151116,0.0077440999884856865,0.2422179999994114
1501,chebyshev_d5_I2,589,4,7,1501,0.012420300001394935,0.22013780000270344,0.007674200009205379,0.24023230001330376
1502,chebyshev_d3_I1,586,0,4,1502,0.009392100007971749,0.16817570000421256,0.007680399998207577,0.18524820001039188
1503,least_squares_d5_I1,481,9,0,1503,0.012297499997657724,0.21810690000711475,0.007703200011746958,0.23810760001651943
1504,least_squares_d5_I1,589,4,27,1504,0.012340900007984601,0.21892149999621324,0.007712199992965907,0.23897459999716375
1505,least_squares_d5_I2,259,6,21,1505,0.012455299991415814,0.21561400000064168,0.007689999998547137,0.23575929999060463
1506,chebyshev_d5_I1,949,1,6,1506,0.012765400009811856,0.2186749999964377,0.0076800999959232286,0.23912050000217278
1507,least_squares_d5_I2,112,3,29,1507,0.012571100000059232,0.21688819999690168,0.007969800004502758,0.23742910000146367
1508,least_squares_d3_I1,633,2,29,1508,0.009313899994594976,0.16672870000184048,0.007718499997281469,0.18376109999371693
1509,chebyshev_d3_I1,259,6,17,1509,0.00932749999628868,0.16807390000030864,0.007760699998470955,0.18516209999506827
1510,least_squares_d5_I1,589,4,16,1510,0.012423399995896034,0.22214669999084435,0.007760799999232404,0.2423308999859728
1511,least_squares_d3_I1,481,9,1,1511,0.009281099992222153,0.16697230000863783,0.00786300000618212,0.1841164000070421
1512,least_squares_d5_I1,633,2,7,1512,0.01250469998922199,0.21888179999950808,0.007808399997884408,0.23919489998661447
1513,chebyshev_d5_I2,633,2,25,1513,0.012378400002489798,0.21639950000098906,0.007882000005338341,0.2366599000088172
1514,least_squares_d5_I1,586,0,29,1514,0.012956299993675202,0.21891370000957977,0.007699800000409596,0.23956980000366457
1515,least_squares_d5_I1,112,3,5,1515,0.012350099990726449,0.21792270000150893,0.007804599998053163,0.23807739999028854
1516,chebyshev_d3_I1,633,2,6,1516,0.009355300004244782,0.1669631999975536,0.007769800009555183,0.18408830001135357
1517,chebyshev_d3_I1,112,3,2,1517,0.00941630000306759,0.16555720000178553,0.007755999991786666,0.1827294999966398
1518,chebyshev_d5_I2,259,6,0,1518,0.012359000000287779,0.2187872999929823,0.007721000001765788,0.23886729999503586
1519,chebyshev_d5_I1,589,4,10,1519,0.012458600001991726,0.21742809998977464,0.0076603999914368615,0.23754709998320322
1520,least_squares_d5_I1,633,2,14,1520,0.01251669999328442,0.21984090001205914,0.0078111000038916245,0.24016870000923518
1521,least_squares_d3_I1,589,4,29,1521,0.00949919999402482,0.1735428999963915,0.007960899994941428,0.19100299998535775
1522,chebyshev_d3_I1,603,8,8,1522,0.009845400010817684,0.17653129999234807,0.008106199995381758,0.1944828999985475
1523,chebyshev_d5_I2,633,2,13,1523,0.0131039999978384,0.2319986000075005,0.008048899995628744,0.25315150000096764
1524,least_squares_d5_I2,411,7,11,1524,0.01300700000138022,0.2267539000022225,0.008012400008738041,0.24777330001234077
1525,least_squares_d3_I1,120,5,15,1525,0.0096415000007255,0.17394530000456143,0.008076600002823398,0.19166340000811033
1526,chebyshev_d5_I2,481,9,25,1526,0.012900499990792014,0.2285210999980336,0.007973600004334003,0.24939519999315962
1527,chebyshev_d5_I1,589,4,0,1527,0.012930800003232434,0.22708779999811668,0.008082000000285916,0.24810060000163503
1528,least_squares_d3_I1,949,1,13,1528,0.009811700001591817,0.17559809998783749,0.008370199997443706,0.193779999986873
1529,least_squares_d5_I2,481,9,15,1529,0.013617999997222796,0.24176079999597277,0.008347000009962358,0.26372580000315793
1530,least_squares_d5_I2,949,1,7,1530,0.013719599999603815,0.23735040001338348,0.008164500002749264,0.25923450001573656
1531,chebyshev_d5_I2,586,0,23,1531,0.013271300005726516,0.22219649999169633,0.007711400001426227,0.24317919999884907
1532,chebyshev_d5_I1,481,9,3,1532,0.012307999990298413,0.21799319999990985,0.007821899998816662,0.23812309998902492
1533,chebyshev_d5_I1,949,1,2,1533,0.012456500000553206,0.21591610000177752,0.0076877000101376325,0.23606030001246836
1534,chebyshev_d5_I2,589,4,15,1534,0.01241429999936372,0.21649039999465458,0.007637100003194064,0.23654179999721237
1535,chebyshev_d3_I1,949,1,11,1535,0.009345099999336526,0.16686789999948815,0.007702599992626347,0.18391559999145102
1536,chebyshev_d5_I1,949,1,15,1536,0.012405400004354306,0.2170096000045305,0.0078000000066822395,0.23721500001556706
1537,chebyshev_d3_I1,411,7,28,1537,0.009311999994679354,0.16580729999986943,0.007936599999084137,0.18305589999363292
1538,chebyshev_d5_I1,603,8,28,1538,0.0123582000087481,0.2187634000001708,0.0077295999944908544,0.23885120000340976
1539,chebyshev_d3_I1,112,3,4,1539,0.009330200002295896,0.16744309999921825,0.007845000000088476,0.18461830000160262
1540,least_squares_d5_I2,603,8,27,1540,0.012394699995638803,0.2178624999942258,0.007727799995336682,0.23798499998520128
1541,least_squares_d5_I1,481,9,16,1541,0.012374500001897104,0.21743199999036733,0.007765000002109446,0.23757149999437388
1542,least_squares_d5_I2,411,7,4,1542,0.012402799999108538,0.21815390000119805,0.00800580000213813,0.23856250000244472
1543,chebyshev_d5_I2,259,6,14,1543,0.01262920000590384,0.21957370000018273,0.007719699991866946,0.2399225999979535
1544,least_squares_d5_I1,949,1,11,1544,0.012485999992350116,0.2289403000031598,0.007736899991868995,0.2491631999873789
1545,least_squares_d5_I2,411,7,29,1545,0.01242110000748653,0.21861960001115222,0.007881199999246746,0.2389219000178855
1546,least_squares_d5_I1,589,4,11,1546,0.012752700000419281,0.2198247999913292,0.007927700004074723,0.2405051999958232
1547,chebyshev_d3_I1,112,3,24,1547,0.009526399997412227,0.1678921000129776,0.008181900004274212,0.18560040001466405
1548,least_squares_d3_I1,481,9,2,1548,0.00945040000078734,0.16919359999883454,0.007838599995011464,0.18648259999463335
1549,least_squares_d5_I1,259,6,19,1549,0.012581300004967488,0.21987719999742694,0.007861699996283278,0.2403201999986777
1550,chebyshev_d3_I1,259,6,19,1550,0.009296100004576147,0.16704579998622648,0.007896399998571724,0.18423829998937435
1551,least_squares_d3_I1,586,0,27,1551,0.009556600009091198,0.16701299999840558,0.007812700001522899,0.18438230000901967
1552,least_squares_d5_I2,259,6,24,1552,0.012657700004638173,0.22223939999821596,0.008111100003588945,0.24300820000644308
1553,least_squares_d5_I2,259,6,17,1553,0.012857900001108646,0.21696740000334103,0.007688300000154413,0.2375136000046041
1554,chebyshev_d5_I1,949,1,0,1554,0.012285200005862862,0.21716669999295846,0.0077163999958429486,0.23716829999466427
1555,least_squares_d5_I1,949,1,29,1555,0.012429399997927248,0.21596600000339095,0.00769169999693986,0.23608709999825805
1556,least_squares_d5_I1,949,1,19,1556,0.012390900010359474,0.21870209999906365,0.00775469999643974,0.23884770000586286
1557,chebyshev_d5_I2,589,4,3,1557,0.01240170000528451,0.21724060000269674,0.007849800007534213,0.23749210001551546
1558,least_squares_d5_I2,120,5,21,1558,0.012361200002487749,0.22034529999655206,0.007808700000168756,0.24051519999920856
1559,chebyshev_d5_I1,949,1,24,1559,0.01334560000395868,0.21627319999970496,0.00769399999990128,0.23731280000356492
1560,chebyshev_d5_I1,259,6,3,1560,0.012374900004942901,0.2162765999964904,0.007780500003718771,0.23643200000515208
1561,chebyshev_d3_I1,633,2,25,1561,0.009284799991291948,0.16480420000152662,0.0077132000005804,0.18180219999339897
1562,chebyshev_d3_I1,633,2,17,1562,0.009359499992569908,0.1662396999890916,0.007687899997108616,0.18328709997877013
1563,least_squares_d5_I2,120,5,8,1563,0.012357899991911836,0.21850699999777135,0.007853400005842559,0.23871829999552574
1564,chebyshev_d5_I1,259,6,0,1564,0.012378600004012696,0.2182120999932522,0.007760499996948056,0.23835119999421295
1565,least_squares_d3_I1,586,0,17,1565,0.009402499999850988,0.1661660999961896,0.007772400000249036,0.1833409999962896
1566,chebyshev_d3_I1,949,1,16,1566,0.009380099989357404,0.16731509999954142,0.007668600010219961,0.18436379999911878
1567,least_squares_d3_I1,633,2,20,1567,0.0094628999941051,0.16544250000151806,0.0077056000009179115,0.18261099999654107
1568,chebyshev_d5_I2,411,7,18,1568,0.012438499994459562,0.22097860000212677,0.007795800003805198,0.24121290000039153
1569,least_squares_d3_I1,586,0,11,1569,0.009601400000974536,0.16764930001227185,0.00780069999746047,0.18505140001070686
1570,least_squares_d5_I2,481,9,16,1570,0.012282299998332746,0.21837509999750182,0.007811899995431304,0.23846929999126587
1571,chebyshev_d5_I2,603,8,10,1571,0.012384799993014894,0.21680949999426957,0.0078104999993229285,0.2370047999866074
1572,chebyshev_d3_I1,589,4,27,1572,0.009471299999859184,0.16686929999559652,0.007690300000831485,0.1840308999962872
1573,chebyshev_d5_I1,589,4,7,1573,0.012489700005971827,0.21709110001393128,0.007769700008793734,0.23735050002869684
1574,least_squares_d3_I1,589,4,3,1574,0.009474000005866401,0.16684960000566207,0.007797999991453253,0.18412160000298172
1575,chebyshev_d5_I2,112,3,28,1575,0.01234180000028573,0.21792720000667032,0.007760100008454174,0.23802910001541022
1576,least_squares_d5_I1,112,3,26,1576,0.012438500009011477,0.21924289999878965,0.007674199994653463,0.2393556000024546
1577,least_squares_d5_I1,481,9,9,1577,0.012404999986756593,0.2185960999922827,0.007804199995007366,0.23880529997404665
1578,least_squares_d3_I1,411,7,17,1578,0.009371599997393787,0.16651129999081604,0.00782729999627918,0.183710199984489
1579,least_squares_d3_I1,603,8,21,1579,0.009356000009574927,0.16658930000266992,0.007777499995427206,0.18372280000767205
1580,least_squares_d5_I2,259,6,2,1580,0.01266320000286214,0.21788689999084454,0.00782440000330098,0.23837449999700766
1581,least_squares_d5_I2,259,6,18,1581,0.0123609000002034,0.21727710000413936,0.007743800000753254,0.237381800005096
1582,least_squares_d5_I2,259,6,11,1582,0.012564500008011237,0.21736840000085067,0.007724200011580251,0.23765710002044216
1583,least_squares_d5_I2,112,3,12,1583,0.01241209999716375,0.21629589999793097,0.0078046000126050785,0.2365126000076998
1584,least_squares_d5_I1,259,6,0,1584,0.012346799994702451,0.22157690000312869,0.007711099999141879,0.24163479999697302
1585,least_squares_d5_I2,586,0,3,1585,0.012541400006739423,0.22026100000948645,0.007973600004334003,0.24077600002055988
1586,chebyshev_d5_I2,949,1,13,1586,0.012600600006408058,0.22025500000745524,0.007949699996970594,0.2408053000108339
1587,least_squares_d3_I1,120,5,2,1587,0.009492600001976825,0.16818619999685325,0.007842300008633174,0.18552110000746325
1588,chebyshev_d5_I1,949,1,25,1588,0.01267359999474138,0.22196709999116138,0.007916500006103888,0.24255719999200664
1589,chebyshev_d5_I1,411,7,13,1589,0.012597000008099712,0.22148519998881966,0.007898299998487346,0.24198049999540672
1590,chebyshev_d3_I1,259,6,4,1590,0.00971860000572633,0.17268570000305772,0.008269800004200079,0.19067410001298413
1591,least_squares_d3_I1,120,5,16,1591,0.009512799995718524,0.16843879999942146,0.007804799999576062,0.18575639999471605
1592,chebyshev_d5_I2,949,1,22,1592,0.013054099996224977,0.2195001000072807,0.007695000007515773,0.24024920001102146
1593,least_squares_d5_I2,259,6,25,1593,0.012482100006309338,0.21571569998923223,0.007722499998635612,0.23592029999417718
1594,least_squares_d5_I2,949,1,15,1594,0.012383599998429418,0.21655070000269916,0.00783909999881871,0.2367733999999473
1595,least_squares_d3_I1,411,7,6,1595,0.009238200000254437,0.16509350000706036,0.007727799995336682,0.18205950000265148
1596,chebyshev_d5_I2,120,5,21,1596,0.012280599999940023,0.21637449999980163,0.007688700003200211,0.23634380000294186
1597,least_squares_d3_I1,112,3,15,1597,0.009335900002042763,0.16563649999443442,0.007825100008631125,0.1827975000051083
1598,chebyshev_d3_I1,949,1,29,1598,0.009282099999836646,0.16833040000346955,0.007761300003039651,0.18537380000634585
1599,chebyshev_d5_I1,589,4,2,1599,0.012386999995214865,0.22095639999315608,0.007808399997884408,0.24115179998625536
1600,least_squares_d5_I1,112,3,7,1600,0.012800799988326617,0.21985520000453107,0.007816800003638491,0.24047279999649618
1601,chebyshev_d3_I1,586,0,0,1601,0.009312399997725151,0.16501539999444503,0.007686900004046038,0.18201469999621622
1602,chebyshev_d3_I1,120,5,16,1602,0.00926959999196697,0.16572540000197478,0.007866800006013364,0.1828617999999551
1603,chebyshev_d5_I1,120,5,13,1603,0.0123297999962233,0.21579489999567159,0.0076942000014241785,0.23581889999331906
1604,chebyshev_d5_I2,586,0,11,1604,0.012422300002072006,0.21612099999038037,0.007820300001185387,0.23636359999363776
1605,least_squares_d5_I2,633,2,4,1605,0.012508800005889498,0.21765910000249278,0.007799200000590645,0.23796710000897292
1606,chebyshev_d5_I1,411,7,1,1606,0.012487900006817654,0.21751159999985248,0.008306100004119799,0.23830560001078993
1607,least_squares_d5_I1,112,3,3,1607,0.01231589999224525,0.21718459999829065,0.007721100002527237,0.23722159999306314
1608,chebyshev_d5_I2,949,1,9,1608,0.012579399990499951,0.2172691999876406,0.007707500000833534,0.2375560999789741
1609,chebyshev_d5_I2,603,8,1,1609,0.012606999996933155,0.22005730000091717,0.007868400003644638,0.24053270000149496
1610,chebyshev_d3_I1,481,9,25,1610,0.009388299993588589,0.16802029999962542,0.007731499994406477,0.1851400999876205
1611,chebyshev_d3_I1,949,1,17,1611,0.009267700006603263,0.16639299999224022,0.007828199988580309,0.1834888999874238
1612,least_squares_d5_I1,633,2,2,1612,0.012446500011719763,0.22008280000591185,0.007821000006515533,0.24035030002414715
1613,chebyshev_d5_I1,586,0,16,1613,0.012445199987269007,0.21783460000006016,0.007671300001675263,0.23795109998900443
1614,least_squares_d5_I2,411,7,7,1614,0.012423499996657483,0.2183828999986872,0.0077163000096334144,0.2385227000049781
1615,least_squares_d5_I1,603,8,6,1615,0.012390700008836575,0.21717629999329802,0.007791399999405257,0.23735840000153985
1616,chebyshev_d5_I2,411,7,15,1616,0.01248170000326354,0.21799279999686405,0.007789499999489635,0.23826399999961723
1617,chebyshev_d5_I2,949,1,8,1617,0.012462200000300072,0.21578719999524765,0.007754899997962639,0.23600429999351036
1618,chebyshev_d5_I1,120,5,26,1618,0.012473000009777024,0.2169086000067182,0.007916499991551973,0.23729810000804719
1619,least_squares_d3_I1,603,8,18,1619,0.009325100007117726,0.16508669999893755,0.00770800000464078,0.18211980001069605
1620,least_squares_d3_I1,586,0,26,1620,0.009301800004323013,0.16869880000012927,0.007848499997635372,0.18584910000208765
1621,least_squares_d5_I2,633,2,2,1621,0.012505299993790686,0.21955599999637343,0.00814140000147745,0.24020269999164157
1622,least_squares_d3_I1,949,1,29,1622,0.009295000010752119,0.16930090000096243,0.007824799991794862,0.1864207000035094
1623,chebyshev_d5_I2,481,9,15,1623,0.012585799995576963,0.21946520000346936,0.007804099994245917,0.23985509999329224
1624,least_squares_d5_I1,603,8,29,1624,0.012523099998361431,0.22016649998840876,0.007905699996626936,0.24059529998339713
1625,least_squares_d5_I1,259,6,24,1625,0.012544299999717623,0.21927070000674576,0.007778099999995902,0.23959310000645928
1626,least_squares_d5_I2,633,2,16,1626,0.012495300004957244,0.22037530000670813,0.007934900000691414,0.2408055000123568
1627,chebyshev_d3_I1,949,1,27,1627,0.009507300012046471,0.17036360000201967,0.008034999991650693,0.18790590000571683
1628,chebyshev_d5_I1,259,6,11,1628,0.0126730000047246,0.22082900001259986,0.007927400001790375,0.24142940001911484
1629,chebyshev_d5_I2,586,0,6,1629,0.01256320001266431,0.21934219999820925,0.007857300006435253,0.23976270001730882
1630,chebyshev_d5_I2,603,8,9,1630,0.012724300002446398,0.22052930000063498,0.0077046999940648675,0.24095829999714624
1631,chebyshev_d5_I2,589,4,5,1631,0.012432399991666898,0.21716300000844058,0.007824799991794862,0.23742019999190234
1632,chebyshev_d5_I1,633,2,27,1632,0.012419400009093806,0.21838510000088718,0.0077298999967752025,0.2385344000067562
1633,least_squares_d3_I1,603,8,17,1633,0.00933709999662824,0.1659810999990441,0.007730900004389696,0.18304910000006203
1634,least_squares_d3_I1,586,0,9,1634,0.009422500006621704,0.1661480000038864,0.007699000008869916,0.18326950001937803
1635,chebyshev_d5_I2,481,9,23,1635,0.01229359999706503,0.21942049999779556,0.007848500012187287,0.23956260000704788
1636,least_squares_d3_I1,589,4,7,1636,0.009493199991993606,0.17047640000237152,0.007955699999001808,0.18792529999336693
1637,chebyshev_d5_I2,589,4,14,1637,0.012786699997377582,0.22292310000921134,0.0077345000026980415,0.24344430000928696
1638,chebyshev_d5_I2,603,8,26,1638,0.012411999996402301,0.2166406000033021,0.00773990000016056,0.23679249999986496
1639,least_squares_d5_I1,603,8,22,1639,0.012301499999011867,0.21687950000341516,0.00781029999780003,0.23699130000022706
1640,chebyshev_d5_I2,259,6,24,1640,0.012545000005047768,0.21793330000946298,0.007723200003965758,0.2382015000184765
1641,chebyshev_d5_I1,411,7,14,1641,0.012596199987456203,0.2169049000076484,0.007646400001249276,0.23714749999635387
1642,chebyshev_d3_I1,259,6,9,1642,0.009444900002563372,0.16674710001097992,0.007761500004562549,0.18395350001810584
1643,least_squares_d5_I2,603,8,21,1643,0.012339699998847209,0.21633039999869652,0.007798200007528067,0.2364683000050718
1644,chebyshev_d5_I2,481,9,10,1644,0.0123950999986846,0.21929890000319574,0.007695699998294003,0.23938970000017434
1645,least_squares_d5_I2,112,3,21,1645,0.012418300000717863,0.2173008999961894,0.007680499998969026,0.2373996999958763
1646,least_squares_d3_I1,112,3,8,1646,0.009341700002551079,0.16755130000819918,0.007663500000489876,0.18455650001124013
1647,least_squares_d5_I2,589,4,25,1647,0.012410600000293925,0.21758430000045337,0.007785199995851144,0.23778009999659844
1648,least_squares_d5_I1,411,7,26,1648,0.012410600000293925,0.2201779000024544,0.007783799999742769,0.2403723000024911
1649,chebyshev_d5_I1,481,9,13,1649,0.012567100013257004,0.21798450000642333,0.0076902000000700355,0.23824180001975037
1650,chebyshev_d5_I1,633,2,15,1650,0.012902100002975203,0.21920360000513028,0.00774210000236053,0.23984780001046602
1651,chebyshev_d5_I2,120,5,0,1651,0.012347299998509698,0.2155436000030022,0.00780510000186041,0.23569600000337232
1652,chebyshev_d5_I2,120,5,15,1652,0.012374500001897104,0.2180114000075264,0.007865599996875972,0.23825150000629947
1653,chebyshev_d3_I1,589,4,1,1653,0.009459799999604002,0.1674012000003131,0.007678199996007606,0.18453919999592472
1654,least_squares_d5_I1,603,8,10,1654,0.012679899999056943,0.2191099000046961,0.007717100001173094,0.23950690000492614
1655,chebyshev_d5_I1,603,8,6,1655,0.01248930000292603,0.2168773000012152,0.007773500008624978,0.2371401000127662
1656,chebyshev_d5_I1,949,1,29,1656,0.01242100000672508,0.21923180000158027,0.007876100004068576,0.23952890001237392
1657,least_squares_d3_I1,603,8,13,1657,0.009336499992059544,0.16601979998813476,0.007727000003797002,0.1830832999839913
1658,least_squares_d3_I1,633,2,19,1658,0.009470100005273707,0.16695139999501407,0.007720499997958541,0.18414199999824632
1659,least_squares_d5_I2,589,4,28,1659,0.012651900004129857,0.2167953000025591,0.007709500001510605,0.23715670000819955
1660,chebyshev_d5_I1,603,8,17,1660,0.012469400011468679,0.21942130000388715,0.007702100003371015,0.23959280001872685
1661,chebyshev_d5_I1,259,6,15,1661,0.012346799994702451,0.21935389999998733,0.007658000002265908,0.2393586999969557
1662,chebyshev_d5_I2,411,7,24,1662,0.012766999992891215,0.2186158999975305,0.007692400002270006,0.23907529999269173
1663,least_squares_d3_I1,481,9,16,1663,0.009411000006366521,0.1778167000011308,0.009509099996648729,0.19673680000414606
1664,least_squares_d5_I1,589,4,28,1664,0.013107599996146746,0.2221036999981152,0.007709700003033504,0.24292099999729544
1665,least_squares_d5_I1,120,5,4,1665,0.012374900004942901,0.21822309998970013,0.007788299990352243,0.23838629998499528
1666,least_squares_d5_I1,949,1,7,1666,0.012730399990687147,0.22182510000129696,0.007891500004916452,0.24244699999690056
1667,chebyshev_d3_I1,949,1,18,1667,0.00942449999274686,0.16739139999845065,0.007840499994927086,0.1846563999861246
1668,chebyshev_d3_I1,259,6,21,1668,0.009298300006776117,0.17087819999142084,0.007653699998627417,0.18783019999682438
1669,chebyshev_d3_I1,589,4,24,1669,0.00955190000240691,0.1676828000054229,0.0077529999980470166,0.18498770000587683
1670,least_squares_d5_I1,589,4,3,1670,0.012550900006317534,0.2187116999994032,0.007699200010392815,0.23896180001611356
1671,least_squares_d5_I1,603,8,8,1671,0.012379699997836724,0.2197837999992771,0.007959700000355951,0.24012319999746978
1672,chebyshev_d5_I2,633,2,27,1672,0.01256769998872187,0.2197135000023991,0.007809700007783249,0.2400908999989042
1673,least_squares_d3_I1,633,2,17,1673,0.009541499995975755,0.16810809999878984,0.007814399999915622,0.18546399999468122
1674,chebyshev_d5_I1,120,5,22,1674,0.012399799990816973,0.21942399999534246,0.007794600009219721,0.23961839999537915
1675,chebyshev_d5_I1,411,7,6,1675,0.012455199990654364,0.21701759999268688,0.007768499999656342,0.2372412999829976
1676,least_squares_d3_I1,949,1,22,1676,0.009454099999857135,0.1675773000024492,0.007790899995598011,0.18482229999790434
1677,least_squares_d5_I1,633,2,28,1677,0.012495699993451126,0.21782720000192057,0.007986199998413213,0.2383090999937849
1678,least_squares_d3_I1,586,0,4,1678,0.009892000001855195,0.16839409999374766,0.008074900004430674,0.18636100000003353
1679,chebyshev_d5_I2,259,6,2,1679,0.01250330000766553,0.2176593999902252,0.007869399996707216,0.23803209999459796
1680,least_squares_d5_I2,603,8,28,1680,0.012493800008087419,0.22114549999241717,0.008140999998431653,0.24178029999893624
1681,chebyshev_d5_I2,120,5,2,1681,0.012402699998347089,0.22024039999814704,0.00789239999721758,0.2405354999937117
1682,least_squares_d5_I2,633,2,29,1682,0.012585699994815513,0.22277350000513252,0.008014100007130764,0.2433733000070788
1683,least_squares_d5_I2,603,8,10,1683,0.012776799994753674,0.22098889999324456,0.007817100005922839,0.24158279999392107
1684,least_squares_d5_I1,633,2,12,1684,0.01242389999970328,0.2203812000079779,0.0077314000081969425,0.24053650001587812
1685,chebyshev_d3_I1,481,9,23,1685,0.009450600002310239,0.1665904999972554,0.007744200003799051,0.18378530000336468
1686,chebyshev_d5_I2,603,8,15,1686,0.012473399998270907,0.2195548999879975,0.007901100005256012,0.2399293999915244
1687,chebyshev_d5_I1,589,4,25,1687,0.012520899996161461,0.2205099999991944,0.007793099997797981,0.24082399999315385
1688,least_squares_d5_I2,603,8,23,1688,0.012556400004541501,0.21997979999287054,0.00800879999587778,0.24054499999328982
1689,least_squares_d5_I1,589,4,2,1689,0.012303800001973286,0.21845060000487138,0.00772440001310315,0.2384788000199478
1690,least_squares_d5_I1,259,6,16,1690,0.012487100000726059,0.2196875999943586,0.00783689999661874,0.2400115999917034
1691,chebyshev_d3_I1,120,5,26,1691,0.009855500000412576,0.1720255999971414,0.007786400004988536,0.1896675000025425
1692,chebyshev_d5_I2,586,0,3,1692,0.012270299994270317,0.21868439999525435,0.007818300000508316,0.23877299999003299
1693,least_squares_d5_I2,481,9,5,1693,0.01249890000326559,0.21832880000874866,0.007668199992622249,0.2384959000046365
1694,least_squares_d5_I2,589,4,22,1694,0.012514600006397814,0.2196160999883432,0.007799200000590645,0.23992989999533165
1695,chebyshev_d5_I1,411,7,5,1695,0.012465899999369867,0.21896160001051612,0.0077277000091271475,0.23915520001901314
1696,least_squares_d5_I1,120,5,24,1696,0.012542899989057332,0.22232260000600945,0.007714000006671995,0.24257950000173878
1697,chebyshev_d3_I1,589,4,22,1697,0.00945119999232702,0.16673620000074152,0.007782599990605377,0.18396999998367392
1698,chebyshev_d5_I1,481,9,8,1698,0.012463699997169897,0.217962599999737,0.00786060000245925,0.23828689999936614
1699,chebyshev_d5_I1,411,7,20,1699,0.012452499999199063,0.21720389999973122,0.007798999999067746,0.23745539999799803
1700,chebyshev_d5_I1,633,2,14,1700,0.013182799986680038,0.21972170000663027,0.007693699997616932,0.24059819999092724
1701,least_squares_d5_I2,603,8,24,1701,0.012375699996482581,0.21518529999593738,0.007745199996861629,0.2353061999892816
1702,chebyshev_d5_I2,112,3,1,1702,0.012411599993356504,0.22057910000148695,0.007863200007705018,0.24085390000254847
1703,chebyshev_d5_I1,411,7,29,1703,0.012670199997955933,0.2190089999930933,0.007863300008466467,0.2395424999995157
1704,least_squares_d5_I1,481,9,11,1704,0.01263660000404343,0.22124849999090657,0.007829200010746717,0.24171430000569671
1705,least_squares_d3_I1,411,7,7,1705,0.009430399994016625,0.16789969999808818,0.007972899999003857,0.18530299999110866
1706,chebyshev_d5_I2,586,0,2,1706,0.012585999997099862,0.22003650000260677,0.008038600004510954,0.2406611000042176
1707,least_squares_d5_I1,589,4,23,1707,0.012525300000561401,0.22117370000341907,0.007762900000670925,0.2414619000046514
1708,chebyshev_d5_I1,411,7,25,1708,0.012501199991675094,0.2202909999905387,0.007879299999331124,0.2406714999815449
1709,chebyshev_d5_I2,586,0,24,1709,0.01243149999936577,0.2187058999988949,0.007815800010575913,0.23895320000883657
1710,chebyshev_d5_I2,633,2,16,1710,0.01289810000162106,0.22064419998787344,0.008058299994445406,0.2416005999839399
1711,least_squares_d5_I1,603,8,21,1711,0.012437099998351187,0.21873849999974482,0.007995099993422627,0.23917069999151863
1712,least_squares_d3_I1,481,9,12,1712,0.009481499990215525,0.16883170000801329,0.00789039999654051,0.18620359999476932
1713,least_squares_d5_I1,411,7,5,1713,0.012638000000151806,0.21876170000177808,0.007802300009643659,0.23920200001157355
1714,chebyshev_d5_I1,112,3,20,1714,0.012606100004632026,0.2214253000129247,0.007760399996186607,0.24179180001374334
1715,least_squares_d3_I1,603,8,19,1715,0.009343999990960583,0.16930860000138637,0.007703499999479391,0.18635609999182634
1716,chebyshev_d3_I1,411,7,6,1716,0.009488999989116564,0.17116129999340046,0.007663800002774224,0.18831409998529125
1717,least_squares_d5_I2,633,2,22,1717,0.012540900002932176,0.21803170000202954,0.007716100008110516,0.23828870001307223
1718,least_squares_d3_I1,481,9,10,1718,0.009313200003816746,0.16950530000030994,0.008457000003545545,0.18727550000767224
1719,least_squares_d3_I1,120,5,24,1719,0.009552300005452707,0.17025480000302196,0.007777499995427206,0.18758460000390187
1720,least_squares_d3_I1,603,8,16,1720,0.009518900013063103,0.16918759999680333,0.00773690000642091,0.18644340001628734
1721,chebyshev_d5_I1,949,1,5,1721,0.012686200003372505,0.21949819999281317,0.007898199997725897,0.24008259999391157
1722,chebyshev_d5_I1,481,9,27,1722,0.012548900005640462,0.2197786000033375,0.007731699995929375,0.24005920000490732
1723,chebyshev_d3_I1,603,8,18,1723,0.009529599992674775,0.16819500000565313,0.007778600003803149,0.18550320000213105
1724,least_squares_d5_I1,411,7,13,1724,0.012606399992364459,0.22166319999087136,0.007913999987067655,0.24218359997030348
1725,least_squares_d5_I2,120,5,22,1725,0.012746499996865168,0.21912210001028143,0.007809699993231334,0.23967830000037793
1726,least_squares_d5_I1,586,0,5,1726,0.012607999989995733,0.2211747999972431,0.007920000003650784,0.24170279999088962
1727,least_squares_d5_I2,603,8,16,1727,0.012524699995992705,0.22059929999522865,0.007889100001193583,0.24101309999241494
1728,chebyshev_d5_I2,603,8,27,1728,0.012751600006595254,0.2246820000000298,0.007760399996186607,0.24519400000281166
1729,least_squares_d5_I1,411,7,8,1729,0.012730199989164248,0.21704200000385754,0.007732800004305318,0.2375049999973271
1730,chebyshev_d5_I1,481,9,4,1730,0.012468999993870966,0.2177945000003092,0.007827099994756281,0.23809059998893645
1731,least_squares_d5_I1,411,7,22,1731,0.012519200012320653,0.2167117000062717,0.007748299991362728,0.2369792000099551
1732,chebyshev_d3_I1,633,2,29,1732,0.009298900011344813,0.16748580000421498,0.007822900006431155,0.18460760002199095
1733,least_squares_d3_I1,481,9,4,1733,0.009279700010665692,0.17126979999011382,0.008275600004708394,0.1888251000054879
1734,chebyshev_d3_I1,481,9,10,1734,0.010543799988226965,0.16915940000035334,0.007800100007443689,0.187503299996024
1735,chebyshev_d5_I2,633,2,2,1735,0.01245290000224486,0.21687009999004658,0.007735699997283518,0.23705869998957496
1736,chebyshev_d5_I1,589,4,27,1736,0.012391800002660602,0.21708969998871908,0.007912400003988296,0.23739389999536797
1737,chebyshev_d3_I1,112,3,18,1737,0.009445399991818704,0.16807970000081696,0.007756699997116812,0.18528179998975247
1738,chebyshev_d5_I1,589,4,23,1738,0.012483099999371916,0.21884750000026543,0.007786000001942739,0.23911660000158008
1739,chebyshev_d3_I1,259,6,8,1739,0.009412400002474897,0.166145700000925,0.007786700007272884,0.18334480001067277
1740,chebyshev_d3_I1,112,3,19,1740,0.009337200011941604,0.16721819998929277,0.007715599989751354,0.18427099999098573
1741,chebyshev_d3_I1,603,8,27,1741,0.009498100000200793,0.16582509998988826,0.007686299999477342,0.1830094999895664
1742,least_squares_d3_I1,586,0,22,1742,0.009399500006111339,0.1675701000058325,0.007725200004642829,0.18469480001658667
1743,chebyshev_d3_I1,949,1,1,1743,0.009472600009758025,0.16631070000585169,0.007791900003212504,0.18357520001882222
1744,least_squares_d5_I2,603,8,25,1744,0.012422200001310557,0.2179896000016015,0.007881900004576892,0.23829370000748895
1745,chebyshev_d3_I1,589,4,9,1745,0.00948739999148529,0.16581540000333916,0.007769699994241819,0.18307249998906627
1746,least_squares_d5_I1,259,6,1,1746,0.012393400000291876,0.2172913999966113,0.007804099994245917,0.23748889999114908
1747,chebyshev_d3_I1,949,1,14,1747,0.009387099999003112,0.1662817000033101,0.007695099993725307,0.18336389999603853
1748,chebyshev_d5_I2,259,6,22,1748,0.01250340000842698,0.22000489999481943,0.007889299988164566,0.24039759999141097
1749,least_squares_d5_I2,603,8,29,1749,0.012558000002172776,0.2201744000049075,0.007776500002364628,0.24050890000944491
1750,least_squares_d5_I2,586,0,22,1750,0.012396000005537644,0.22075199999380857,0.0077603000099770725,0.24090830000932328
1751,chebyshev_d3_I1,411,7,24,1751,0.009411199993337505,0.16810859998804517,0.007762200009892695,0.18528199999127537
1752,chebyshev_d3_I1,586,0,15,1752,0.009537600009934977,0.16869420000875834,0.007894499998656102,0.18612630001734942
1753,chebyshev_d5_I1,481,9,28,1753,0.012509599997429177,0.21942690000287257,0.007921800002804957,0.2398583000031067
1754,chebyshev_d5_I1,112,3,21,1754,0.012596199987456203,0.22121300001163036,0.007997900000191294,0.24180709999927785
1755,least_squares_d5_I2,603,8,20,1755,0.012603099996340461,0.22014169998874422,0.00790430000051856,0.24064909998560324
1756,chebyshev_d3_I1,603,8,1,1756,0.009475400001974776,0.16850030000205152,0.00789259999874048,0.18586830000276677
1757,least_squares_d3_I1,481,9,11,1757,0.009551000010105781,0.16795750000164844,0.007863299993914552,0.18537180000566877
1758,least_squares_d3_I1,586,0,29,1758,0.009470800010603853,0.16868040000554174,0.007790500007104129,0.18594170002324972
1759,least_squares_d5_I1,259,6,7,1759,0.012698500009719282,0.22007689999009017,0.008060099993599579,0.24083549999340903
1760,chebyshev_d5_I1,120,5,5,1760,0.01272620000236202,0.22015249999822117,0.007797800004482269,0.24067650000506546
1761,least_squares_d3_I1,112,3,4,1761,0.009503399996901862,0.16778550000162795,0.007808700000168756,0.18509759999869857
1762,least_squares_d5_I2,633,2,20,1762,0.012664599998970516,0.2195983999990858,0.007835199998226017,0.24009819999628235
1763,chebyshev_d5_I1,586,0,25,1763,0.01233219999994617,0.21758470000349917,0.007748400006676093,0.23766530001012143
1764,least_squares_d5_I1,589,4,8,1764,0.012446499997167848,0.2220579999993788,0.007900600001448765,0.24240509999799542
1765,least_squares_d3_I1,949,1,26,1765,0.009465600000112318,0.16847689999849536,0.00790440000128001,0.18584689999988768
1766,chebyshev_d3_I1,259,6,7,1766,0.00944080000044778,0.1689075999893248,0.0078918000072008,0.1862401999969734
1767,least_squares_d5_I1,481,9,29,1767,0.012906499992823228,0.21931889999541454,0.007874000002630055,0.24009939999086782
1768,chebyshev_d3_I1,589,4,28,1768,0.009504500005277805,0.1697550999961095,0.007930000007036142,0.18718960000842344
1769,least_squares_d5_I2,411,7,12,1769,0.012456600001314655,0.21721820000675507,0.00771909998729825,0.23739389999536797
1770,least_squares_d5_I2,633,2,6,1770,0.012386799993691966,0.22004629998991732,0.007902800003648736,0.24033589998725802
1771,chebyshev_d5_I2,603,8,5,1771,0.012575599990668707,0.21926650000386871,0.007972099992912263,0.23981419998744968
1772,chebyshev_d5_I1,120,5,7,1772,0.012518300005467609,0.21945460001006722,0.0079258000041591,0.23989870001969393
1773,chebyshev_d5_I2,633,2,26,1773,0.01268490000802558,0.21888529999705497,0.0077990999998291954,0.23936930000490975
1774,chebyshev_d3_I1,112,3,8,1774,0.00932009999814909,0.16878770000766963,0.007787299997289665,0.18589510000310838
1775,chebyshev_d5_I2,949,1,15,1775,0.012344500006292947,0.2206570999987889,0.007835999989765696,0.24083759999484755
1776,least_squares_d5_I1,586,0,14,1776,0.01268020000134129,0.22114629999850877,0.007787700000335462,0.24161420000018552
1777,chebyshev_d3_I1,589,4,4,1777,0.009308699998655356,0.16628570000466425,0.007823400010238402,0.183417800013558
1778,chebyshev_d5_I2,112,3,11,1778,0.0122447000030661,0.21717329999955837,0.007852800001273863,0.23727080000389833
1779,least_squares_d5_I2,589,4,27,1779,0.01243290001002606,0.21645659999921918,0.007865999999921769,0.236755500009167
1780,least_squares_d3_I1,112,3,1,1780,0.009408600002643652,0.16719649999868125,0.00777620000008028,0.18438130000140518
1781,least_squares_d5_I1,586,0,28,1781,0.012372700002742931,0.21736789999704342,0.007790400006342679,0.23753100000612903
1782,least_squares_d3_I1,949,1,0,1782,0.009491600008914247,0.167565800002194,0.007928299994091503,0.18498570000519976
1783,chebyshev_d5_I1,586,0,14,1783,0.012472700007492676,0.21726019999186974,0.0077614000038011,0.23749430000316352
1784,least_squares_d5_I1,112,3,8,1784,0.012344399990979582,0.21868950000498444,0.007737399995676242,0.23877129999164026
1785,chebyshev_d5_I1,633,2,21,1785,0.012518999996245839,0.21718110000074375,0.007780300002195872,0.23748039999918547
1786,chebyshev_d5_I1,633,2,9,1786,0.012466200001654215,0.2187502000015229,0.007808499998645857,0.23902490000182297
1787,chebyshev_d3_I1,586,0,7,1787,0.009444499999517575,0.16621880000457168,0.007787399998051114,0.18345070000214037
1788,chebyshev_d3_I1,112,3,27,1788,0.0092815999960294,0.16769650000787806,0.007745499999145977,0.18472360000305343
1789,chebyshev_d5_I2,259,6,1,1789,0.012371599994366989,0.21545799999148585,0.007774700003210455,0.2356042999890633
1790,chebyshev_d5_I1,589,4,24,1790,0.01230839999334421,0.2161534000042593,0.00773099999059923,0.23619279998820275
1791,least_squares_d5_I1,603,8,3,1791,0.012363499990897253,0.21582640000269748,0.007652900007087737,0.23584280000068247
1792,least_squares_d5_I2,481,9,9,1792,0.012425499997334555,0.21623479999834672,0.007663500000489876,0.23632379999617115
1793,least_squares_d3_I1,481,9,24,1793,0.009311200003139675,0.16512360000342596,0.00770810000540223,0.18214290001196787
1794,least_squares_d5_I2,633,2,27,1794,0.012517900002421811,0.21970190000138246,0.007865199993830174,0.24008499999763444
1795,least_squares_d3_I1,120,5,27,1795,0.009524499997496605,0.16733189999649767,0.00776439999754075,0.18462079999153502
1796,least_squares_d5_I1,589,4,5,1796,0.01239670001086779,0.2177763999934541,0.0077957000030437484,0.23796880000736564
1797,chebyshev_d3_I1,586,0,28,1797,0.009456100000534207,0.16612710000481457,0.007734400001936592,0.18331760000728536
1798,least_squares_d3_I1,603,8,26,1798,0.009360999989439733,0.16734850000648294,0.007714099992881529,0.1844235999888042
1799,chebyshev_d5_I2,112,3,21,1799,0.012465199994039722,0.21745200001168996,0.007733300008112565,0.23765050001384225
